,id,NAME,TotalPop,DemPct,RepPct,WhitePct,MinorityPct,BlackPct,HispanicPct,PacificPct,AsianPct,NativePct,TotalVAP,Margin,Majority
0,1,1,815433,0.35875985,0.62083021,0.88241769,0.11758231,0.02349509,0.05500106,0.00183922,0.01882925,0.01592606,626897,-0.14124015,White
1,2,2,814910,0.52810118,0.44712244,0.79379352,0.20620648,0.06204856,0.05990029,0.00140732,0.06198857,0.01696729,616775,0.02810118,White
2,3,3,815157,0.7779198,0.191905,0.63647389,0.36352611,0.17533676,0.08260321,0.00157587,0.08264647,0.02660279,647263,0.2779198,White
3,4,4,814499,0.63729315,0.33698666,0.69830467,0.30169533,0.10162393,0.05979215,0.00155941,0.11923688,0.02041156,624597,0.13729315,White
4,5,5,815710,0.55889476,0.41424051,0.80635664,0.19364336,0.06007034,0.04023143,0.00113443,0.07243225,0.015482,624984,0.05889476,White
5,6,6,815560,0.32294146,0.65670762,0.89464613,0.10535387,0.03206394,0.03285038,0.00106497,0.01837328,0.0150653,610343,-0.17705854,White
6,7,7,815222,0.41480004,0.56530441,0.89027392,0.10972608,0.01835088,0.01776326,0.00112352,0.01103466,0.05493669,638171,-0.08519996,White
7,1,1,748290,0.43369217,0.55447957,0.73171413,0.26828587,0.06341196,0.14875432,0.00098829,0.04688389,0.01472785,601038,-0.06630783,White
8,2,2,748551,0.413296,0.57560246,0.61640492,0.38359508,0.10464854,0.23181271,0.00102929,0.04584892,0.01596239,590701,-0.086704,White
9,3,3,748929,0.47823807,0.50535718,0.62852582,0.37147418,0.04524472,0.1291081,0.00098979,0.19089527,0.00896526,595075,-0.02176193,White
10,4,4,748466,0.50896001,0.47884108,0.51555788,0.48444212,0.19629602,0.20768253,0.00136774,0.08015357,0.01306937,587098,0.00896001,White
11,5,5,747932,0.71155056,0.27318478,0.11707972,0.88292028,0.48942951,0.18873447,0.00494717,0.17824492,0.02786368,593066,0.21155056,Black
12,6,6,747999,0.52139218,0.45751154,0.25511244,0.74488756,0.05114715,0.17907766,0.00191543,0.51526001,0.01179367,614482,0.02139218,Asian
13,7,7,747696,0.67075607,0.30333374,0.39371586,0.60628414,0.11359684,0.35764879,0.00301194,0.14625911,0.02452985,603265,0.17075607,Minority
14,8,8,748085,0.70786939,0.27681601,0.27825572,0.72174428,0.50369591,0.15592981,0.00209845,0.08995847,0.01391827,592818,0.20786939,Black
15,9,9,748731,0.67711328,0.30390561,0.31571755,0.68428245,0.50087084,0.10940524,0.00168885,0.0842504,0.01220056,567843,0.17711328,Black
16,10,10,747585,0.78499549,0.18955827,0.4195265,0.5804735,0.10776629,0.18407291,0.00236433,0.29351701,0.0169053,597209,0.28499549,Minority
17,11,11,748462,0.37109755,0.61028205,0.55388416,0.44611584,0.0877477,0.16717661,0.00158316,0.19526881,0.01457523,590591,-0.12890245,White
18,12,12,747443,0.80766385,0.17195031,0.63343034,0.36656966,0.06764075,0.12342299,0.00392283,0.17154858,0.00933529,666610,0.30766385,White
19,13,13,747605,0.8194668,0.1619545,0.36559425,0.63440575,0.25796117,0.33473582,0.00247994,0.08622195,0.02134114,628645,0.3194668,Minority
20,14,14,748777,0.63420642,0.34630084,0.2170433,0.7829567,0.155933,0.50120371,0.00278401,0.15037507,0.03278101,594826,0.13420642,Hispanic
21,15,15,747979,0.71470379,0.27496064,0.048169,0.951831,0.36441696,0.65068214,0.00428351,0.03783588,0.03431436,561689,0.21470379,Hispanic
22,16,16,748156,0.72915267,0.2605054,0.18015243,0.81984757,0.44975496,0.35968904,0.0027943,0.05957051,0.02148127,582973,0.22915267,Black
23,17,17,748154,0.62308599,0.3713153,0.60694906,0.39305094,0.09719148,0.21224212,0.00119953,0.08019378,0.01399972,582726,0.12308599,White
24,18,18,748292,0.43699872,0.55738152,0.62740785,0.37259215,0.1232788,0.18417395,0.00147387,0.05442729,0.01698613,546858,-0.06300128,White
25,19,19,747877,0.52164724,0.47029068,0.79472795,0.20527205,0.06380099,0.07435494,0.00125814,0.04468448,0.0202221,609630,0.02164724,White
26,20,20,747817,0.50464788,0.48524362,0.76093731,0.23906269,0.08782349,0.09828774,0.00121255,0.03596581,0.01893563,606159,0.00464788,White
27,21,21,747897,0.56069734,0.42801667,0.77105457,0.22894543,0.09426176,0.04995763,0.00161981,0.05987791,0.01862528,600689,0.06069734,White
28,22,22,748920,0.37863159,0.61591841,0.87554242,0.12445758,0.03824685,0.03788677,0.00148888,0.01285893,0.02754503,597095,-0.12136841,White
29,23,23,748574,0.53603859,0.45831936,0.78428466,0.21571534,0.10296161,0.04779884,0.00122085,0.04429333,0.02011445,592211,0.03603859,White
30,24,24,747812,0.3780874,0.61364075,0.89639593,0.10360407,0.03093163,0.03011565,0.00088482,0.01392536,0.02181147,595604,-0.1219126,White
31,25,25,748690,0.39880405,0.59454433,0.89551682,0.10448318,0.03160897,0.03378435,0.00095977,0.01118453,0.02077558,598058,-0.10119595,White
32,26,26,748021,0.5933063,0.39542589,0.699974,0.300026,0.16011944,0.0808683,0.00124307,0.05029315,0.0145981,596105,0.0933063,White
33,27,27,748436,0.59933773,0.3853096,0.67623941,0.32376059,0.18975737,0.06255388,0.00106214,0.06082622,0.01600442,595023,0.09933773,White
34,1,1,847074,0.59123827,0.3684596,0.69485883,0.30514117,0.02540005,0.13747029,0.00934827,0.10354856,0.03372341,660550,0.09123827,White
35,2,2,847520,0.34555995,0.6231785,0.80270083,0.19729917,0.0111614,0.10562379,0.0054141,0.01890048,0.05151835,675274,-0.15444005,White
36,3,3,847728,0.78051544,0.1772562,0.68897897,0.31102103,0.0639938,0.11387361,0.00979836,0.09433185,0.03459871,691442,0.28051544,White
37,4,4,847601,0.55464438,0.40786785,0.81705383,0.18294617,0.01542406,0.07845326,0.00582454,0.03852745,0.04073401,687951,0.05464438,White
38,5,5,847333,0.50052439,0.46254448,0.74265335,0.25734665,0.01721147,0.14426144,0.00901081,0.04713358,0.04229252,655435,0.00052439,White
39,1,1,824571,0.75715509,0.21432135,0.57066738,0.42933262,0.1107743,0.24566066,0.00389907,0.05472805,0.03334549,666057,0.25715509,White
40,2,2,824266,0.64931286,0.32219963,0.79044765,0.20955235,0.01670765,0.11441005,0.00253598,0.04964228,0.02468176,663648,0.14931286,White
41,3,3,824974,0.46659585,0.50778266,0.71566602,0.28433398,0.01448174,0.21524766,0.00255767,0.01490163,0.04460988,652546,-0.03340415,White
42,4,4,824485,0.38496194,0.59021553,0.73091323,0.26908677,0.02169737,0.181046,0.0027398,0.03988794,0.02924563,615374,-0.11503806,White
43,5,5,824932,0.42187707,0.55084223,0.70910798,0.29089202,0.06998843,0.14540918,0.00688051,0.04417006,0.03540564,638034,-0.07812293,White
44,6,6,825084,0.5428695,0.42895753,0.51215433,0.48784567,0.08291912,0.31739031,0.00443797,0.06663464,0.03843686,614020,0.0428695,White
45,7,7,825402,0.58418895,0.387385,0.76874118,0.23125882,0.02403405,0.12898073,0.00242462,0.05011994,0.02930154,659897,0.08418895,White
