,id,TotalPop,DemPct,RepPct,WhitePct,MinorityPct,BlackPct,HispanicPct,PacificPct,AsianPct,NativePct,TotalVAP,Margin,Majority,PopDensity
0,1,733391.0,0.41406128,0.54544809,0.61476201,0.38523799,0.04271638,0.06036249,0.02018762,0.07835156,0.19085998,554003,-0.13138681000000008,White,2557.8759291532383
1,1,718010.0,0.2045242,0.78500734,0.77078221,0.22921779,0.13884584,0.0385079,0.00147804,0.01818309,0.03103161,557496,-0.5804831400000001,White,334309.79906663497
2,2,717922.0,0.53291317,0.45461668,0.44049518,0.55950482,0.486832,0.03189947,0.00132345,0.02933063,0.01478684,563677,0.07829649000000005,Black,232710.23052290652
3,3,717417.0,0.2493944,0.73626556,0.77652953,0.22347047,0.14214682,0.03901133,0.0009496,0.01759923,0.02241958,552865,-0.48687115999999997,White,507456.1646376339
4,4,717372.0,0.19285166,0.79524107,0.83062692,0.16937308,0.08612081,0.03863887,0.00098891,0.01037998,0.03270363,560213,-0.60238941,White,296398.76030072634
5,5,717515.0,0.54120642,0.44080889,0.50889318,0.49110682,0.39161781,0.05517843,0.00184613,0.02395321,0.02363183,560092,0.10039752999999996,White,2084672.1056168322
6,6,718061.0,0.18068373,0.8097667,0.78771821,0.21228179,0.11558111,0.05564285,0.0011385,0.00925705,0.03235747,556873,-0.62908297,White,366107.66031266743
7,7,717982.0,0.55649321,0.42689628,0.47390936,0.52609064,0.44528669,0.03940631,0.00101246,0.0249545,0.01856701,565950,0.12959692999999994,Minority,475298.18697421387
8,1,753544.0,0.20100012,0.77931072,0.86729837,0.13270163,0.05286275,0.0289678,0.00194184,0.00913524,0.03416265,581922,-0.5783106,White,151586.05418359247
9,2,753179.0,0.54863837,0.42773087,0.52448187,0.47551813,0.37680481,0.05590243,0.00115816,0.02268629,0.02307577,582819,0.12090750000000006,White,394701.72720354545
10,3,752286.0,0.36240413,0.61036366,0.71596476,0.28403524,0.03566838,0.1390563,0.01354426,0.04182438,0.05620312,565627,-0.24795952999999998,White,686378.5541530285
11,4,752515.0,0.26115218,0.71958885,0.75343054,0.24656946,0.13976852,0.05827412,0.00142119,0.01124582,0.03401414,581905,-0.45843666999999994,White,134016.25470080075
12,1,793623.0,0.51322787,0.47603679,0.61314953,0.38685047,0.06827421,0.23042326,0.00348737,0.05954063,0.03605795,626547,0.03719108000000004,White,7007399.56448057
13,2,795564.0,0.52249738,0.46596836,0.50828855,0.49171145,0.04908328,0.19769574,0.00522308,0.03895383,0.21439627,615729,0.056529019999999985,White,61389.13685544088
14,3,794222.0,0.54520121,0.44443181,0.33839586,0.66160414,0.08730199,0.51358324,0.0045292,0.04211128,0.03763797,572507,0.10076940000000001,Hispanic,15704660.461987725
15,4,795377.0,0.5240512,0.4618953,0.57462779,0.42537221,0.06914654,0.24063157,0.00602849,0.08353511,0.0405633,624037,0.06215590000000004,White,17991722.779720757
16,5,794913.0,0.34934128,0.64075793,0.73753464,0.26246536,0.03554712,0.15250441,0.00496329,0.04308347,0.03090715,590737,-0.29141665000000005,White,389115.3115894603
17,6,794933.0,0.52865889,0.459229,0.65462409,0.34537591,0.04803156,0.22244568,0.0044618,0.04895715,0.03213027,643910,0.06942989,White,403532.3862764181
18,7,794385.0,0.52688754,0.46303619,0.35803041,0.64196959,0.04419409,0.53940811,0.00357215,0.02244206,0.05581611,598519,0.06385135000000003,Hispanic,168750.8963373765
19,8,794716.0,0.5077296,0.4812701,0.62690349,0.37309651,0.06741392,0.22830308,0.00372621,0.04777092,0.03732232,631472,0.026459500000000025,White,17713898.120351043
20,9,793769.0,0.29628794,0.69627086,0.78504913,0.21495087,0.02364538,0.1237052,0.00380412,0.03058489,0.03421203,638518,-0.39998292,White,113634.67640470734
21,1,760069.0,0.56874352,0.3985946,0.63511145,0.36488855,0.02292648,0.24443565,0.00670254,0.05073943,0.05282883,596341,0.17014891999999993,White,284264.8472400572
22,2,760510.0,0.58171643,0.38705372,0.71860955,0.28139045,0.02751323,0.13675058,0.00586247,0.0539654,0.06199198,619193,0.19466270999999996,White,88722.3737981411
23,3,760220.0,0.53888034,0.42767861,0.61429023,0.38570977,0.06597678,0.16444687,0.01084169,0.12421618,0.03469944,597877,0.11120172999999994,White,1204781.2523329752
24,4,760406.0,0.58074892,0.3882525,0.55106571,0.44893429,0.03125778,0.26369842,0.00809552,0.12239715,0.04028067,594156,0.19249642,White,394865.6084267688
25,5,759374.0,0.36933645,0.60609095,0.56746546,0.43253454,0.02921679,0.28984787,0.00849667,0.07703168,0.0450629,585759,-0.23675450000000003,White,372676.14830637956
26,6,759270.0,0.53516708,0.43104926,0.56557938,0.43442062,0.08699893,0.1778212,0.01283988,0.13971472,0.03549211,590582,0.10411782000000003,White,12943529.429811517
27,7,760566.0,0.53269398,0.43541245,0.43883396,0.56116604,0.09921421,0.20424933,0.02022124,0.22520939,0.03727826,579292,0.09728153,Minority,163617.43323159375
28,8,760418.0,0.57323866,0.39775494,0.39392586,0.60607414,0.14808047,0.26632489,0.01662183,0.17404869,0.03556841,591030,0.17548372,Minority,1888687.8107007816
29,9,759311.0,0.53406055,0.43396322,0.30482667,0.69517333,0.09364854,0.37098543,0.0133045,0.21816558,0.03733175,560863,0.10009732999999998,Hispanic,3004684.896286046
30,10,760707.0,0.71758521,0.24959702,0.42579309,0.57420691,0.09769776,0.25685369,0.00951291,0.20269221,0.02890282,598765,0.46798818999999997,Minority,7788608.674977051
31,11,759871.0,0.81841547,0.14058104,0.44685009,0.55314991,0.06514956,0.13293645,0.00692056,0.34127543,0.01937757,664686,0.6778344300000001,Minority,61876201.96236846
32,12,759968.0,0.8461877,0.10554791,0.35225675,0.64774325,0.18111653,0.21208915,0.009324,0.24410707,0.03069398,620871,0.74063979,Minority,29323685.569137115
33,13,759939.0,0.52293652,0.44844401,0.30030887,0.69969113,0.03977549,0.55146621,0.0086201,0.09201026,0.05120461,554286,0.07449251000000001,Hispanic,578314.9953794486
34,14,759924.0,0.65870302,0.30118463,0.29061412,0.70938588,0.065605,0.20811208,0.01785538,0.41951524,0.02324217,586434,0.35751839,Asian,7327676.203179742
35,15,759290.0,0.72084993,0.2443829,0.34356301,0.65643699,0.0313412,0.20512892,0.01452035,0.4023618,0.01978818,613346,0.47646703,Asian,6339210.789207085
36,16,759868.0,0.74043615,0.2189439,0.36917823,0.63082177,0.02931583,0.16543004,0.0095837,0.4203485,0.0166836,600290,0.52149225,Asian,14851163.849567425
37,17,759365.0,0.62604508,0.33505867,0.1421165,0.8578835,0.02953,0.23353535,0.0091392,0.58877961,0.02244448,596004,0.29098641000000003,Asian,14450342.77929931
38,18,760512.0,0.71247891,0.24878078,0.45981104,0.54018896,0.03802968,0.25303123,0.00754264,0.23273071,0.02914532,606684,0.46369812999999993,Minority,6006225.481142851
39,19,759409.0,0.60697513,0.36225135,0.49320472,0.50679528,0.02639788,0.38669047,0.00737178,0.07426568,0.03920016,594972,0.24472378,Minority,614261.3624769901
40,20,760270.0,0.33117237,0.64659725,0.46473412,0.53526588,0.04489671,0.39005426,0.00454553,0.07477832,0.04276806,558571,-0.31542488,Minority,416881.9430299649
41,21,760586.0,0.53546854,0.43730682,0.22102642,0.77897358,0.06229354,0.59494401,0.00398256,0.11184848,0.04318285,537343,0.09816172000000001,Hispanic,5944703.038606699
42,22,759992.0,0.49845388,0.47417952,0.16173872,0.83826128,0.05873122,0.72643439,0.00358429,0.0442636,0.04265448,551853,0.024274359999999995,Hispanic,396927.77694159426
43,23,759359.0,0.35556624,0.61929833,0.52626543,0.47373457,0.06016531,0.31846097,0.00688446,0.06413599,0.04586536,580002,-0.26373209000000003,White,96636.95373010215
44,24,759968.0,0.59106046,0.37827846,0.48388201,0.51611799,0.02429023,0.39536811,0.00460706,0.07904141,0.03924891,596042,0.21278200000000003,Minority,681803.1692344166
45,25,759987.0,0.54629699,0.42875953,0.176117,0.823883,0.06076073,0.6246872,0.00887844,0.13876586,0.03373635,583436,0.11753745999999998,Hispanic,530962.5779810725
46,26,760824.0,0.58147492,0.39066825,0.53585878,0.46414122,0.03100418,0.31029908,0.00490336,0.10873659,0.02871225,594694,0.19080667,White,5489555.523246136
47,27,760354.0,0.53595915,0.43450358,0.22393104,0.77606896,0.14321961,0.56615904,0.00527696,0.05961436,0.04416695,558087,0.10145557000000005,Hispanic,1469809.4637244144
48,28,759425.0,0.60912986,0.35772956,0.22347966,0.77652034,0.03206587,0.30427917,0.00339445,0.43932344,0.02432471,617479,0.2514003,Asian,21521572.917120136
49,29,760082.0,0.64900774,0.31886658,0.31591421,0.68408579,0.06202472,0.49677233,0.00332371,0.12095957,0.03260073,598729,0.33014116000000004,Hispanic,27183501.935876075
50,30,760805.0,0.67646538,0.29404009,0.63850585,0.36149415,0.04959481,0.14827399,0.00342235,0.15140422,0.01633071,650431,0.38242529000000003,White,27616833.559402388
51,31,759880.0,0.54537615,0.42220869,0.23108351,0.76891649,0.01988775,0.61010013,0.00375074,0.13433115,0.03817727,588151,0.12316745999999995,Hispanic,20398346.76677186
52,32,760365.0,0.54887798,0.42057801,0.42245186,0.57754814,0.05904692,0.33361046,0.00459246,0.17676831,0.0265372,601420,0.12829996999999999,Minority,3321118.9115444105
53,33,760453.0,0.54560087,0.42521544,0.18900219,0.81099781,0.11432129,0.61098479,0.00575122,0.08108641,0.03980668,553274,0.12038543000000002,Hispanic,14927828.103928635
54,34,760747.0,0.75316502,0.20395516,0.20099008,0.79900992,0.04183878,0.63833517,0.00306673,0.11695726,0.03967588,605204,0.5492098599999999,Hispanic,41277675.26887852
55,35,759961.0,0.52348014,0.44651948,0.26353991,0.73646009,0.07556874,0.51818003,0.00555874,0.13752533,0.03688499,584845,0.07696065999999996,Hispanic,17169402.014424447
56,36,760429.0,0.68499284,0.28147874,0.55632016,0.44367984,0.05136787,0.1601483,0.00625268,0.21601118,0.01925025,629810,0.40351410000000004,White,27559743.76345887
57,37,760605.0,0.72651021,0.23377008,0.09606051,0.90393949,0.13455032,0.59414014,0.00300294,0.17580924,0.04364108,594417,0.49274013000000005,Hispanic,88269185.53780633
58,38,760086.0,0.54603808,0.4233721,0.13710551,0.86289449,0.03529739,0.48803654,0.00425276,0.33954899,0.02962374,604549,0.12266598000000001,Hispanic,14562349.487326179
59,39,759579.0,0.53721003,0.43212504,0.21052256,0.78947744,0.09442125,0.6164352,0.0064958,0.07164488,0.03906409,560054,0.10508498999999999,Hispanic,11550062.607445488
60,40,760845.0,0.42251643,0.54851641,0.39824529,0.60175471,0.07769387,0.37367799,0.00866626,0.13701591,0.03304364,568642,-0.12599997999999996,Minority,5275027.779831643
61,41,759405.0,0.54315759,0.43564628,0.41269888,0.58730112,0.06312569,0.45705937,0.00440707,0.05214403,0.03777218,583154,0.10751130999999997,Hispanic,2081814.7536960384
62,42,760838.0,0.54021158,0.42831204,0.18604722,0.81395278,0.03633579,0.53705173,0.00731646,0.23363716,0.03516394,592226,0.11189954000000002,Hispanic,33945540.226427056
63,43,759264.0,0.78864951,0.18092268,0.13099486,0.86900514,0.34114808,0.42746211,0.00604183,0.10018119,0.03456102,598825,0.60772683,Hispanic,48731432.44824507
64,44,759574.0,0.67612962,0.29311085,0.08709321,0.91290679,0.16115587,0.65377324,0.00956986,0.09592962,0.03896386,571273,0.38301877,Hispanic,31608294.922040038
65,45,759523.0,0.54034893,0.43072668,0.24376206,0.75623794,0.07387506,0.32487869,0.01098467,0.34771426,0.02705787,596832,0.10962224999999998,Asian,33225907.96334481
66,46,760674.0,0.53246411,0.43530368,0.27874754,0.72125246,0.02220485,0.53616754,0.00564698,0.15509195,0.03997011,584737,0.09716043000000002,Hispanic,11481810.99078892
67,47,760423.0,0.53654074,0.43211999,0.49325593,0.50674407,0.06739881,0.26896307,0.00919852,0.15384615,0.02755523,620100,0.10442074999999995,Minority,11260999.81662645
68,48,759962.0,0.55058327,0.41934428,0.53477376,0.46522624,0.05196081,0.26239154,0.00792564,0.12777599,0.0347614,606765,0.13123898999999994,White,1083249.0466394967
69,49,759468.0,0.52975939,0.43333379,0.50911754,0.49088246,0.02662358,0.15616315,0.00491421,0.29505557,0.01625024,605591,0.09642560000000006,White,14395005.717713434
70,50,760079.0,0.54940831,0.42086994,0.60531023,0.39468977,0.03734579,0.2167012,0.00901889,0.1178412,0.02540325,621141,0.12853837,White,4336272.663820494
71,51,760536.0,0.56398688,0.40564615,0.52277656,0.47722344,0.03276158,0.22138429,0.00861457,0.20645658,0.02429011,587029,0.15834072999999999,White,10257213.39968246
72,52,760092.0,0.54107048,0.4314065,0.45498233,0.54501767,0.09752812,0.31136034,0.01080769,0.12152435,0.030912,590968,0.10966398,Minority,9466388.83128312
73,1,722625.0,0.66083303,0.31211366,0.53365296,0.46634704,0.09702732,0.30393373,0.00399988,0.04641125,0.03488079,556266,0.34871937000000003,White,4753353.797896553
74,2,720816.0,0.5680228,0.40603815,0.77827944,0.22172056,0.01321419,0.13556552,0.0024472,0.03695169,0.03202073,574534,0.16198465000000006,White,92706.64830643286
75,3,721365.0,0.53610027,0.43595184,0.65754892,0.34245108,0.04649211,0.23807812,0.00443089,0.02506885,0.04397039,573022,0.10014843000000007,White,104024.42360325142
76,4,721308.0,0.33771997,0.63710168,0.72317421,0.27682579,0.04631869,0.16436061,0.00554921,0.03627909,0.03377974,544942,-0.29938171,White,69182.26895287688
77,5,722002.0,0.58006386,0.3934219,0.71197443,0.28802557,0.02848643,0.18342998,0.00265313,0.05181253,0.03083012,568762,0.18664196,White,1830707.6003295835
78,6,720951.0,0.55082965,0.42028836,0.60168046,0.39831954,0.12113568,0.17474189,0.00497181,0.08299407,0.02865563,546280,0.13054128999999992,White,5202465.668062896
79,7,722699.0,0.5641962,0.40736865,0.77527656,0.22472344,0.02028898,0.13124804,0.00230755,0.04197207,0.03112026,584603,0.15682755000000004,White,507998.4231694066
80,8,721948.0,0.55531418,0.41606688,0.70197642,0.29802358,0.0203451,0.20445964,0.00281913,0.045106,0.03285653,561167,0.13924730000000002,White,906833.0939534066
81,1,721508.0,0.57890022,0.40136775,0.55031295,0.44968705,0.19250042,0.19964479,0.00155646,0.05073736,0.01549485,573739,0.17753246999999994,White,8796367.848652763
82,2,720454.0,0.56898673,0.41408264,0.63288364,0.36711636,0.14892738,0.15285607,0.00214576,0.0528993,0.02228746,576019,0.15490409,White,1611914.0547159428
83,3,720911.0,0.55334001,0.43068489,0.7037294,0.2962706,0.10747639,0.14260298,0.00171871,0.03772537,0.01579282,579504,0.12265512,White,2835884.0026300484
84,4,721742.0,0.56298969,0.42113861,0.68853163,0.31146837,0.06991383,0.15699121,0.00101203,0.0645686,0.01135149,561248,0.14185107999999996,White,3756457.331797468
85,5,721329.0,0.55905546,0.42363797,0.75901174,0.24098826,0.0716205,0.09910371,0.0010385,0.05709526,0.01286639,578717,0.13541748999999997,White,1703628.4845419372
86,1,989948.0,0.56567569,0.41948412,0.62437671,0.37562329,0.22762886,0.08666531,0.001349,0.04834195,0.01994402,783543,0.14619156999999994,White,1828449.1423320894
87,1,769447.0,0.30669747,0.67855003,0.71943891,0.28056109,0.13951015,0.06546959,0.00378344,0.04174174,0.03208083,605533,-0.37185256,White,843027.5481443458
88,2,769946.0,0.54096444,0.4424246,0.58881499,0.41118501,0.26077677,0.08731897,0.00154091,0.04777153,0.01794419,623656,0.09853983999999999,White,570857.2340989013
89,3,769721.0,0.25159725,0.73759849,0.79577094,0.20422906,0.08244131,0.075045,0.00185426,0.01904849,0.02540755,626664,-0.48600124,White,297244.08812111994
90,4,769105.0,0.54180634,0.44151614,0.45534439,0.54465561,0.36119775,0.11029719,0.00288582,0.06316766,0.01906825,596017,0.10029020000000005,Minority,6144180.7650729325
91,5,769567.0,0.33134116,0.65514503,0.77958875,0.22041125,0.08236504,0.0754051,0.00215649,0.0399792,0.01872988,611643,-0.32380387,White,1142748.2916932318
92,6,768976.0,0.30382759,0.68562041,0.72866905,0.27133095,0.11755308,0.10963806,0.00208103,0.02191791,0.02265686,618444,-0.38179282,White,775961.5669776327
93,7,769521.0,0.53770575,0.44585747,0.43598347,0.56401653,0.27820024,0.22194809,0.00239342,0.0558281,0.01745959,596635,0.09184828,Minority,7700531.626527821
94,8,769124.0,0.37856023,0.60866354,0.73083074,0.26916926,0.10706267,0.11617757,0.00190019,0.02515776,0.02150234,634675,-0.23010331,White,1904373.4546288825
95,9,770050.0,0.53363692,0.45041695,0.31802717,0.68197283,0.14247947,0.49563334,0.00283711,0.05327781,0.01919548,594619,0.08321996999999998,Hispanic,3924196.8032668727
96,10,769949.0,0.53144296,0.45102217,0.50434236,0.49565764,0.12586626,0.2760648,0.0028398,0.07297392,0.01756258,610958,0.08042079000000002,White,6508432.352480584
97,11,768594.0,0.35900076,0.63019612,0.70240301,0.29759699,0.11307921,0.14474415,0.0016167,0.02280695,0.01925556,635245,-0.27119536000000005,White,1658989.4852897122
98,12,768426.0,0.37647285,0.60946927,0.69614597,0.30385403,0.07190212,0.17136935,0.00173491,0.04344005,0.01987278,609829,-0.23299641999999993,White,2934063.868374909
99,13,769029.0,0.50329219,0.48257262,0.69826216,0.30173784,0.12470082,0.12538842,0.00140455,0.03397967,0.01624584,647181,0.02071957000000002,White,10091357.211984351
100,14,769471.0,0.55042891,0.4293092,0.43618213,0.56381787,0.24372628,0.25661726,0.00239475,0.06367945,0.01845262,599644,0.12111971000000005,Minority,10209156.135689631
101,15,769322.0,0.37549692,0.61185205,0.59971276,0.40028724,0.11573526,0.24135504,0.00199648,0.03172602,0.02238154,592542,-0.23635512999999997,White,1018791.4662084781
102,16,768510.0,0.41823327,0.56858509,0.71141356,0.28858644,0.06311036,0.16603914,0.00187013,0.04285603,0.01754007,643270,-0.15035182000000002,White,12448871.528826859
103,17,769239.0,0.33532471,0.65451382,0.81978745,0.18021255,0.04079424,0.09912611,0.00118371,0.02149255,0.0145254,651342,-0.31918911,White,1838093.292811663
104,18,769194.0,0.35754826,0.63176222,0.68439835,0.31560165,0.09189817,0.18338425,0.00152115,0.02427878,0.01713503,621242,-0.27421396000000003,White,506662.743894247
105,19,768533.0,0.36308423,0.62551647,0.69460954,0.30539046,0.07629837,0.19471741,0.00108178,0.02144177,0.01355821,639686,-0.26243224,White,4348602.097775905
106,20,768690.0,0.52947381,0.45763149,0.51656854,0.48343146,0.24185561,0.19843978,0.00158691,0.03383808,0.01442371,621962,0.07184232000000007,White,2254449.263896937
107,21,769828.0,0.40395161,0.5832968,0.70635747,0.29364253,0.12125668,0.12359574,0.0018226,0.03041249,0.01781537,633161,-0.17934518999999993,White,1976792.7691758042
108,22,769458.0,0.5335472,0.45415422,0.5076453,0.4923547,0.15739084,0.26970224,0.00161745,0.04640444,0.01180084,612075,0.07939298,White,15090404.893109595
109,23,768642.0,0.61325132,0.37562336,0.3973101,0.6026899,0.35257415,0.20626271,0.00174026,0.02683678,0.0115496,626342,0.23762796000000003,Minority,22345212.087098718
110,24,768650.0,0.63966722,0.34967428,0.12728435,0.87271565,0.45100251,0.41886635,0.00129174,0.02128389,0.00870102,603837,0.28999294,Black,29314968.975819405
111,25,769557.0,0.53563083,0.45098369,0.3315771,0.6684229,0.18807251,0.41751002,0.00190355,0.06472571,0.0123168,604134,0.08464714000000001,Hispanic,3277503.5310702617
112,26,770100.0,0.30290156,0.68827858,0.17240622,0.82759378,0.04492793,0.78077469,0.00073308,0.01369783,0.00835299,632947,-0.38537701999999996,Hispanic,1310685.0942085644
113,27,768936.0,0.5021092,0.48500794,0.22218549,0.77781451,0.14398665,0.61061314,0.00115626,0.02985587,0.01225633,614050,0.017101260000000007,Hispanic,13323742.360526552
114,28,768591.0,0.34149854,0.64921288,0.16398266,0.83601734,0.04885186,0.77190967,0.00083559,0.02273497,0.00849673,631890,-0.30771434,Hispanic,1402084.8352994034
115,1,727502.0,0.59628087,0.38242165,0.31815095,0.68184905,0.02401282,0.09569419,0.28379491,0.4325984,0.03034013,568488,0.21385921999999996,Asian,492806.23751056276
116,2,727769.0,0.61616178,0.36659497,0.1613147,0.8386853,0.03120952,0.06589186,0.1755431,0.68201635,0.01852347,587417,0.24956680999999997,Asian,13319566.443681976
117,1,797209.0,0.32544438,0.65848799,0.91025835,0.08974165,0.01867904,0.04207661,0.00299502,0.01062891,0.01306622,615021,-0.33304361000000005,White,111675.2114062177
118,2,796846.0,0.52540181,0.45602287,0.82417075,0.17582925,0.07324882,0.04879796,0.00219481,0.03382173,0.01561327,616911,0.06937893999999994,White,601114.712244685
119,3,798163.0,0.51187833,0.46975616,0.80024472,0.19975528,0.05408503,0.0739565,0.00331301,0.05245738,0.01551294,606397,0.04212217000000007,White,816477.0950451725
120,4,798151.0,0.33212043,0.65067814,0.88306303,0.11693697,0.023968,0.054391,0.00232602,0.01428305,0.0190299,611774,-0.31855771,White,124404.54415855539
121,1,919821.0,0.20178301,0.77244264,0.83231808,0.16768192,0.00734642,0.10983067,0.00334733,0.01486243,0.02896544,678153,-0.57065963,White,50124.1774091465
122,2,919285.0,0.40898809,0.56181611,0.79775065,0.20224935,0.01584683,0.11058837,0.00494954,0.03191278,0.03706711,698247,-0.15282801999999995,White,150558.3317337477
123,1,753749.0,0.50147001,0.48260627,0.61162017,0.38837983,0.18368432,0.14749993,0.0056039,0.0410878,0.02047936,581024,0.018863740000000018,White,1452441.0949322795
124,2,754525.0,0.50156783,0.48172593,0.70900515,0.29099485,0.13702598,0.09627699,0.0013481,0.03635729,0.02131039,578591,0.019841900000000023,White,2304064.914417417
125,3,753856.0,0.28477514,0.69848311,0.90142472,0.09857528,0.02912856,0.03655953,0.00091236,0.01153482,0.01763072,567759,-0.41370797,White,531142.2888528192
126,4,753493.0,0.33747889,0.64452216,0.86305057,0.13694943,0.05133835,0.04043347,0.00113363,0.02033027,0.02002459,572496,-0.30704327,White,732377.7134184871
127,5,753999.0,0.56904184,0.41295708,0.63660819,0.36339181,0.18695122,0.09363765,0.00127155,0.06695108,0.01714642,564666,0.15608476000000004,White,8012694.047039917
128,6,753627.0,0.27492035,0.70834301,0.87902685,0.12097315,0.02588281,0.05852631,0.00084184,0.01134156,0.02056035,578492,-0.43342266,White,366555.08567531424
129,7,753747.0,0.56314166,0.42062483,0.6591511,0.3408489,0.20276925,0.07523519,0.00136283,0.04409102,0.0203703,582613,0.14251682999999998,White,2325439.356183386
130,8,754027.0,0.31164271,0.67161476,0.891947,0.108053,0.04634575,0.02472593,0.00149073,0.01327994,0.01838052,585620,-0.35997205,White,331031.9126465336
131,9,754505.0,0.28623518,0.69647196,0.89421281,0.10578719,0.02980985,0.03539199,0.00105966,0.01598265,0.02118118,581318,-0.41023678,White,412086.8092590354
132,1,734609.0,0.24026807,0.74142883,0.8033938,0.1966062,0.02656465,0.12652771,0.00211054,0.01323637,0.03047933,554835,-0.5011607600000001,White,43306.31907587407
133,2,734867.0,0.31130921,0.67086781,0.83279579,0.16720421,0.03309401,0.06476587,0.00198629,0.02222654,0.04424628,551278,-0.35955859999999995,White,181805.253319963
134,3,734576.0,0.54361825,0.4388497,0.70493864,0.29506136,0.09667427,0.11584368,0.00197674,0.05650374,0.02588748,558494,0.10476854999999996,White,3003422.401046505
135,4,733828.0,0.54244089,0.4389942,0.68251967,0.31748033,0.10837086,0.1256966,0.00282978,0.04919348,0.03919895,564709,0.10344668999999995,White,971980.1004080574
136,1,750436.0,0.25624639,0.73042462,0.86530155,0.13469845,0.07202929,0.02865321,0.00128747,0.01045726,0.02069648,577876,-0.47417823,White,242899.8833444133
137,2,750774.0,0.23811556,0.7489475,0.88363716,0.11636284,0.04731412,0.02988032,0.00167629,0.0147122,0.02009992,576868,-0.51083194,White,320921.89866527566
138,3,751435.0,0.51925875,0.46233748,0.71576208,0.28423792,0.15336837,0.07093164,0.00229524,0.03991614,0.02025283,588609,0.05692126999999997,White,2949814.9266113546
139,4,750595.0,0.30400797,0.67937118,0.89932267,0.10067733,0.03564049,0.02728654,0.00146747,0.01306621,0.0197142,574459,-0.37536320999999995,White,460042.6596405028
140,5,751737.0,0.19401822,0.79213512,0.93300787,0.06699213,0.02351693,0.0153334,0.00070967,0.00658419,0.0187772,583367,-0.5981169,White,258505.49936021515
141,6,750859.0,0.51818689,0.46165028,0.70969126,0.29030874,0.18157231,0.05647471,0.00245744,0.03300894,0.01912579,582721,0.05653660999999993,White,1689613.2379452907
142,1,775867.0,0.23740424,0.74713979,0.75400632,0.24599368,0.13676121,0.06197937,0.00110613,0.02167375,0.02265356,585824,-0.50973555,White,548809.181387979
143,2,776635.0,0.63952093,0.33724238,0.42011041,0.57988959,0.42235883,0.110602,0.00121183,0.04163275,0.01762551,610649,0.30227855,Black,10090125.20529893
144,3,776761.0,0.2535113,0.7322942,0.68976186,0.31023814,0.18637527,0.07319886,0.00089563,0.02438888,0.02771525,589531,-0.4787829,White,370441.14896864415
145,4,776382.0,0.16196795,0.82737311,0.77715624,0.22284376,0.13383207,0.04154614,0.00166171,0.01704948,0.02790655,589754,-0.66540516,White,191986.1910666413
146,5,776218.0,0.50934262,0.47609213,0.44091728,0.55908272,0.49217932,0.03777452,0.0011932,0.01416165,0.01777495,593363,0.033250489999999966,Black,305526.29478199716
147,6,775894.0,0.5623819,0.42059294,0.42775599,0.57224401,0.49365093,0.04945737,0.00092447,0.01993758,0.01251523,601427,0.14178895999999996,Black,620849.3420853817
148,1,781497.0,0.58807322,0.37579013,0.72347799,0.27652201,0.07605048,0.15208829,0.00177064,0.03996994,0.01715258,631975,0.21228308999999995,White,1233779.264249327
149,2,781157.0,0.58238612,0.37720987,0.71391076,0.28608924,0.06879073,0.1162725,0.001318,0.0678099,0.01466252,619880,0.20517625,White,1628103.2731197805
150,3,780230.0,0.58679641,0.3737128,0.69322437,0.30677563,0.06679892,0.08022156,0.00110172,0.12609109,0.00925473,623573,0.21308361000000003,White,5918433.100174031
151,4,781991.0,0.58395171,0.38086233,0.72459267,0.27540733,0.1171633,0.06722857,0.0012667,0.05942048,0.01147121,620510,0.20308937999999999,White,3731367.626613956
152,5,780918.0,0.60749509,0.35069217,0.74444744,0.25555256,0.06711761,0.06938435,0.00131965,0.09858423,0.01018779,638804,0.25680292,White,5654537.898687064
153,6,781210.0,0.58805918,0.37640778,0.69675348,0.30324652,0.06024491,0.20294258,0.00146789,0.04027452,0.01364843,617214,0.2116514,White,5262533.364666872
154,7,780786.0,0.71830573,0.23859726,0.47693837,0.52306163,0.21149262,0.19975547,0.00183321,0.11344272,0.01352127,651862,0.47970846999999994,Minority,37617868.55812648
155,8,781124.0,0.63922637,0.31989372,0.77719373,0.22280627,0.0362066,0.06343225,0.00104061,0.09013113,0.01031727,618865,0.31933265000000005,White,2897610.7223631702
156,9,781004.0,0.57961555,0.38522039,0.79535598,0.20464402,0.06384001,0.03513977,0.00122925,0.07451329,0.01089948,641040,0.19439515999999996,White,2669658.9558623726
157,1,771221.0,0.61195177,0.35961384,0.46202245,0.53797755,0.40345602,0.09598552,0.0014311,0.03151376,0.01810914,607925,0.25233793,Minority,829180.8035831623
158,2,772145.0,0.58492822,0.3846874,0.587022,0.412978,0.26697553,0.06953763,0.00138479,0.05903455,0.02129623,610202,0.20024081999999999,White,4396996.715277637
159,3,771828.0,0.58631421,0.37969533,0.58212329,0.41787671,0.2765113,0.05194209,0.0013324,0.07802997,0.01446417,603422,0.20661887999999995,White,3349576.7905585305
160,4,772366.0,0.67304613,0.29144032,0.48107374,0.51892626,0.19994802,0.19984742,0.00177224,0.10962409,0.02173971,596420,0.38160581000000005,Minority,4045286.237533519
161,5,772344.0,0.67476167,0.29787849,0.3657708,0.6342292,0.51749007,0.07201304,0.00205608,0.03562988,0.02241482,598711,0.37688318,Black,1915606.7384821656
162,6,771280.0,0.60071529,0.36415845,0.6227081,0.3772919,0.12194475,0.0964717,0.00152338,0.14486503,0.01514591,603265,0.23655684,White,1416563.2524813598
163,7,772570.0,0.65617641,0.31027416,0.4222597,0.5777403,0.4502057,0.06830929,0.00196528,0.04829281,0.0195944,599406,0.34590225,Black,9928421.222933147
164,8,771649.0,0.62390015,0.33608971,0.46377534,0.53622466,0.24411304,0.16561859,0.00158597,0.11956009,0.02287988,595851,0.28781044,Minority,3759990.544360226
165,1,774950.0,0.34338517,0.64229836,0.91174445,0.08825555,0.01340292,0.0149938,0.00089587,0.00770094,0.0438512,627326,-0.29891318999999994,White,88045.46031204303
166,2,774683.0,0.31576876,0.66935636,0.89606873,0.10393127,0.02582181,0.03937169,0.00093064,0.01088947,0.0201166,593142,-0.3535876,White,347673.084346644
167,3,774739.0,0.53120113,0.45207878,0.77297313,0.22702687,0.0855821,0.08518585,0.00115576,0.0318543,0.02450534,605664,0.07912235000000001,White,943127.6552733085
168,4,774532.0,0.51417201,0.47017993,0.76715783,0.23284217,0.10765692,0.06980861,0.0011127,0.02753598,0.02430055,603937,0.04399207999999999,White,1280774.7332050204
169,5,774951.0,0.54123216,0.43450754,0.76583173,0.23416827,0.08524594,0.04336829,0.00117853,0.08031887,0.02021383,615173,0.10672461999999994,White,693368.6171673746
170,6,774910.0,0.55088385,0.43234713,0.58823481,0.41176519,0.29573036,0.07738536,0.00091908,0.01866576,0.022603,601690,0.11853671999999993,White,1921551.875450925
171,7,775553.0,0.51230433,0.47095065,0.78154374,0.21845626,0.10163849,0.05243486,0.00110267,0.038502,0.02347137,612150,0.04135367999999995,White,992382.7916384175
172,8,774771.0,0.50083236,0.48457014,0.75334693,0.24665307,0.15554426,0.04562188,0.0008607,0.01676631,0.02552469,607647,0.016262219999999994,White,1569610.714208957
173,9,775767.0,0.31981272,0.66676305,0.89733222,0.10266778,0.02860044,0.02958141,0.00061904,0.01661426,0.01974714,610620,-0.34695033000000003,White,564506.0450272056
174,10,775999.0,0.54295005,0.43309147,0.60188564,0.39811436,0.29657268,0.02209659,0.0009755,0.06155606,0.016657,611995,0.10985857999999998,White,13880193.403442303
175,11,775054.0,0.54787484,0.435225,0.63559577,0.36440423,0.25450439,0.02449628,0.00086133,0.06607033,0.01561335,611848,0.11264984,White,3120685.5752262473
176,12,775397.0,0.52728326,0.42250717,0.69884258,0.30115742,0.18635457,0.05514749,0.00093963,0.03685901,0.0204815,599175,0.10477609000000004,White,12804378.210524283
177,13,776021.0,0.58038832,0.39973549,0.66541361,0.33458639,0.19125478,0.04632444,0.00077495,0.07896352,0.01550226,614233,0.18065282999999993,White,7892303.853350308
178,1,769375.0,0.52092599,0.4616904,0.72305377,0.27694623,0.18179861,0.03168054,0.00102742,0.03587993,0.02228532,613184,0.05923558999999995,White,2116785.3682748782
179,2,769169.0,0.54212155,0.44267528,0.61579181,0.38420819,0.29486594,0.0349186,0.00117312,0.03176764,0.02022488,589027,0.09944626999999995,White,3705822.7582576796
180,3,770003.0,0.52370016,0.45742946,0.79793055,0.20206945,0.08603259,0.03117871,0.00122722,0.05979906,0.01894772,606247,0.06627069999999996,White,1328553.7841147606
181,4,768875.0,0.28271404,0.70507932,0.85216382,0.14783618,0.0444606,0.04563285,0.00379877,0.01450534,0.0346086,588611,-0.42236527999999995,White,227202.44954269854
182,5,769535.0,0.61228981,0.37010064,0.61952342,0.38047658,0.2260038,0.09132311,0.00414113,0.03498128,0.02932375,595490,0.24218917000000006,White,5937906.263438845
183,6,768560.0,0.25618545,0.73219266,0.89225907,0.10774093,0.03579288,0.02874198,0.00218722,0.01006765,0.02589622,590704,-0.47600721000000007,White,118545.4676514855
184,7,769217.0,0.28076735,0.70688848,0.85038047,0.14961953,0.02626385,0.0495487,0.00448948,0.01903538,0.04573391,595838,-0.42612113,White,476497.23836453224
185,8,770179.0,0.19331485,0.79798999,0.8877506,0.1122494,0.04584157,0.01765936,0.00099244,0.009859,0.03068845,596511,-0.60467514,White,131584.94472927606
186,1,740449.0,0.24262511,0.74671534,0.72688403,0.27311597,0.20921852,0.02988055,0.00073378,0.0105411,0.02259033,566924,-0.50409023,White,261069.50047861334
187,2,739767.0,0.52704393,0.46017906,0.42319402,0.57680598,0.52613025,0.02691119,0.00071491,0.01404636,0.01215872,567905,0.06686487000000008,Black,198120.18567960575
188,3,740112.0,0.52572517,0.46326754,0.44660846,0.55339154,0.50934695,0.02297971,0.00080478,0.01155143,0.01161907,576552,0.062457629999999986,Black,241298.12793386477
189,4,740951.0,0.25224759,0.73780575,0.71621884,0.28378116,0.19782487,0.0409118,0.00163894,0.02137693,0.02237654,566218,-0.48555816,White,329815.44623386045
190,1,541754.0,0.49548894,0.47005095,0.84074669,0.15925331,0.01045493,0.04092591,0.00233136,0.01621914,0.08309802,428506,0.025437989999999966,White,54254.93927470694
191,2,542471.0,0.27812782,0.6932648,0.87114134,0.12885866,0.00702533,0.0293418,0.00229829,0.01092224,0.0724022,421617,-0.41513698,White,15457.442051733762
192,1,746463.0,0.53855861,0.45074982,0.47178373,0.52821627,0.44511546,0.05459838,0.00142826,0.01433188,0.02030138,588827,0.08780879000000003,Minority,372628.4674428483
193,2,745585.0,0.55674601,0.42213289,0.6548541,0.3451459,0.13334344,0.09002612,0.00145146,0.10496688,0.01808083,560815,0.13461312000000003,White,3215019.4724861914
194,3,745906.0,0.31184379,0.67762422,0.72020053,0.27979947,0.11931007,0.06691538,0.00263556,0.0151553,0.07866153,597217,-0.36578043,White,334791.34053509036
195,4,745844.0,0.56006994,0.42504181,0.58648575,0.41351425,0.25162285,0.10680153,0.00146879,0.03471923,0.0269245,592323,0.13502812999999997,White,740650.8415105733
196,5,746165.0,0.23182981,0.75789208,0.83006871,0.16993129,0.07440521,0.06010109,0.00079118,0.01192718,0.02300884,588991,-0.5260622699999999,White,528197.2147138045
197,6,745531.0,0.5515053,0.43134468,0.59641861,0.40358139,0.24874509,0.09785634,0.00131699,0.04215569,0.02138697,583907,0.12016062,White,3849776.899232171
198,7,745688.0,0.55648286,0.42848102,0.55746498,0.44253502,0.26782603,0.10781348,0.00413675,0.04600091,0.0305482,573880,0.12800184000000003,White,1418672.9533153614
199,8,746031.0,0.55511012,0.42633831,0.58876788,0.41123212,0.21684279,0.10600195,0.00168536,0.06300973,0.03039375,575546,0.12877181000000004,White,1282197.6534579487
200,9,744750.0,0.55154217,0.43290127,0.55633621,0.44366379,0.30134145,0.09454433,0.00124499,0.03301051,0.02223046,574302,0.11864090000000005,White,1147157.322801147
201,10,745574.0,0.28449551,0.7048957,0.79811735,0.20188265,0.09112283,0.066432,0.00096573,0.0218619,0.02196257,586088,-0.42040019,White,790173.9822303961
202,11,744828.0,0.33265544,0.65435403,0.85386371,0.14613629,0.04186442,0.05331587,0.00141164,0.01356727,0.03595565,606386,-0.32169859,White,380852.64833133423
203,12,745636.0,0.57457197,0.40413374,0.47731949,0.52268051,0.30969408,0.14097585,0.00145591,0.06013014,0.02182263,561848,0.17043823000000002,Minority,5504921.834667725
204,13,746320.0,0.55220577,0.43195537,0.53706335,0.46293665,0.29228549,0.11931683,0.00198691,0.03854229,0.0226418,577781,0.12025040000000004,White,1095780.902387849
205,14,745067.0,0.57224385,0.41057517,0.66011397,0.33988603,0.2104556,0.08399865,0.00209473,0.02576347,0.02127087,587188,0.16166868,White,2273784.4514601403
206,1,779094.0,0.3051079,0.66956852,0.84408473,0.15591527,0.03597425,0.03624099,0.0022832,0.02213077,0.05876768,596093,-0.36446062,White,35673.058462776586
207,1,653262.0,0.58766628,0.39677485,0.69217888,0.30782112,0.11421215,0.11849745,0.00198796,0.05238965,0.02607706,501015,0.19089142999999997,White,5014011.333005467
208,2,654096.0,0.39499702,0.59238679,0.84322402,0.15677598,0.02997935,0.06629833,0.00183959,0.03345229,0.02355848,479997,-0.19738977000000008,White,287649.5469175043
209,3,654146.0,0.21046719,0.77825354,0.84367874,0.15632126,0.01421892,0.10927764,0.00151076,0.01017743,0.0228048,495115,-0.56778635,White,34053.155111818356
210,1,688457.0,0.50965425,0.47592038,0.85981788,0.14018212,0.02531041,0.05144487,0.00117055,0.04132825,0.01445412,557004,0.03373387,White,2561384.992488886
211,2,689072.0,0.50356859,0.4813936,0.9168902,0.0831098,0.0136142,0.019772,0.0009988,0.01916349,0.0199636,563676,0.022174990000000006,White,285381.1435793405
212,1,773355.0,0.52282757,0.45845461,0.69670638,0.30329362,0.11798023,0.10559499,0.00176002,0.07143229,0.01472598,614764,0.06437296000000003,White,1881656.3050592495
213,2,773086.0,0.51384544,0.46937365,0.60075147,0.39924853,0.19210205,0.16605758,0.00162736,0.03566268,0.02093677,602815,0.04447179000000001,White,2182100.4370680675
214,3,773877.0,0.5382692,0.44146268,0.63380906,0.36619094,0.13997261,0.10212813,0.00143971,0.11491125,0.01307138,614013,0.09680652000000001,White,4218761.832589568
215,4,773249.0,0.32293064,0.66115017,0.83433535,0.16566465,0.03535711,0.08891295,0.00080692,0.02685151,0.01214771,591140,-0.33821953,White,3088172.4707430215
216,5,774085.0,0.49744464,0.48230482,0.6111051,0.3888949,0.05885256,0.14471686,0.00136264,0.18276417,0.00947944,609846,0.01513981999999997,White,8329184.431763247
217,6,772938.0,0.51110915,0.46099216,0.48920857,0.51079143,0.12175139,0.1944596,0.00143222,0.18866868,0.01347948,612338,0.05011699000000003,Minority,11858620.594520569
218,7,773821.0,0.52805582,0.44944508,0.65388817,0.34611183,0.13211252,0.14576169,0.00124083,0.06075961,0.01249084,606044,0.07861073999999996,White,2407289.991704173
219,8,773610.0,0.58222593,0.39060643,0.28280638,0.71719362,0.11043674,0.49917898,0.00213923,0.11531706,0.02281841,611436,0.1916195,Hispanic,42734261.213331304
220,9,773926.0,0.5131868,0.45768678,0.40597321,0.59402679,0.13831788,0.38206974,0.00155299,0.08905272,0.0185611,601419,0.05550002000000004,Minority,25158567.772647362
221,10,773708.0,0.7558899,0.2222942,0.15715102,0.84284898,0.50458946,0.23276432,0.00214192,0.10425768,0.01554971,600397,0.5335957,Black,45826680.05442538
222,11,774158.0,0.50267238,0.47670387,0.6902853,0.3097147,0.07184542,0.12169095,0.00093401,0.10668472,0.01102689,612412,0.025968510000000056,White,3049033.9870034386
223,12,773203.0,0.54797827,0.42004759,0.48102982,0.51897018,0.12315317,0.18318433,0.00135277,0.20874967,0.01317543,604686,0.12793067999999996,Minority,5911291.043342052
224,1,706028.0,0.53505769,0.44062435,0.47776208,0.52223792,0.034578,0.40666627,0.00262761,0.03527654,0.06103138,558303,0.09443334000000003,Minority,126772.6999441389
225,2,705447.0,0.49904519,0.47949698,0.34059666,0.65940334,0.02969534,0.56774733,0.00265001,0.02094325,0.06247243,537357,0.01954821000000001,Hispanic,69875.31892939602
226,3,706047.0,0.51936739,0.45766271,0.39442769,0.60557231,0.02054004,0.3582323,0.00241658,0.01890751,0.2223938,543329,0.06170468000000001,Minority,46363.4746812067
227,1,776755.0,0.49711952,0.48543864,0.42581503,0.57418497,0.11468813,0.34113974,0.01484923,0.10072598,0.0298616,588448,0.011680880000000005,Minority,1455302.9099360034
228,2,776598.0,0.41854783,0.55808277,0.66780569,0.33219431,0.02810543,0.19774725,0.00895572,0.05956087,0.04507304,611341,-0.13953493999999994,White,42608.9197561442
229,3,775576.0,0.49786584,0.48546087,0.44205737,0.55794263,0.1233713,0.21393178,0.01828948,0.20294188,0.02364337,616748,0.012404970000000015,Minority,2746494.2047423404
230,4,775685.0,0.49747651,0.48421505,0.45943541,0.54056459,0.17103365,0.26109731,0.01563031,0.08793393,0.0307814,596789,0.013261460000000003,Minority,71178.7797390816
231,1,787023.0,0.5330426,0.45720139,0.65188566,0.34811434,0.24323778,0.04386701,0.00170512,0.04292479,0.0179087,613445,0.07584121000000005,White,6090359.3548257295
232,2,785749.0,0.25014697,0.74236783,0.93036282,0.06963718,0.02012895,0.01249536,0.00077716,0.00884123,0.02251629,608626,-0.4922208599999999,White,383505.62684480357
233,3,786130.0,0.50024884,0.4906945,0.7656695,0.2343305,0.1384338,0.0446512,0.00121516,0.02949939,0.0213127,622962,0.00955434000000005,White,1223136.945588901
234,4,787296.0,0.26777764,0.72320152,0.89736852,0.10263148,0.03031968,0.04212868,0.00093623,0.00836519,0.01766495,607757,-0.45542388000000006,White,357620.8885196874
235,5,785943.0,0.27600837,0.71541279,0.91219634,0.08780366,0.03887091,0.01585431,0.00087695,0.00820244,0.01906704,606649,-0.43940442,White,503464.32023187284
236,6,787514.0,0.27029725,0.72171807,0.92639747,0.07360253,0.02648523,0.0138082,0.00063698,0.00684313,0.01966457,623253,-0.45142082,White,418136.3591806409
237,7,786041.0,0.53849952,0.45308808,0.78218143,0.21781857,0.08769534,0.07765691,0.00125778,0.0377811,0.01572862,629680,0.08541144,White,9561986.065204822
238,8,785891.0,0.26409822,0.72783438,0.88731781,0.11268219,0.04655311,0.02453057,0.00161444,0.01627897,0.02077018,602065,-0.46373616,White,759143.8989640026
239,9,786307.0,0.52759787,0.46284983,0.73242415,0.26757585,0.15406781,0.07519934,0.00088163,0.01978802,0.02060482,617040,0.06474804,White,3387050.855199249
240,10,787181.0,0.52774065,0.46222415,0.70790877,0.29209123,0.18980808,0.03283667,0.00144931,0.05010318,0.01790717,607187,0.06551650000000003,White,6256680.271481023
241,11,786724.0,0.54407257,0.44785346,0.62583298,0.37416702,0.30729218,0.03493319,0.00089331,0.01562885,0.01677144,625766,0.09621911,White,2155295.901468315
242,12,787026.0,0.5382458,0.45169623,0.70623991,0.29376009,0.16747746,0.03792457,0.0011341,0.06910887,0.01805924,590778,0.08654957000000002,White,4346061.58582901
243,13,786889.0,0.50534204,0.48548305,0.78855936,0.21144064,0.13159755,0.02316727,0.00087687,0.03212351,0.02016316,623811,0.01985899000000002,White,4696502.203255068
244,14,786743.0,0.54229238,0.45039827,0.7426558,0.2573442,0.18472966,0.02236358,0.00078085,0.03472227,0.01266396,622396,0.09189411000000003,White,1962011.775344915
245,15,786991.0,0.5343884,0.45483248,0.70629072,0.29370928,0.16646292,0.0449165,0.001399,0.06306721,0.01886011,606147,0.07955592,White,2915581.863834651
246,1,792178.0,0.56395511,0.42102922,0.50817992,0.49182008,0.19147614,0.18420511,0.00277526,0.0355526,0.09751298,606791,0.14292589,White,2883930.466460802
247,2,791222.0,0.27305983,0.70460839,0.66318285,0.33681715,0.0431885,0.06636861,0.00172212,0.0319412,0.19846046,598099,-0.43154855999999997,White,448660.2806998944
248,3,792703.0,0.21034539,0.7726406,0.71448496,0.28551504,0.05867546,0.10468311,0.00598647,0.0154606,0.10889235,598683,-0.56229521,White,80041.91704719161
249,4,791123.0,0.21472247,0.76920618,0.68602695,0.31397305,0.05290619,0.04738183,0.00180296,0.00977691,0.20866379,606224,-0.55448371,White,137163.02171032323
250,5,792127.0,0.38555589,0.58963397,0.69097905,0.30902095,0.08269415,0.08779483,0.00266267,0.05237968,0.08925597,600901,-0.20407807999999994,White,2680660.294780724
251,1,705873.0,0.55248653,0.41124215,0.80332577,0.19667423,0.02915739,0.07166952,0.0062865,0.04156104,0.04454434,584586,0.14124438000000006,White,194883.33353001787
252,2,705641.0,0.55109547,0.41160226,0.80152594,0.19847406,0.02100324,0.08069293,0.00566625,0.04640258,0.04156369,566865,0.13949321000000003,White,76088.66078519612
253,3,706531.0,0.55319973,0.40867772,0.68127587,0.31872413,0.0483559,0.1477919,0.00965491,0.0773369,0.04129865,553190,0.14452200999999998,White,65125.784309789604
254,4,706847.0,0.55295025,0.410303,0.79729057,0.20270943,0.01797409,0.09031262,0.00654553,0.04254419,0.04180086,574438,0.14264725,White,244030.66815946784
255,5,706145.0,0.55195594,0.4108762,0.71377832,0.28622168,0.02023552,0.1463654,0.00846296,0.07917722,0.03496178,545081,0.14107974,White,651814.6832224071
256,6,706219.0,0.55591983,0.40371546,0.69235963,0.30764037,0.0245182,0.16164555,0.01082907,0.07832869,0.03882033,546492,0.15220436999999998,White,1369605.9246915546
257,1,764966.0,0.54278765,0.44704583,0.70622479,0.29377521,0.08441699,0.16135631,0.0012438,0.04476868,0.01366864,606205,0.09574181999999998,White,5133963.243700234
258,2,765169.0,0.63624726,0.35282199,0.56971361,0.43028639,0.14653239,0.18534693,0.00188772,0.098743,0.01374658,610261,0.28342527,White,21277199.591128588
259,3,764681.0,0.63887123,0.35010279,0.52027535,0.47972465,0.28319857,0.08909586,0.0016642,0.09988994,0.01151677,603294,0.28876844,White,10033363.698033223
260,4,765026.0,0.55738527,0.43193187,0.77861073,0.22138927,0.07575996,0.05551536,0.00107117,0.07803143,0.00958589,604013,0.12545340000000005,White,2715021.559316375
261,5,764854.0,0.55094139,0.43881239,0.59131602,0.40868398,0.31469606,0.05330485,0.00116859,0.03118597,0.01520177,593023,0.11212899999999998,White,2206368.8071905156
262,6,764528.0,0.5541161,0.43529365,0.72878534,0.27121466,0.15328825,0.04910597,0.00097786,0.05803356,0.01119121,591089,0.11882245000000002,White,3925312.450841486
263,7,764655.0,0.56546356,0.42389994,0.70452328,0.29547672,0.18746176,0.04597532,0.00077229,0.05107377,0.01142561,604694,0.14156362,White,2976840.5487505244
264,8,764588.0,0.50099481,0.48933352,0.79268583,0.20731417,0.07573066,0.07991597,0.00150164,0.04143232,0.01318228,622654,0.01166128999999999,White,1370576.4767514656
265,9,764750.0,0.55452552,0.43492498,0.70763031,0.29236969,0.10828096,0.13909438,0.00159517,0.04155389,0.0157115,603698,0.11960053999999998,White,3353790.978097477
266,10,765598.0,0.52510685,0.4633224,0.69359057,0.30640943,0.12944877,0.11645355,0.00130519,0.05608813,0.01442543,599913,0.06178444999999999,White,5529538.84923385
267,11,764568.0,0.27297577,0.71855216,0.89628836,0.10371164,0.02679438,0.05485701,0.00093268,0.00877903,0.01228768,607926,-0.44557639,White,471764.20253103843
268,12,765316.0,0.53684351,0.45289918,0.79961483,0.20038517,0.11961698,0.02330928,0.00081587,0.04142765,0.01198668,632452,0.08394432999999996,White,3235761.478634499
269,13,765359.0,0.28631092,0.70507895,0.91936626,0.08063374,0.02663648,0.02056535,0.00078941,0.00888534,0.01661667,614383,-0.41876802999999996,White,198776.87583582907
270,14,764620.0,0.27675196,0.71482008,0.91533494,0.08466506,0.02633633,0.02866655,0.00070395,0.00848981,0.01503723,613677,-0.43806811999999995,White,424413.93286324997
271,15,764566.0,0.26397054,0.72783005,0.93886243,0.06113757,0.01866147,0.0129386,0.00059553,0.00656532,0.01362934,619619,-0.46385951000000003,White,351173.95151668956
272,16,765189.0,0.5024378,0.48821397,0.84371376,0.15628624,0.08226548,0.02485538,0.00084347,0.02921359,0.01349882,610572,0.014223830000000048,White,1938167.779901046
273,17,764267.0,0.51609943,0.47539438,0.82081889,0.17918111,0.10522745,0.02030272,0.00098202,0.0366384,0.01243355,616075,0.04070505000000002,White,4070411.511732118
274,1,549309.0,0.55559122,0.41830394,0.75648115,0.24351885,0.07611535,0.10802738,0.00175269,0.03808124,0.01592235,445600,0.13728728000000007,White,3760172.938839223
275,2,548070.0,0.5552655,0.41696926,0.69083969,0.30916031,0.08246492,0.17613588,0.0019774,0.04519745,0.02161115,441994,0.13829623999999996,White,3453682.2557682735
276,1,886667.0,0.34193813,0.63474988,0.83089555,0.16910445,0.02234724,0.03564411,0.00154351,0.01853703,0.09057534,669255,-0.29281175,White,39270.33693063869
277,1,768013.0,0.24037003,0.74807982,0.88797346,0.11202654,0.02753279,0.03928258,0.0007972,0.01543971,0.02530225,614649,-0.5077097899999999,White,660000.1347764668
278,2,767932.0,0.1987521,0.79203879,0.91045478,0.08954522,0.024474,0.02759018,0.00112228,0.00888653,0.02438881,610362,-0.59328669,White,533097.0693331172
279,3,767651.0,0.51630383,0.46824792,0.49664752,0.50335248,0.40151668,0.06071081,0.00113877,0.02519735,0.01894252,595380,0.048055910000000035,Minority,839133.0297012337
280,4,768489.0,0.22325745,0.76608508,0.84139591,0.15860409,0.0663593,0.04837544,0.00104816,0.01415521,0.0277341,593421,-0.54282763,White,419692.8548370437
281,5,767244.0,0.49816822,0.4835978,0.63269387,0.36730613,0.18399417,0.12006381,0.00166874,0.04238058,0.02494244,598057,0.014570419999999973,White,2236466.398932718
282,6,767099.0,0.2550442,0.73384163,0.84246406,0.15753594,0.06317454,0.05003852,0.0012097,0.01709626,0.02453859,591884,-0.47879743,White,509506.3463297392
283,7,768296.0,0.53521888,0.44615172,0.65761159,0.34238841,0.20519218,0.07391173,0.00277152,0.04328249,0.02090488,603639,0.08906715999999998,White,3494865.797017184
284,8,768870.0,0.23254737,0.75635099,0.84500113,0.15499887,0.08384182,0.03050749,0.00111127,0.01514618,0.02151567,590314,-0.5238036199999999,White,258665.49622104672
285,9,767246.0,0.51552507,0.46802472,0.49252429,0.50747571,0.39820917,0.06106683,0.00123899,0.03330283,0.01725728,586767,0.047500350000000024,Minority,1550841.2085621888
286,1,767108.0,0.20931976,0.78231644,0.69715906,0.30284094,0.13247263,0.12796063,0.00106724,0.01790354,0.0258603,588431,-0.57299668,White,289159.82460809906
287,2,766766.0,0.49151054,0.48968636,0.29414845,0.70585155,0.21206999,0.36873414,0.00205886,0.1189207,0.02830224,561475,0.0018241800000000086,Hispanic,10923965.78535502
288,3,766777.0,0.50499816,0.45990582,0.49379049,0.50620951,0.15478677,0.20051702,0.00183992,0.1333131,0.02592597,586439,0.04509233999999995,Minority,13261547.97242326
289,4,766571.0,0.52619484,0.44657642,0.35492344,0.64507656,0.12089227,0.37985014,0.00193749,0.13113352,0.0275123,583230,0.07961842000000008,Hispanic,13412300.834956132
290,5,767017.0,0.56837199,0.41869017,0.32513623,0.67486377,0.38787344,0.25955821,0.00150469,0.01508944,0.02587597,563573,0.14968182000000008,Black,1682215.0308749797
291,6,767311.0,0.55085167,0.43278465,0.37474278,0.62525722,0.21001685,0.33730507,0.00428796,0.06323101,0.02550008,579763,0.11806702000000002,Minority,12492738.20415441
292,7,767681.0,0.51792281,0.46008261,0.31880837,0.68119163,0.14648623,0.38888233,0.00172043,0.13893441,0.02187424,576020,0.05784019999999995,Hispanic,1635301.2180420414
293,8,767354.0,0.50382706,0.47809136,0.259639,0.740361,0.15934233,0.49523484,0.00140365,0.07950997,0.02888802,552132,0.025735699999999972,Hispanic,5661761.786034381
294,9,766754.0,0.53603895,0.44657919,0.30713788,0.69286212,0.27168653,0.2800149,0.0015002,0.13399173,0.02231849,569259,0.08945976,Minority,2743495.9583793497
295,10,767804.0,0.54049643,0.43911023,0.5144397,0.4855603,0.11484972,0.26239,0.00251696,0.09389999,0.02531911,601917,0.10138620000000004,White,1074990.6121969046
296,11,766380.0,0.19842544,0.79234537,0.44655513,0.55344487,0.04931879,0.47255129,0.00196997,0.01608396,0.02541016,561429,-0.59391993,Hispanic,76801.61740499486
297,12,766107.0,0.1835002,0.8076056,0.73092824,0.26907176,0.04004566,0.18798234,0.00203742,0.01355422,0.02940652,606158,-0.6241054,White,95475.07601698294
298,13,766616.0,0.19978536,0.79090742,0.65952095,0.34047905,0.06477906,0.2178099,0.00164359,0.02425497,0.03819453,581654,-0.59112206,White,106253.44488281368
299,14,766607.0,0.50898177,0.4782256,0.38476973,0.61523027,0.32131962,0.22482103,0.00177821,0.05812399,0.02166045,587107,0.030756170000000027,Minority,3310777.018122488
300,15,766728.0,0.48388513,0.50669519,0.07622727,0.92377273,0.00807082,0.8999881,0.00043153,0.0145643,0.01510558,537616,-0.022810059999999965,Hispanic,2340241.0140420618
301,16,766466.0,0.5676865,0.41756766,0.13893816,0.86106184,0.04445986,0.79351843,0.00338827,0.02300142,0.02407434,572269,0.15011883999999998,Hispanic,3962720.0590256
302,17,767149.0,0.54044143,0.43804236,0.55882101,0.44117899,0.12737306,0.18324868,0.00690201,0.11145733,0.02699043,571573,0.10239906999999998,White,3523147.5223071277
303,18,766980.0,0.51926882,0.4690887,0.31394188,0.68605812,0.30318915,0.33616465,0.00371477,0.03693235,0.02641636,561811,0.05018011999999994,Hispanic,5255060.589216916
304,19,765998.0,0.24112476,0.7492423,0.6630243,0.3369757,0.05901284,0.22370287,0.00176603,0.02633442,0.03139247,583229,-0.50811754,White,184550.0162216777
305,20,767626.0,0.51331594,0.47493798,0.22706412,0.77293588,0.06400935,0.69038309,0.0020284,0.01358359,0.02790995,580259,0.038377960000000044,Hispanic,824157.3362695803
306,21,767272.0,0.52127676,0.46267088,0.40017809,0.59982191,0.11383501,0.41446407,0.00446067,0.06478113,0.02897748,591839,0.05860588,Hispanic,11807591.812715627
307,22,767423.0,0.22316927,0.76638565,0.71441139,0.28558861,0.10622702,0.12590068,0.00162291,0.01796779,0.03624495,578591,-0.54321638,White,283219.240231899
308,23,767038.0,0.49650425,0.49048619,0.26338431,0.73661569,0.06767804,0.62675947,0.00342845,0.03747219,0.02836949,569062,0.006018059999999992,Hispanic,82049.70195081738
309,24,766312.0,0.51422391,0.46017276,0.49610469,0.50389531,0.13067273,0.23994113,0.00164948,0.11751072,0.02394201,591095,0.05405114999999999,Minority,16359062.100193204
310,25,767928.0,0.35594707,0.63034184,0.66338194,0.33661806,0.06867988,0.15710862,0.00297421,0.0839454,0.02936002,567881,-0.27439477000000007,White,5932540.4146371
311,26,766362.0,0.49780987,0.47971599,0.46563841,0.53436159,0.14652692,0.19125887,0.00223634,0.17832972,0.02633678,576836,0.018093880000000007,Minority,8725023.632451406
312,27,767415.0,0.25230643,0.73599565,0.60694461,0.39305539,0.08361479,0.24569886,0.00137995,0.04424818,0.02434409,579730,-0.48368922,White,214890.81908329335
313,28,767014.0,0.45208334,0.54030236,0.09006315,0.90993685,0.00974946,0.88955347,0.00078497,0.00620236,0.01603842,542697,-0.08821901999999998,Hispanic,163126.58736820822
314,29,766745.0,0.51936162,0.46531021,0.19953945,0.80046055,0.1280558,0.62218083,0.0013634,0.04637169,0.02870296,558897,0.054051409999999966,Hispanic,10237499.86477694
315,30,767650.0,0.27570681,0.71229093,0.67504937,0.32495063,0.09173988,0.18235961,0.00486832,0.02225297,0.03132615,580282,-0.43658411999999996,White,389168.4229244995
316,31,767209.0,0.23440274,0.75615863,0.67572534,0.32427466,0.08224381,0.18387557,0.00245218,0.03107689,0.02748938,583971,-0.5217558900000001,White,414347.29913984734
317,32,766749.0,0.51930199,0.46461752,0.28193511,0.71806489,0.2117517,0.45326535,0.00157785,0.04206083,0.03414264,552652,0.054684469999999985,Hispanic,8258835.025287067
318,33,767114.0,0.55137459,0.43309046,0.36417995,0.63582005,0.26815355,0.28029702,0.00218952,0.07481968,0.02906342,563595,0.11828412999999999,Minority,10306953.214288957
319,34,766509.0,0.46930383,0.52118011,0.18331126,0.81668874,0.0268815,0.7656825,0.00128908,0.01913287,0.01822927,565519,-0.05187628,Hispanic,709411.6842339981
320,35,767692.0,0.5433274,0.43814419,0.41105223,0.58894777,0.10828745,0.42964868,0.00263574,0.03864669,0.03242895,581240,0.10518321000000003,Hispanic,1407224.6047168602
321,36,767760.0,0.22387784,0.76819823,0.64036484,0.35963516,0.07732436,0.23729378,0.00146324,0.01829911,0.03048869,576804,-0.54432039,White,375331.28897726024
322,37,766433.0,0.52206457,0.45994114,0.61391383,0.38608617,0.04308179,0.26424632,0.00626775,0.0585935,0.02692779,599418,0.062123429999999924,White,2023965.3811621116
323,38,767067.0,0.52762176,0.44458023,0.39551791,0.60448209,0.18101348,0.23267696,0.00153849,0.18374119,0.01910062,601237,0.08304153000000003,Minority,19759625.342533734
324,1,818176.0,0.242809,0.73245777,0.84207524,0.15792476,0.00876495,0.09086509,0.00736464,0.01720835,0.03525171,578440,-0.48964877,White,38543.815335536594
325,2,817970.0,0.28270855,0.68591714,0.80812478,0.19187522,0.0118665,0.11885847,0.01670107,0.02996009,0.01874513,547929,-0.40320859000000003,White,627890.5945579413
326,3,818069.0,0.50589795,0.4667689,0.70356765,0.29643235,0.02056224,0.18485047,0.02125665,0.0526292,0.02259179,596190,0.039129050000000054,White,4896885.006923698
327,4,817401.0,0.50837949,0.46038399,0.74590352,0.25409648,0.02668032,0.14749656,0.01398689,0.0474387,0.02434446,601492,0.047995500000000024,White,2940340.9206783897
328,1,784669.0,0.56620508,0.41343365,0.67403516,0.32596484,0.17523929,0.06300421,0.00162381,0.07163333,0.01690636,619530,0.15277143000000004,White,3389265.2493101405
329,2,785611.0,0.55388346,0.42883194,0.54979691,0.45020309,0.2844674,0.0799533,0.00439573,0.07353888,0.02264019,616735,0.12505151999999997,White,2268628.1279833172
330,3,784051.0,0.57550722,0.40828621,0.48330353,0.51669647,0.41013689,0.05563683,0.00335968,0.03903733,0.02269589,608392,0.16722101,Minority,1621439.1969609081
331,4,784957.0,0.55432017,0.43278339,0.45607269,0.54392731,0.45155034,0.0648796,0.00150265,0.01693082,0.01840146,624896,0.12153678000000001,Minority,402438.40350939945
332,5,784614.0,0.5315836,0.43956246,0.53378857,0.46621143,0.12990169,0.18498505,0.0022875,0.13878336,0.02117506,588853,0.09202114000000006,White,1433932.448029938
333,6,785088.0,0.51997524,0.46083128,0.73852472,0.26147528,0.13582569,0.05709168,0.00128068,0.05095767,0.01769475,634821,0.05914395999999994,White,888322.7444820156
334,7,784230.0,0.55757244,0.42040155,0.63958376,0.36041624,0.16376775,0.10375597,0.0024936,0.0760863,0.02183072,616379,0.13717088999999993,White,827459.0425918159
335,8,783810.0,0.54982127,0.42647171,0.53760463,0.46239537,0.21981112,0.14714914,0.00275762,0.08374215,0.02235409,603782,0.12334956000000002,White,1459413.3596075615
336,9,784162.0,0.22898532,0.76092138,0.8858744,0.1141256,0.06456634,0.01946959,0.00088841,0.00865141,0.01818493,635966,-0.53193606,White,247259.14304768472
337,10,785557.0,0.5409701,0.42690832,0.61349987,0.38650013,0.07496936,0.1189677,0.00183937,0.17817198,0.01624921,586613,0.11406178,White,1701333.357321423
338,11,784644.0,0.53626579,0.43517521,0.61736665,0.38263335,0.07237226,0.11728702,0.00173046,0.17973294,0.01682354,609087,0.10109057999999999,White,691415.5974632951
339,1,643077.0,0.63234241,0.32019255,0.90402721,0.09597279,0.01723224,0.02118853,0.00098764,0.02224099,0.0243669,524482,0.31214986,White,229828.51286648394
340,1,769921.0,0.54931464,0.41128245,0.69326816,0.30673184,0.03952688,0.09337117,0.01039552,0.1291832,0.03540638,594102,0.13803218999999994,White,1073758.5471486978
341,2,770577.0,0.53408582,0.42818767,0.78684782,0.21315218,0.02220284,0.08372243,0.00837649,0.04280682,0.05335378,612309,0.10589815000000002,White,153706.95809705477
342,3,771119.0,0.50199669,0.46411417,0.68566851,0.31433149,0.02614065,0.18507045,0.01121592,0.05075648,0.04715265,581049,0.03788252000000003,White,369500.12509619154
343,4,770461.0,0.54803131,0.41389211,0.62729314,0.37270686,0.07243079,0.13304283,0.00918177,0.13316656,0.03152669,598033,0.13413920000000007,White,444367.1127926954
344,5,770792.0,0.53928694,0.42267735,0.58817772,0.41182228,0.03225337,0.18006069,0.00610826,0.17262477,0.02614003,590512,0.11660958999999999,White,180908.21620790928
345,6,770086.0,0.55996089,0.40362823,0.77756607,0.22243393,0.03719147,0.06881364,0.01166841,0.05676862,0.04945193,626649,0.15633266000000007,White,274955.53617012926
346,7,770779.0,0.82917017,0.13231508,0.64489276,0.35510724,0.05865764,0.0813448,0.007688,0.18597443,0.02460992,647503,0.69685509,White,16012437.517827388
347,8,769820.0,0.53284986,0.42829342,0.71945002,0.28054998,0.02053615,0.08919055,0.00517302,0.13453246,0.02682446,589984,0.10455644000000003,White,245594.7844950931
348,9,771336.0,0.55328386,0.41029941,0.55460801,0.44539199,0.10206928,0.13305935,0.02764634,0.15969901,0.03630139,590060,0.14298444999999999,White,7051061.457855138
349,10,770390.0,0.54468316,0.4170974,0.6516801,0.3483199,0.08954092,0.1069559,0.02539833,0.09800871,0.04203954,594488,0.12758576000000005,White,743865.891162243
350,1,736423.0,0.54741775,0.43232202,0.65640441,0.34359559,0.09360791,0.19596126,0.0012775,0.03833566,0.0252562,568296,0.11509573000000006,White,7819504.230621231
351,2,736326.0,0.54718632,0.43660405,0.85215914,0.14784086,0.03442316,0.06128803,0.00091358,0.03221635,0.01568345,576850,0.11058226999999998,White,435261.6197966868
352,3,736909.0,0.54356092,0.44048345,0.87645494,0.12354506,0.02180686,0.03351757,0.00109051,0.04704298,0.01569965,589631,0.10307747,White,408306.79995348747
353,4,735895.0,0.54329131,0.4397703,0.63186504,0.36813496,0.26589577,0.04457481,0.00108104,0.04552432,0.01324812,555022,0.10352100999999997,White,3974097.873668552
354,5,737245.0,0.54323992,0.44087365,0.84886917,0.15113083,0.04022797,0.0548579,0.0012773,0.03416601,0.01797416,576216,0.10236626999999998,White,1139347.0610937867
355,6,737017.0,0.31227873,0.6744318,0.92594238,0.07405762,0.00753971,0.02429654,0.0006912,0.00784672,0.02842314,583046,-0.36215307,White,156789.67789878955
356,7,736843.0,0.37532493,0.60573737,0.91627164,0.08372836,0.01266293,0.02258263,0.00111742,0.01027887,0.03082967,576328,-0.23041244000000005,White,109173.40262994656
357,8,737060.0,0.50859818,0.47467728,0.82647965,0.17352035,0.04762051,0.05802754,0.00122165,0.03932283,0.02563251,586911,0.03392090000000003,White,1345141.5713157323
358,1,897508.0,0.32971237,0.64958411,0.90090465,0.09909535,0.04312889,0.01430743,0.00085972,0.01457643,0.02014244,721164,-0.31987174000000007,White,558825.1877537774
359,2,896208.0,0.2329087,0.74967676,0.90386193,0.09613807,0.04475756,0.0184962,0.00076148,0.00805459,0.02040131,711768,-0.5167680600000001,White,183355.13230188077
360,1,576851.0,0.25841857,0.71598005,0.83845451,0.16154549,0.01343191,0.08644868,0.00228623,0.01477329,0.04176627,441337,-0.45756147999999996,White,20623.296216961222
361,1,,0.52126939,0.45847973,0.91624535,0.08375465,0.02092822,0.01595958,0.00103006,0.0164519,0.02058305,550453,0.06278966000000008,White,
362,2,,0.52668936,0.45089828,0.916949,0.083051,0.01865512,0.01585149,0.00103818,0.01600159,0.02407832,559632,0.07579108000000001,White,
363,1,730310.0,0.48934591,0.49499668,0.65509673,0.34490327,0.22552781,0.07765398,0.00182719,0.0251239,0.0167693,582314,-0.005650770000000027,White,1021526.7624808624
364,2,731120.0,0.58388825,0.39871055,0.50427655,0.49572345,0.38956637,0.06467204,0.00192154,0.0295319,0.01802179,575581,0.1851777,White,1264922.3972306326
365,3,730753.0,0.31044102,0.67661469,0.70940825,0.29059175,0.19832339,0.05418228,0.0011865,0.01747133,0.02133054,567215,-0.36617366999999995,White,493697.5435229902
366,4,730703.0,0.29852206,0.6872412,0.75742946,0.24257054,0.13556256,0.06200354,0.00119298,0.02186374,0.02181652,571677,-0.38871914,White,1099981.7738472403
367,5,731887.0,0.3202775,0.66651489,0.74055208,0.25944792,0.15339811,0.05793333,0.00093036,0.02617114,0.02150511,561076,-0.34623739,White,799371.1233382312
368,6,731834.0,0.52900122,0.45723758,0.44308749,0.55691251,0.49617735,0.03221874,0.00138118,0.01516156,0.01782102,573424,0.07176364000000007,Black,300347.7645053155
369,7,731818.0,0.34150613,0.64633921,0.73267452,0.26732548,0.16894301,0.05405257,0.00172676,0.01957738,0.02183743,583173,-0.30483308000000003,White,692291.0146074683
370,1,712445.0,0.53616636,0.44013704,0.79277816,0.20722184,0.06277587,0.07577628,0.00169022,0.04516029,0.02001921,546675,0.09602931999999997,White,383271.4986753391
371,2,713035.0,0.5289861,0.44638497,0.80527556,0.19472444,0.0609817,0.05745781,0.00137469,0.05552333,0.01599517,544852,0.08260113000000002,White,779326.4325516704
372,3,714144.0,0.54935553,0.4259098,0.77053337,0.22946663,0.09559427,0.04151964,0.0011225,0.07334426,0.01526122,539865,0.12344573000000003,White,2252485.2474679668
373,4,713072.0,0.54593932,0.43036451,0.72077114,0.27922886,0.08125332,0.04681066,0.0014601,0.10207567,0.0474286,548593,0.11557481000000003,White,132525.28303172035
374,5,713891.0,0.54629816,0.42444166,0.71311846,0.28688154,0.13825172,0.05758257,0.0013823,0.06535348,0.02554179,552702,0.12185649999999998,White,3487188.816302548
375,6,713369.0,0.54054771,0.43469094,0.83511227,0.16488773,0.0444605,0.05267111,0.00135249,0.04662194,0.01778095,553795,0.10585676999999999,White,192121.87506166563
376,7,712950.0,0.28705893,0.69430654,0.92250832,0.07749168,0.01159048,0.0329699,0.00141549,0.00817492,0.01794364,543981,-0.40724761000000004,White,81612.15836852489
377,8,713585.0,0.54800267,0.42916976,0.83617185,0.16382815,0.04962699,0.03403531,0.00130334,0.04405917,0.02990689,558567,0.11883291000000001,White,167405.6359213821
378,1,753672.0,0.60303391,0.37698313,0.43260707,0.56739293,0.47085472,0.08151673,0.00031628,0.01086332,0.00619352,537497,0.22605077999999995,Black,1404830.6675203005
379,2,753734.0,0.6009219,0.38101429,0.42423532,0.57576468,0.47478236,0.08746391,0.00026564,0.00806635,0.00607312,545848,0.21990761000000003,Black,486017.58189653495
380,3,753717.0,0.60779544,0.36611416,0.48970649,0.51029351,0.06397685,0.37281935,0.00024597,0.06798677,0.00409467,483800,0.24168127999999994,Minority,23454407.791026205
381,4,753658.0,0.58397364,0.3858948,0.32447058,0.67552942,0.06901389,0.55100193,0.00017702,0.05217271,0.00318405,446287,0.19807883999999998,Hispanic,29023364.740024526
382,5,753634.0,0.60857312,0.36967184,0.73194044,0.26805956,0.04963565,0.12305474,9.269e-05,0.08943352,0.00522939,539451,0.23890128,White,2081326.42413936
383,6,753707.0,0.53277405,0.4332562,0.74706243,0.25293757,0.08464942,0.10755937,0.00019993,0.05466838,0.00535788,545178,0.09951785000000002,White,10157684.573680045
384,7,753657.0,0.83346298,0.14686304,0.35779845,0.64220155,0.46185309,0.09711444,0.00033202,0.07695428,0.0049678,557188,0.68659994,Black,40809384.21199836
385,8,753747.0,0.56412104,0.41063638,0.76978666,0.23021334,0.02989376,0.10715529,0.00027012,0.08896604,0.00405939,525695,0.15348465999999994,White,5412455.528718005
386,9,753670.0,0.57307845,0.40246291,0.6905116,0.3094884,0.07058517,0.11550595,0.00063055,0.11496087,0.00595221,526527,0.17061554,White,1018814.8318723378
387,10,753588.0,0.56595768,0.41191255,0.71005178,0.28994822,0.09207713,0.14914454,0.00039557,0.03814791,0.008047,530881,0.15404513000000003,White,1132405.021469845
388,11,753608.0,0.53724024,0.43512417,0.69959671,0.30040329,0.06321313,0.16615152,0.00029698,0.06531847,0.00593959,528656,0.10211607000000006,White,2579069.5092824656
389,12,753731.0,0.26140783,0.71925591,0.90771098,0.09228902,0.04941606,0.01914406,0.00021068,0.00793669,0.01471119,579083,-0.45784808,White,190812.8741407058
390,13,753634.0,0.56144203,0.41071381,0.70849715,0.29150285,0.20805825,0.03923224,0.00029729,0.03201275,0.01267809,568461,0.15072822000000002,White,1875898.2408440486
391,14,753627.0,0.53532969,0.4355207,0.65547745,0.34452255,0.10946346,0.14621347,0.00015199,0.08401414,0.00394612,526340,0.09980898999999999,White,2285760.258761253
392,15,753640.0,0.28153073,0.69679873,0.9341937,0.0658063,0.02750831,0.02092596,0.00033361,0.00693844,0.01022789,578516,-0.415268,White,161750.74393877955
393,16,753764.0,0.57168495,0.40605413,0.72550223,0.27449777,0.03702759,0.13866602,0.00044106,0.09273869,0.00528116,521476,0.16563081999999996,White,779543.9389633598
394,17,753720.0,0.53180975,0.44287333,0.75442147,0.24557853,0.13491231,0.07553457,0.00058851,0.02473892,0.00829324,553945,0.08893641999999996,White,1135940.8653058112
395,1,776544.0,0.52045282,0.46421487,0.56480702,0.43519298,0.12309953,0.2549062,0.00115727,0.05466629,0.02010591,615242,0.056237950000000037,White,4600497.717335623
396,2,777285.0,0.37512284,0.61393181,0.77372298,0.22627702,0.04813785,0.12738179,0.00090589,0.04264135,0.01133573,621486,-0.23880896999999995,White,7700770.059248248
397,3,777353.0,0.5835459,0.40276541,0.30770103,0.69229897,0.30626654,0.27961438,0.00231358,0.13551688,0.01725325,608581,0.18078048999999996,Minority,33150097.327777736
398,4,776876.0,0.53471423,0.45145899,0.47231825,0.52768175,0.19335905,0.21297677,0.00133327,0.12189684,0.01296927,613527,0.08325523999999995,Minority,17617028.74156668
399,5,776211.0,0.5631371,0.42782699,0.3931011,0.6068989,0.41120506,0.13666593,0.00231459,0.05785996,0.0154552,610474,0.13531010999999993,Black,27297353.01742377
400,6,777515.0,0.53031626,0.44675326,0.20716265,0.79283735,0.08242773,0.18306897,0.00254923,0.52163785,0.01405216,637055,0.083563,Asian,88678364.85768734
401,7,776531.0,0.62312606,0.35299045,0.29777619,0.70222381,0.13786495,0.352945,0.00419084,0.20320336,0.0294595,630900,0.27013561,Hispanic,119364273.00910544
402,8,776898.0,0.67889671,0.30715017,0.28985793,0.71014207,0.49001024,0.15239519,0.00206448,0.09415911,0.0137192,613228,0.37174653999999996,Black,102195898.09729284
403,9,776713.0,0.64018683,0.34238849,0.31355346,0.68644654,0.44325326,0.11310539,0.00159132,0.13956799,0.01239667,590078,0.29779834,Black,192054950.88831896
404,10,777538.0,0.66905977,0.30297289,0.39300339,0.60699661,0.11582096,0.21028141,0.00203356,0.28916272,0.01787629,610753,0.36608688000000006,Minority,183549417.39940724
405,11,777283.0,0.56562851,0.41467788,0.58737539,0.41262461,0.1225907,0.16713496,0.00199312,0.12703851,0.01471198,619631,0.15095063000000003,White,42249653.98003503
406,12,777596.0,0.79664093,0.18246488,0.6702499,0.3297501,0.05580489,0.09955149,0.00380689,0.16655243,0.00784999,690065,0.61417605,White,301325735.9151399
407,13,777179.0,0.82921946,0.15256454,0.33610585,0.66389415,0.26995187,0.34976549,0.00260278,0.0908536,0.02270113,651994,0.67665492,Hispanic,254043907.2574457
408,14,776232.0,0.65833626,0.32020973,0.23634899,0.76365101,0.14207129,0.47133717,0.00270717,0.17409682,0.03218761,623159,0.33812653,Hispanic,104854049.11079358
409,15,776531.0,0.68938717,0.29970915,0.07009743,0.92990257,0.35437888,0.62494483,0.00432796,0.04589351,0.03169369,582261,0.38967802000000007,Hispanic,215203339.6816087
410,16,777409.0,0.54098651,0.45032567,0.47387577,0.52612423,0.21083373,0.25285629,0.00164962,0.06783519,0.01636528,572859,0.09066083999999996,Minority,9520483.945835855
411,17,776520.0,0.56105543,0.43278427,0.64675242,0.35324758,0.07873823,0.19787714,0.00121146,0.07123181,0.01380469,605881,0.12827116,White,3534456.6230466357
412,18,777180.0,0.53626221,0.45707321,0.65098096,0.34901904,0.13054351,0.17266714,0.00137795,0.03911734,0.02045926,619035,0.07918899999999995,White,1563892.5836979942
413,19,776539.0,0.53870121,0.45174562,0.76884268,0.23115732,0.10231026,0.0657403,0.00135245,0.04318156,0.0203739,630709,0.08695559000000003,White,493538.2741571024
414,20,776373.0,0.53227281,0.4580828,0.81865715,0.18134285,0.05724868,0.04631878,0.00163486,0.04935061,0.0196486,626355,0.07419001000000003,White,399524.09042635566
415,21,777294.0,0.34140326,0.65396011,0.88822005,0.11177995,0.03302115,0.03118002,0.00130087,0.01100923,0.02694771,612668,-0.31255685,White,190570.00458897816
416,22,777536.0,0.54225465,0.45173275,0.78856473,0.21143527,0.09931367,0.0471795,0.00123624,0.04367656,0.0202302,617196,0.09052189999999993,White,1031967.3248807285
417,23,777297.0,0.33591545,0.65769292,0.91032817,0.08967183,0.02557377,0.02419053,0.00089314,0.00938119,0.02163525,620284,-0.32177747,White,248966.06886643879
418,24,777471.0,0.56450696,0.42359976,0.82708614,0.17291386,0.05275961,0.04234199,0.00115611,0.05690892,0.0156201,631430,0.1409072,White,1056132.8474525763
419,25,776846.0,0.54974008,0.43980534,0.69187108,0.30812892,0.17628039,0.08667126,0.00126512,0.03371325,0.01964427,615752,0.10993473999999998,White,3315165.060928076
420,26,776426.0,0.53946938,0.44690155,0.73199953,0.26800047,0.14973505,0.05562411,0.00093282,0.04890329,0.01594373,617484,0.09256783000000002,White,3126980.810448242
421,1,765915.0,0.54965567,0.44431315,0.48779154,0.51220846,0.4009657,0.06504785,0.00324145,0.03384171,0.01823696,594178,0.10534252000000005,Minority,693096.7227195638
422,2,764912.0,0.55884364,0.43656662,0.42140561,0.57859439,0.4940539,0.05205508,0.00236282,0.02347885,0.01526838,589126,0.12227701999999996,Black,356077.2409788788
423,3,765780.0,0.55177322,0.44256051,0.39542225,0.60457775,0.48710999,0.0732444,0.00116132,0.03600622,0.01761284,580372,0.10921270999999994,Black,970013.3662350404
424,4,765243.0,0.55582803,0.43845954,0.43720671,0.56279329,0.47964045,0.05093348,0.00123427,0.02382047,0.0157823,584959,0.11736849000000005,Black,550927.5098703378
425,5,765209.0,0.54564239,0.44539152,0.50118301,0.49881699,0.31119378,0.12555727,0.0014271,0.04525206,0.02122104,587907,0.10025087000000005,White,5163836.657105175
426,6,765287.0,0.55585312,0.43759267,0.43312653,0.56687347,0.47374502,0.06596363,0.00114331,0.01614886,0.01917881,582518,0.11826044999999996,Black,1326360.2230529748
427,7,764771.0,0.54878667,0.4381889,0.58050956,0.41949044,0.18772997,0.08256935,0.00143085,0.13465256,0.01433535,595451,0.11059777000000004,White,9290241.994302515
428,8,764736.0,0.27917009,0.71741089,0.64778528,0.35221472,0.25372849,0.06866174,0.00162976,0.01377468,0.01876035,581066,-0.43824080000000004,White,212521.20916596008
429,9,764891.0,0.20014847,0.79475237,0.819599,0.180401,0.05494402,0.08210804,0.00092567,0.01680761,0.02641746,597408,-0.5946039,White,513980.25866576395
430,10,764315.0,0.55576793,0.43544988,0.53756868,0.46243132,0.31839095,0.07194147,0.00174183,0.0594135,0.01796167,590758,0.12031805000000001,White,1373867.6316606442
431,11,765086.0,0.55594918,0.4326561,0.53456179,0.46543821,0.14492398,0.15849436,0.00138007,0.15090653,0.01839807,590551,0.12329308000000005,White,8486701.47883746
432,12,764610.0,0.55426361,0.43344447,0.39213219,0.60786781,0.2494249,0.23085805,0.00141157,0.12242437,0.02269947,568163,0.12081913999999999,Minority,7320323.957356294
433,13,765894.0,0.56321523,0.43180412,0.41863819,0.58136181,0.51264069,0.04521162,0.00143542,0.01470084,0.01547688,591463,0.13141110999999994,Black,422737.129205339
434,14,765259.0,0.26115822,0.73230269,0.77883838,0.22116162,0.07819167,0.09710346,0.00112901,0.01894589,0.02763859,586354,-0.47114447000000004,White,995066.5201305633
