,id,TotalPop,DemPct,RepPct,WhitePct,MinorityPct,BlackPct,HispanicPct,PacificPct,AsianPct,NativePct,TotalVAP,Margin,Majority
0,1,367244,0.50398274,0.45992697,0.59584787,0.40415213,0.05667178,0.07256861,0.0307855,0.1080234,0.15070853,282698,0.04405577,White
1,2,366147,0.34874692,0.60966986,0.63447043,0.36552957,0.02817493,0.0476438,0.00914469,0.0474337,0.23269752,271305,-0.26092294,White
2,1,456819,0.24235122,0.74379322,0.78096747,0.21903253,0.12351094,0.03870443,0.00125911,0.02250701,0.02954571,356600,-0.501442,White
3,2,457134,0.29748891,0.69140996,0.65422706,0.34577294,0.26858045,0.0378546,0.00189781,0.01445491,0.02637471,354620,-0.39392105,White
4,3,456354,0.61197643,0.37517113,0.40366211,0.59633789,0.51383462,0.03367799,0.00119841,0.03890081,0.013882,358810,0.2368053,Black
5,4,456871,0.58917609,0.40037944,0.43710734,0.56289266,0.50291036,0.02975187,0.00104617,0.01362248,0.01952666,359406,0.18879665,Black
6,5,457143,0.28855243,0.70051884,0.70240466,0.29759534,0.23665154,0.02740929,0.0010405,0.01192793,0.02067546,356558,-0.41196641,White
7,6,455823,0.20421266,0.78388025,0.78878042,0.21121958,0.10398094,0.06325973,0.00116588,0.00910123,0.03722921,354238,-0.57966759,White
8,7,455829,0.16178775,0.82641985,0.84755545,0.15244455,0.07504779,0.03810901,0.00086631,0.00906356,0.0269521,352069,-0.6646321,White
9,8,457431,0.2209788,0.76615111,0.80758344,0.19241656,0.1015666,0.04879574,0.00083746,0.00786092,0.03345635,358228,-0.54517231,White
10,9,456864,0.43137229,0.54491195,0.64624264,0.35375736,0.23630355,0.0535917,0.00230131,0.03483643,0.03067108,356753,-0.11353966,White
11,10,456797,0.72783506,0.25595287,0.3616454,0.6383546,0.5540493,0.05114039,0.00118645,0.0220541,0.01516708,358210,0.47188219,Black
12,11,457214,0.27085973,0.712515,0.78043017,0.21956983,0.12277848,0.04645211,0.00092984,0.02585065,0.02222797,351674,-0.44165527,White
13,1,501438,0.24319555,0.72759405,0.80667052,0.19332948,0.11074228,0.03666158,0.00237256,0.01161029,0.02778684,380180,-0.4843985,White
14,2,501799,0.62526423,0.34618363,0.44361326,0.55638674,0.46091607,0.05865488,0.00117207,0.02130329,0.02108691,388203,0.2790806,Black
15,3,501386,0.21161822,0.76308643,0.86712725,0.13287275,0.01386585,0.05081848,0.00218209,0.01289603,0.04805194,391826,-0.55146821,White
16,4,502141,0.40981881,0.55889348,0.69727946,0.30272054,0.03204316,0.1594824,0.01860717,0.04452173,0.05125572,374963,-0.14907467,White
17,5,502353,0.32893242,0.64513845,0.7887406,0.2112594,0.10781758,0.04682641,0.00121977,0.01788828,0.03437446,389417,-0.31620603,White
18,6,502407,0.28430701,0.68553622,0.68745164,0.31254836,0.18420415,0.07053941,0.00162246,0.0189381,0.03799228,387684,-0.40122921,White
19,1,476920,0.5482564,0.43515817,0.46276501,0.53723499,0.03661145,0.15381269,0.00351827,0.02027821,0.33312319,363247,0.11309823,Minority
20,2,476808,0.43449072,0.55051987,0.69999609,0.30000391,0.03314161,0.19940264,0.00590314,0.03955081,0.03032176,383355,-0.11602915,White
21,3,476777,0.6294121,0.3572172,0.27880745,0.72119255,0.03098265,0.63270992,0.00257324,0.01643737,0.06360792,356748,0.2721949,Hispanic
22,4,476840,0.31409863,0.67193904,0.65489865,0.34510135,0.03193811,0.2507657,0.00450987,0.02135533,0.04564169,379390,-0.35784041,White
23,5,476954,0.38024708,0.60540758,0.72917887,0.27082113,0.04215318,0.14628756,0.00515505,0.05801731,0.02444632,348396,-0.2251605,White
24,6,477662,0.52996113,0.45442222,0.64281371,0.35718629,0.050961,0.20250725,0.0044952,0.06416181,0.04593726,389749,0.07553891,White
25,7,477233,0.75469252,0.22943776,0.23289402,0.76710598,0.13534189,0.56890497,0.00506183,0.04028412,0.05010366,341971,0.52525476,Hispanic
26,8,477006,0.42456241,0.56273107,0.68600726,0.31399274,0.05691602,0.19542211,0.00429045,0.04000615,0.02544834,377117,-0.13816866,White
27,9,476549,0.59084764,0.3911868,0.58261535,0.41738465,0.07631901,0.20268708,0.0054018,0.10354599,0.04386303,376171,0.19966084,White
28,10,476994,0.64495349,0.33879857,0.57651767,0.42348233,0.06101493,0.28221972,0.00456688,0.05256146,0.04081182,389544,0.30615492,White
29,11,476972,0.33227302,0.655324,0.81120376,0.18879624,0.01765091,0.11195615,0.00302536,0.02429957,0.03016709,393011,-0.32305098,White
30,12,476296,0.41441325,0.56775156,0.71559219,0.28440781,0.04107873,0.16519853,0.00529625,0.04978361,0.02952602,365542,-0.15333831,White
31,13,476699,0.65162572,0.33248596,0.23584349,0.76415651,0.09733363,0.6084614,0.00520939,0.04252167,0.03866981,330749,0.31913976,Hispanic
32,14,475839,0.43680566,0.54888245,0.71695955,0.28304045,0.04248609,0.14119836,0.00367574,0.07418026,0.02494043,369721,-0.11207679,White
33,15,475953,0.58993979,0.39325372,0.59264178,0.40735822,0.07521503,0.24992247,0.00370032,0.04874293,0.04342306,377265,0.19668607,White
34,1,475865,0.34021983,0.6368165,0.71547544,0.28452456,0.02163233,0.16195281,0.00576986,0.03507946,0.06530176,377999,-0.29659667,White
35,2,476340,0.68099198,0.29072376,0.66638237,0.33361763,0.02264542,0.19628635,0.006693,0.04660917,0.07027128,384581,0.39026822,White
36,3,476446,0.78941717,0.18906401,0.64516543,0.35483457,0.03109547,0.21203692,0.00666331,0.08264448,0.0341521,381792,0.60035316,White
37,4,476477,0.68197454,0.29475948,0.56576232,0.43423768,0.02785524,0.27214528,0.00743909,0.10333853,0.03947735,380826,0.38721506,White
38,5,475368,0.46458045,0.50979398,0.59658463,0.40341537,0.03816208,0.21002912,0.008601,0.11586039,0.04590632,359493,-0.04521353,White
39,6,476269,0.49944267,0.47587663,0.73678037,0.26321963,0.019094,0.12643979,0.00612988,0.07626742,0.03828067,377658,0.02356604,White
40,7,476222,0.64614325,0.33049371,0.36681413,0.63318587,0.15927232,0.24827002,0.01775918,0.20929701,0.03481468,376594,0.31564954,Minority
41,8,475983,0.62499182,0.34804319,0.46642977,0.53357023,0.12731867,0.22262818,0.01620354,0.15858484,0.03844548,359366,0.27694863,Minority
42,9,476197,0.52196905,0.45218836,0.55104481,0.44895519,0.07689091,0.15575482,0.01435254,0.1851837,0.03271275,373035,0.06978069,White
43,10,476218,0.7416235,0.23466031,0.32636335,0.67363665,0.14277854,0.25161602,0.02526812,0.2548494,0.03528809,368963,0.50696319,Minority
44,11,476176,0.56106396,0.4175376,0.36357934,0.63642066,0.10034913,0.30110985,0.01426057,0.22179393,0.03508374,352300,0.14352636,Minority
45,12,476546,0.59186014,0.38573928,0.28269163,0.71730837,0.0883865,0.42516339,0.01383138,0.18854682,0.03988809,349929,0.20612086,Hispanic
46,13,475328,0.40910521,0.56834731,0.66029361,0.33970639,0.02607086,0.20693781,0.00977991,0.06497152,0.04154193,374441,-0.1592421,White
47,14,475770,0.56264053,0.41290734,0.28078479,0.71921521,0.04335292,0.5778343,0.00883465,0.08008723,0.0498594,338893,0.14973319,Hispanic
48,15,476635,0.43422812,0.54466915,0.50826345,0.49173655,0.03326046,0.36076125,0.00583798,0.06622725,0.05152761,367764,-0.11044103,White
49,16,476972,0.6144509,0.36083146,0.1431412,0.8568588,0.06984493,0.7383258,0.00347407,0.04110932,0.03879138,352037,0.25361944,Hispanic
50,17,475506,0.36940987,0.60855533,0.47719102,0.52280898,0.05535771,0.36093305,0.00430459,0.07932834,0.04465982,353808,-0.23914546,Minority
51,18,476434,0.64635241,0.33156626,0.21847059,0.78152941,0.08833785,0.52930598,0.00472433,0.15313417,0.0463293,336979,0.31478615,Hispanic
52,19,476358,0.48631524,0.49304679,0.25599174,0.74400826,0.02695268,0.64776117,0.00351845,0.05740574,0.03773074,332249,-0.00673155000000003,Hispanic
53,20,476590,0.4042138,0.57520119,0.43855797,0.56144203,0.02376118,0.42402919,0.00421738,0.08639243,0.04374297,344764,-0.17098739,Minority
54,21,476052,0.37780451,0.59710401,0.53251984,0.46748016,0.07022841,0.31871526,0.00761921,0.04773465,0.04679024,360011,-0.2192995,White
55,22,475545,0.61673966,0.35699744,0.20516165,0.79483835,0.1902265,0.54771381,0.00621737,0.04998757,0.04391934,341945,0.25974222,Hispanic
56,23,476719,0.5280346,0.45158741,0.42124904,0.57875096,0.06714306,0.37993572,0.00482235,0.11970945,0.03383594,364967,0.07644719,Minority
57,24,476228,0.79136636,0.1887796,0.2567499,0.7432501,0.16916613,0.35369273,0.012885,0.20532935,0.03690152,368413,0.60258676,Hispanic
58,25,476527,0.69620841,0.28279922,0.59201886,0.40798114,0.04709703,0.15662513,0.008257,0.18585016,0.02123113,376287,0.41340919,White
59,26,476374,0.91650975,0.06222062,0.41485496,0.58514504,0.15966584,0.16663378,0.00739751,0.24699492,0.02749716,400405,0.85428913,Minority
60,27,476594,0.81707768,0.16304648,0.20313019,0.79686981,0.17134503,0.33497933,0.02177417,0.27616613,0.03561892,370393,0.6540312,Hispanic
61,28,477006,0.69268465,0.2855274,0.39656965,0.60343035,0.05613649,0.15807301,0.0115786,0.37316622,0.02224064,365502,0.40715725,Minority
62,29,476828,0.71774997,0.26449754,0.16046709,0.83953291,0.03425871,0.15242374,0.01205026,0.64430793,0.01716559,372606,0.45325243,Asian
63,30,475345,0.8872615,0.0925165,0.46703886,0.53296114,0.0797055,0.15065686,0.00778856,0.28738614,0.02218946,422543,0.794745,Minority
64,31,476315,0.80860838,0.1722512,0.29814365,0.70185635,0.04470972,0.15521107,0.00753299,0.49359795,0.01675992,401434,0.63635718,Asian
65,32,476497,0.77276729,0.20872921,0.36386212,0.63613788,0.02512732,0.22119513,0.01755124,0.36726872,0.02010554,380144,0.56403808,Asian
66,33,476345,0.80498782,0.17349451,0.48066614,0.51933386,0.03234186,0.17799723,0.01201284,0.28769032,0.0187883,380343,0.63149331,Minority
67,34,475781,0.73711924,0.24218396,0.26619555,0.73380445,0.02313687,0.12434153,0.00609463,0.57695823,0.01408871,378530,0.49493528,Asian
68,35,476420,0.7160146,0.26422223,0.2674549,0.7325451,0.04439467,0.2973512,0.00850751,0.38288263,0.02772524,379077,0.45179237,Asian
69,36,475865,0.74554175,0.22925224,0.59417256,0.40582744,0.02600364,0.16778649,0.00625663,0.18924605,0.02693084,380716,0.51628951,White
70,37,476496,0.68510743,0.29394186,0.24443339,0.75556661,0.02469633,0.54386706,0.00700327,0.17875998,0.04622883,359689,0.39116557,Hispanic
71,38,475591,0.65558574,0.32222789,0.36605483,0.63394517,0.03326081,0.50642459,0.00935521,0.08045591,0.0468149,360334,0.33335785,Hispanic
72,39,476273,0.56013753,0.41492572,0.52840838,0.47159162,0.02726812,0.3570634,0.00513185,0.06572915,0.04186987,376667,0.14521181,White
73,40,476674,0.69977665,0.27848394,0.46493975,0.53506025,0.02399684,0.41948245,0.00432739,0.07533022,0.03774544,379675,0.42129271,Minority
74,41,475688,0.57438792,0.40433416,0.48578124,0.51421876,0.02769692,0.35752725,0.00565993,0.1136852,0.0335893,369969,0.17005376,Minority
75,42,475856,0.74500599,0.23214869,0.20076972,0.79923028,0.04834888,0.65552712,0.00324063,0.09334585,0.03835287,368447,0.5128573,Hispanic
76,43,476741,0.67075623,0.30843107,0.30501911,0.69498089,0.05494153,0.45076508,0.00397327,0.18574395,0.02963511,377019,0.36232516,Hispanic
77,44,476026,0.64626764,0.33560099,0.6660324,0.3339676,0.04349782,0.14362166,0.00365304,0.13204206,0.01632105,386801,0.31066665,White
78,45,475732,0.75464575,0.22966399,0.66052313,0.33947687,0.061045,0.13010024,0.00350342,0.13275089,0.01579697,411598,0.52498176,White
79,46,475716,0.71680018,0.26167134,0.62360997,0.37639003,0.04723057,0.13381447,0.00523379,0.17769582,0.01799067,395316,0.45512884,White
80,47,475948,0.80621998,0.17346977,0.18954083,0.81045917,0.1018257,0.45848866,0.00316914,0.24842245,0.04096656,391905,0.63275021,Hispanic
81,48,476744,0.83118309,0.14792185,0.26904664,0.73095336,0.04124363,0.52586389,0.00360003,0.16120378,0.03676716,392497,0.68326124,Hispanic
82,49,476785,0.84654508,0.12993099,0.08731796,0.91268204,0.18627813,0.63846677,0.00297094,0.08863128,0.04099346,360155,0.71661409,Hispanic
83,50,475916,0.80387521,0.17221269,0.02451843,0.97548157,0.02004761,0.9358613,0.00176615,0.02138999,0.04932411,351613,0.63166252,Hispanic
84,51,476253,0.87374652,0.10732552,0.18279496,0.81720504,0.34379948,0.37926842,0.00408108,0.09238471,0.03160724,378331,0.766421,Hispanic
85,52,477074,0.83600149,0.14327065,0.06571554,0.93428446,0.32306704,0.55248299,0.0082051,0.05806151,0.03721509,361117,0.69273084,Hispanic
86,53,476794,0.72342369,0.25198654,0.09959076,0.90040924,0.10593165,0.70448326,0.00927003,0.08581264,0.0423191,358467,0.47143715,Hispanic
87,54,477085,0.69757289,0.27840538,0.33448307,0.66551693,0.12120117,0.36150832,0.01199493,0.17200153,0.03376127,381828,0.41916751,Hispanic
88,55,476078,0.65754929,0.31968479,0.23001241,0.76998759,0.08207545,0.3995829,0.01412582,0.2801906,0.02940524,378810,0.3378645,Hispanic
89,56,475488,0.69105776,0.28866234,0.0878264,0.9121736,0.02583654,0.68385682,0.00330213,0.20342795,0.03874265,370367,0.40239542,Hispanic
90,57,476756,0.65313226,0.32574605,0.33698373,0.66301627,0.07246742,0.42054669,0.00464501,0.1658715,0.03555402,381054,0.32738621,Hispanic
91,58,475674,0.63580866,0.34404661,0.58643367,0.41356633,0.03460541,0.18870723,0.00330589,0.1825467,0.01831425,394447,0.29176205,White
92,59,476209,0.66635092,0.31523164,0.13226644,0.86773356,0.01714407,0.27309716,0.00299788,0.57855802,0.01999969,386606,0.35111928,Asian
93,60,475778,0.62691485,0.35120915,0.18504466,0.81495534,0.02854838,0.62296518,0.00521181,0.15951081,0.03972765,373191,0.2757057,Hispanic
94,61,475724,0.50615652,0.47516542,0.36326874,0.63673126,0.02864511,0.21279412,0.00516293,0.38738777,0.01897968,381566,0.0309911,Asian
95,62,476896,0.49986559,0.48101008,0.66627422,0.33372578,0.01985431,0.16328097,0.00482495,0.13211851,0.01974393,380522,0.01885551,White
96,63,475902,0.48570207,0.49265743,0.6167312,0.3832688,0.0187133,0.19141773,0.0073566,0.15193466,0.02312367,389990,-0.00695536000000002,White
97,64,476785,0.51589023,0.46643786,0.22474165,0.77525835,0.0303074,0.24484079,0.00885485,0.49177989,0.02058438,381260,0.04945237,Asian
98,65,476124,0.61506291,0.36242459,0.21892106,0.78107894,0.03416203,0.53430651,0.00765184,0.20441609,0.03583579,366840,0.25263832,Hispanic
99,66,475740,0.63655748,0.34156622,0.18209328,0.81790672,0.01956443,0.63693165,0.0054861,0.1556871,0.04733453,362188,0.29499126,Hispanic
100,67,475431,0.60004705,0.37860293,0.40702475,0.59297525,0.03012477,0.15558551,0.0048095,0.39732301,0.01471409,374675,0.22144412,Minority
101,68,476057,0.57299601,0.40672703,0.2032772,0.7967228,0.06733654,0.52357119,0.00528519,0.20191714,0.03430342,367631,0.16626898,Hispanic
102,69,475389,0.56512084,0.41379189,0.27719368,0.72280632,0.08049484,0.51632339,0.00546969,0.11881309,0.03590815,361812,0.15132895,Hispanic
103,70,476805,0.64634909,0.33220177,0.14633662,0.85366338,0.10183068,0.66642288,0.00515114,0.08273779,0.04027907,347302,0.31414732,Hispanic
104,71,475725,0.56078019,0.41454402,0.2904813,0.7095187,0.10589144,0.50844883,0.0063849,0.08612744,0.03801473,349575,0.14623617,Hispanic
105,72,476565,0.56273525,0.41482156,0.31588721,0.68411279,0.07297516,0.49146963,0.0069893,0.10917991,0.03714567,362411,0.14791369,Hispanic
106,73,475953,0.6168453,0.36215941,0.21018948,0.78981052,0.13688503,0.57797361,0.00732577,0.06770205,0.04020412,342353,0.25468589,Hispanic
107,74,475791,0.43005728,0.54995034,0.48089514,0.51910486,0.06729048,0.32072547,0.00896267,0.11357506,0.03451191,354805,-0.11989306,Minority
108,75,476349,0.508729,0.47423165,0.54590957,0.45409043,0.05950461,0.30237738,0.00605136,0.07082873,0.03607512,377601,0.03449735,White
109,76,476442,0.41250804,0.56464364,0.6348026,0.3651974,0.03572431,0.22157435,0.00858571,0.07470536,0.03919151,370616,-0.1521356,White
110,77,476437,0.53765705,0.43757442,0.53379815,0.46620185,0.04414798,0.31662249,0.01275822,0.08368839,0.03431584,377639,0.10008263,White
111,78,476619,0.60950858,0.36799689,0.54443027,0.45556973,0.02696099,0.25319769,0.00617907,0.1602205,0.02258041,367531,0.24151169,White
112,79,475397,0.6356987,0.34167086,0.49753844,0.50246156,0.05688736,0.15273803,0.0096723,0.27895761,0.01989806,379434,0.29402784,Minority
113,80,476582,0.70384395,0.27132549,0.61245084,0.38754916,0.0547161,0.18480111,0.0075672,0.12652568,0.02260946,412438,0.43251846,White
114,81,475318,0.67801733,0.29942268,0.23697668,0.76302332,0.12956593,0.45120142,0.0119465,0.17803988,0.03300207,361947,0.37859465,Hispanic
115,82,475450,0.64730082,0.3318807,0.17587387,0.82412613,0.06513725,0.60389273,0.0104136,0.15875246,0.03252189,363755,0.31542012,Hispanic
116,83,476440,0.61202914,0.369515,0.21422984,0.78577016,0.03678535,0.70736206,0.00309827,0.03377029,0.03887397,360524,0.24251414,Hispanic
117,1,481376,0.81691948,0.16061175,0.6354726,0.3645274,0.07491978,0.22256347,0.00240596,0.04758391,0.03283555,399841,0.65630773,White
118,2,481929,0.53965984,0.43665471,0.78003963,0.21996037,0.0124183,0.14764294,0.00278164,0.02890999,0.02764912,388620,0.10300513,White
119,3,480919,0.46805652,0.50807296,0.67153718,0.32846282,0.01701498,0.25369996,0.00247667,0.01313391,0.05528952,382369,-0.04001644,White
120,4,481393,0.30390202,0.66757219,0.77807215,0.22192785,0.03580469,0.11921653,0.00379547,0.03311511,0.03185353,372549,-0.36367017,White
121,5,480950,0.48199457,0.47804519,0.65410433,0.34589567,0.09138398,0.17989542,0.0087708,0.04595802,0.03836149,372144,0.00394938,White
122,6,480619,0.6175332,0.3561798,0.70601043,0.29398957,0.05876102,0.14123431,0.00312578,0.07058597,0.0283165,384864,0.2613534,White
123,7,480571,0.60359788,0.36837952,0.76595403,0.23404597,0.01947257,0.13894644,0.00237199,0.0467647,0.03052549,386595,0.23521836,White
124,8,480749,0.57827072,0.39284572,0.51619771,0.48380229,0.03094645,0.37681886,0.00302331,0.0530013,0.0426691,358878,0.185425,White
125,9,480506,0.67919092,0.29544856,0.40542099,0.59457901,0.19509562,0.30401275,0.00746933,0.08061959,0.03502079,353847,0.38374236,Minority
126,10,480988,0.4671823,0.50759167,0.81276502,0.18723498,0.01928538,0.08320146,0.00281768,0.05837446,0.02227124,362710,-0.0404093700000001,White
127,11,482068,0.69484401,0.27897018,0.78104273,0.21895727,0.01742791,0.12444449,0.00236398,0.04867581,0.02507213,387482,0.41587383,White
128,12,481646,0.40690612,0.56473245,0.70727903,0.29272097,0.01789105,0.22293613,0.00249112,0.0230429,0.03299905,359677,-0.15782633,White
129,1,451593,0.73806187,0.24870398,0.43006647,0.56993353,0.26008008,0.25498802,0.00197665,0.06107375,0.01637837,355652,0.48935789,Minority
130,2,450995,0.56524242,0.41540239,0.79681415,0.20318585,0.05321046,0.08996117,0.00236272,0.03955644,0.0221888,365680,0.14984003,White
131,3,449904,0.64381711,0.34454953,0.57415123,0.42584877,0.1969015,0.16491878,0.00146647,0.06193431,0.01580497,364822,0.29926758,White
132,4,451708,0.70773491,0.2796783,0.46887278,0.53112722,0.19471812,0.2706024,0.00160636,0.05925,0.01524191,350481,0.42805661,Minority
133,5,450824,0.48943585,0.49607007,0.72365603,0.27634397,0.09128101,0.14283685,0.00160416,0.02712586,0.01578535,359067,-0.00663421999999997,White
134,6,449956,0.54148974,0.43843696,0.82565584,0.17434416,0.04273584,0.05157128,0.00091772,0.05906459,0.01531182,362857,0.10305278,White
135,7,451135,0.544088,0.43983793,0.76482584,0.23517416,0.06424162,0.11077216,0.00110505,0.04979608,0.01394676,362880,0.10425007,White
136,8,449829,0.5738738,0.41138865,0.7438152,0.2561848,0.04476865,0.12049294,0.00091723,0.06307003,0.00967543,347788,0.16248515,White
137,1,495264,0.69539868,0.28995062,0.55924015,0.44075985,0.26509226,0.09963168,0.00119124,0.06921935,0.01681485,392867,0.40544806,White
138,2,494684,0.48486625,0.50143475,0.68987857,0.31012143,0.18995536,0.07362623,0.00150764,0.02734747,0.02309075,390676,-0.0165685,White
139,1,478960,0.36496397,0.6150775,0.70719419,0.29280581,0.15970505,0.0569219,0.00359961,0.04196278,0.03140464,378097,-0.25011353,White
140,2,478922,0.24998173,0.73248324,0.77128263,0.22871737,0.08840629,0.07109676,0.00341855,0.03541222,0.03219197,378231,-0.48250151,White
141,3,479397,0.5571591,0.42990534,0.57212228,0.42787772,0.31146891,0.07088174,0.00153319,0.03094359,0.01800208,386122,0.12725376,White
142,4,478266,0.24861643,0.74001174,0.77411519,0.22588481,0.1272983,0.0585453,0.0017806,0.01330088,0.02444203,382456,-0.49139531,White
143,5,478219,0.53510595,0.45113484,0.63149571,0.36850429,0.16787525,0.12989896,0.00160184,0.05521004,0.01795077,393298,0.0839711100000001,White
144,6,478428,0.59893571,0.38570845,0.42765481,0.57234519,0.43951754,0.08488633,0.00245483,0.03767519,0.01929532,367032,0.21322726,Black
145,7,479121,0.44249103,0.54119181,0.61307698,0.38692302,0.16780507,0.12139971,0.00330463,0.08163483,0.01904457,384309,-0.09870078,White
146,8,479252,0.34109255,0.64488236,0.75220371,0.24779629,0.09328998,0.08396016,0.00259405,0.04747635,0.02101538,365066,-0.30378981,White
147,9,478673,0.33318795,0.65697942,0.75847125,0.24152875,0.09236138,0.10841352,0.00170888,0.017371,0.02223334,389730,-0.32379147,White
148,10,478600,0.41117519,0.57725847,0.75590278,0.24409722,0.11109917,0.08477101,0.00162473,0.02768293,0.01855444,400066,-0.16608328,White
149,11,478378,0.40146208,0.58544653,0.74028123,0.25971877,0.08783101,0.12507141,0.00237167,0.02607057,0.02247735,392128,-0.18398445,White
150,12,478735,0.41538396,0.57159032,0.7357698,0.2642302,0.09994879,0.11308474,0.00171799,0.03180934,0.01847157,396393,-0.15620636,White
151,13,479033,0.50666662,0.47896587,0.59331945,0.40668055,0.12682435,0.20840508,0.00214372,0.06284175,0.01832243,376915,0.0277007499999999,White
152,14,478809,0.57078508,0.41792814,0.32778953,0.67221047,0.14083983,0.50405733,0.00281174,0.03636793,0.02015762,368099,0.15285694,Hispanic
153,15,477737,0.57894785,0.40898939,0.37189617,0.62810383,0.11103446,0.41808615,0.00321129,0.08501837,0.01655743,365274,0.16995846,Hispanic
154,16,478135,0.58570916,0.39844317,0.51401119,0.48598881,0.1165681,0.29909685,0.00267893,0.06727321,0.01905758,390081,0.18726599,White
155,17,477657,0.66825146,0.31969929,0.29549647,0.70450353,0.40170493,0.23916934,0.00264606,0.04781625,0.01728059,363182,0.34855217,Black
156,18,478675,0.39407341,0.59693198,0.68276852,0.31723148,0.1143924,0.16184105,0.00159318,0.02587034,0.01810296,397946,-0.20285857,White
157,19,478953,0.32006226,0.6692333,0.79951938,0.20048062,0.05215951,0.10799804,0.00141967,0.01735372,0.02177663,396572,-0.34917104,White
158,20,477835,0.39877627,0.58794434,0.72903866,0.27096134,0.06762157,0.14494521,0.0017525,0.03943382,0.02087952,378888,-0.18916807,White
159,21,479601,0.44154554,0.54583107,0.79836832,0.20163168,0.05677047,0.09323262,0.00176991,0.03142395,0.01771639,405105,-0.10428553,White
160,22,479506,0.55214095,0.43367674,0.69389604,0.30610396,0.14097221,0.09333212,0.00177771,0.05208189,0.0179104,405016,0.11846421,White
161,23,478391,0.58926751,0.39547474,0.42408429,0.57591571,0.18756198,0.34039286,0.00213426,0.05004047,0.01641294,384209,0.19379277,Minority
162,24,477697,0.55594444,0.43007326,0.47764445,0.52235555,0.19326088,0.24139975,0.00224762,0.08343034,0.01700202,372838,0.12587118,Minority
163,25,479404,0.45608819,0.52961419,0.56091629,0.43908371,0.14537877,0.24365137,0.00224223,0.04128849,0.02274737,363031,-0.073526,White
164,26,479581,0.38787488,0.59870517,0.61687105,0.38312895,0.14493807,0.20198921,0.00174036,0.02196503,0.02175586,372911,-0.21083029,White
165,27,478846,0.47794373,0.51129014,0.74060099,0.25939901,0.07406481,0.14380142,0.00120654,0.0237047,0.01535306,403633,-0.0333464099999999,White
166,28,478761,0.37409219,0.61625544,0.84375008,0.15624992,0.04266828,0.07043531,0.00120008,0.02320819,0.01493328,405805,-0.24216325,White
167,29,478668,0.35551375,0.63627667,0.62144338,0.37855662,0.10745214,0.24234828,0.00117628,0.01512961,0.0179919,382561,-0.28076292,White
168,30,477844,0.40420648,0.58831353,0.71790783,0.28209217,0.0711852,0.17191846,0.00126173,0.02336707,0.01458502,399451,-0.18410705,White
169,31,478847,0.37204419,0.62016006,0.70672623,0.29327377,0.04959795,0.21363424,0.00094352,0.01852122,0.01187696,403807,-0.24811587,White
170,32,478039,0.44788218,0.54370928,0.64798371,0.35201629,0.15296598,0.16140366,0.00169994,0.02202685,0.01714664,387073,-0.0958270999999999,White
171,33,479275,0.49158754,0.5005041,0.65503518,0.34496482,0.12142264,0.16770739,0.00144461,0.04171927,0.01169743,384187,-0.00891656000000002,White
172,34,478489,0.62809007,0.36262862,0.37546669,0.62453331,0.26602148,0.32519892,0.00191094,0.03379733,0.01665511,373639,0.26546145,Minority
173,35,479312,0.58007061,0.41232569,0.65634905,0.34365095,0.14763505,0.15144743,0.00134439,0.02921839,0.01336048,407620,0.16774492,White
174,36,478007,0.62090819,0.37141653,0.43873025,0.56126975,0.20548166,0.26692546,0.00172999,0.05676016,0.01029821,379192,0.24949166,Minority
175,37,478466,0.74922163,0.24325979,0.26204962,0.73795038,0.52560218,0.17553798,0.00196478,0.02545402,0.01117735,374597,0.50596184,Black
176,38,478383,0.59589055,0.39613912,0.27651446,0.72348554,0.17473621,0.47897204,0.00160653,0.07315506,0.01243911,370364,0.19975143,Hispanic
177,39,478322,0.58943957,0.40252585,0.52185253,0.47814747,0.14392303,0.2887831,0.00194172,0.03822063,0.01278781,399130,0.18691372,White
178,40,477888,0.81537639,0.17745449,0.0507903,0.9492097,0.58618499,0.3720029,0.00140486,0.0180452,0.00846684,371567,0.6379219,Black
179,41,478454,0.61740798,0.37474963,0.26739146,0.73260854,0.16271571,0.55092217,0.00099619,0.02468923,0.01083386,394504,0.24265835,Hispanic
180,42,478774,0.39052515,0.60281439,0.06618594,0.93381406,0.03226351,0.88843248,0.00060836,0.0214664,0.00633154,391216,-0.21228924,Hispanic
181,43,478641,0.36366954,0.63066881,0.04433911,0.95566089,0.03763847,0.92870967,0.00068544,0.01004213,0.00530709,396828,-0.26699927,Hispanic
182,44,478226,0.552433,0.43971075,0.22580744,0.77419256,0.09737222,0.64520914,0.00105798,0.0330483,0.0091196,390368,0.11272225,Hispanic
183,45,478969,0.51045125,0.48120627,0.21653907,0.78346093,0.13640655,0.63315852,0.00120317,0.02464889,0.01484545,370686,0.02924498,Hispanic
184,1,486832,0.52563498,0.46024827,0.53728532,0.46271468,0.33779633,0.07272679,0.00341639,0.03805974,0.01872827,379640,0.06538671,White
185,2,486440,0.56617034,0.42479575,0.41507638,0.58492362,0.50105428,0.05261311,0.00292221,0.0227289,0.01486366,376085,0.14137459,Black
186,3,487482,0.30343513,0.68503347,0.69082861,0.30917139,0.22464673,0.04630278,0.00104871,0.01820331,0.02021288,375701,-0.38159834,White
187,4,487211,0.8832696,0.10516136,0.35297732,0.64702268,0.53020451,0.05082191,0.00141437,0.06135443,0.01313305,398765,0.77810824,Black
188,5,486407,0.82075786,0.16900179,0.23209818,0.76790182,0.67301366,0.0699704,0.00128022,0.02256758,0.01538396,375716,0.65175607,Black
189,6,486356,0.78643569,0.20182065,0.28386767,0.71613233,0.50465661,0.12326329,0.00122929,0.08551867,0.0182737,374199,0.58461504,Black
190,7,486908,0.58690298,0.40020496,0.38626854,0.61373146,0.34658877,0.15125767,0.00149061,0.11127363,0.02012042,358243,0.18669802,Minority
191,8,487482,0.27541494,0.71388893,0.66515679,0.33484321,0.23707783,0.07036307,0.00170763,0.01302505,0.01785399,374202,-0.43847399,White
192,9,486933,0.18638982,0.8029298,0.82328401,0.17671599,0.02972948,0.10771397,0.00088391,0.0110762,0.03048823,383525,-0.61653998,White
193,10,487172,0.46632402,0.52138384,0.6012785,0.3987215,0.29676025,0.05691578,0.00115197,0.02868591,0.01669962,379350,-0.05505982,White
194,11,486836,0.6427934,0.34200237,0.42296087,0.57703913,0.34562053,0.15006568,0.0013163,0.06565556,0.02013189,376815,0.30079103,Minority
195,12,486746,0.51848511,0.46839513,0.49357901,0.50642099,0.4119107,0.04839455,0.00279441,0.0340111,0.01741296,374319,0.05008998,Minority
196,13,486778,0.65539518,0.33381445,0.29825829,0.70174171,0.55046645,0.09842954,0.00123804,0.04847168,0.01809882,366709,0.32158073,Black
197,14,487442,0.22766581,0.75927913,0.80173354,0.19826646,0.08737179,0.06974361,0.00102991,0.01367887,0.02732048,375762,-0.53161332,White
198,15,487198,0.63085769,0.35904181,0.35441964,0.64558036,0.54655026,0.06439902,0.00158741,0.02708136,0.01721871,366636,0.27181588,Black
199,16,486437,0.406345,0.57734501,0.67399079,0.32600921,0.18875735,0.07416322,0.00139248,0.04186962,0.02131149,367689,-0.17100001,White
200,17,486366,0.34046484,0.6504581,0.59966516,0.40033484,0.30782484,0.06309959,0.00136856,0.01487289,0.01729627,369733,-0.30999326,White
201,18,487628,0.37678426,0.61201589,0.60131192,0.39868808,0.31523686,0.04540076,0.00139314,0.02307556,0.01797903,371822,-0.23523163,White
202,19,487497,0.54705234,0.43934013,0.60800255,0.39199745,0.14181118,0.09391595,0.0013901,0.14204813,0.01377725,379829,0.10771221,White
203,20,486356,0.57464396,0.41106201,0.3328883,0.6671117,0.21923329,0.2560135,0.0017205,0.18903228,0.02133698,363266,0.16358195,Minority
204,21,486958,0.2590643,0.72722221,0.70508913,0.29491087,0.11252993,0.13641653,0.00109336,0.02566297,0.02359503,370417,-0.46815791,White
205,22,486443,0.30135607,0.68239424,0.73658218,0.26341782,0.06025961,0.09608098,0.00117452,0.08295403,0.02171888,361851,-0.38103817,White
206,1,485115,0.66263028,0.31382518,0.34962347,0.65037653,0.01786095,0.08928915,0.264607,0.41966214,0.0309236,384302,0.3488051,Asian
207,2,485355,0.67236734,0.31151547,0.18120447,0.81879553,0.02883297,0.05820939,0.16209384,0.66780759,0.01746531,401138,0.36085187,Asian
208,3,484801,0.56634924,0.41377711,0.18510521,0.81489479,0.03658645,0.09567166,0.26383059,0.58681657,0.02493893,370465,0.15257213,Asian
209,1,456650,0.55391755,0.42458256,0.80732106,0.19267894,0.06875356,0.06381372,0.00108901,0.04030739,0.01670563,356287,0.12933499,White
210,2,455226,0.49701414,0.48076114,0.88323922,0.11676078,0.05041068,0.02687942,0.00342231,0.01861739,0.01398015,350640,0.016253,White
211,3,456360,0.50761957,0.47009427,0.82928194,0.17071806,0.05069681,0.05598467,0.00584463,0.04529589,0.01383719,353829,0.0375253,White
212,4,455172,0.56358688,0.41417319,0.77230896,0.22769104,0.07363204,0.08118292,0.0014302,0.05321518,0.01688222,342609,0.14941369,White
213,5,455236,0.34404433,0.63713117,0.91639937,0.08360063,0.01602635,0.03324728,0.00207616,0.01002472,0.01785268,348239,-0.29308684,White
214,6,455712,0.31785091,0.66452232,0.86336761,0.13663239,0.02198722,0.07683319,0.00253184,0.01428123,0.01971408,344018,-0.34667141,White
215,7,456013,0.35565427,0.62778607,0.9091263,0.0908737,0.01595008,0.04601093,0.00250507,0.01240687,0.01180317,354481,-0.2721318,White
216,1,459782,0.28455478,0.68912055,0.87461555,0.12538445,0.00812582,0.04852473,0.00338345,0.01706145,0.03973332,360579,-0.40456577,White
217,2,459332,0.27256547,0.69384234,0.81983,0.18017,0.00935822,0.11829871,0.00395065,0.01683634,0.0333553,330832,-0.42127687,White
218,3,460545,0.47888944,0.48967496,0.82683257,0.17316743,0.0189385,0.0773644,0.00518054,0.04231057,0.02506767,352087,-0.01078552,White
219,4,459447,0.257968,0.71240946,0.73221248,0.26778752,0.01007203,0.20374465,0.00413034,0.01725132,0.03405507,332902,-0.45444146,White
220,1,474816,0.75161417,0.23501403,0.34615323,0.65384677,0.51126371,0.12288368,0.00090411,0.01586768,0.01483979,371636,0.51660014,Black
221,2,474423,0.75636917,0.23091306,0.29628307,0.70371693,0.52982885,0.15910002,0.00112634,0.01028543,0.01858465,364010,0.52545611,Black
222,3,474721,0.77995183,0.20114956,0.34795717,0.65204283,0.05864681,0.54335566,0.00188166,0.05378764,0.03929299,374138,0.57880227,Hispanic
223,4,474120,0.7354607,0.24737641,0.19830137,0.80169863,0.05778309,0.65128757,0.00129865,0.09309357,0.04998836,356523,0.48808429,Hispanic
224,5,474383,0.84120382,0.14014103,0.71352336,0.28647664,0.07028504,0.10024639,0.00135982,0.10446923,0.01246299,418439,0.70106279,White
225,6,474607,0.56648198,0.41158772,0.69461029,0.30538971,0.03894666,0.15411637,0.00096772,0.0996315,0.01612595,365808,0.15489426,White
226,7,474688,0.92404273,0.0627302,0.1536623,0.8463377,0.69694876,0.0771726,0.00131064,0.07343505,0.01300918,380731,0.86131253,Black
227,8,474801,0.57977764,0.40184631,0.58056937,0.41943063,0.04585258,0.17058785,0.0012879,0.19396141,0.01771271,371146,0.17793133,White
228,9,474766,0.77225793,0.21025804,0.53096016,0.46903984,0.15358637,0.22414133,0.00201277,0.08065932,0.02382091,370137,0.56199989,White
229,10,475065,0.57426861,0.40541363,0.68327663,0.31672337,0.0378801,0.15428507,0.00155339,0.11009483,0.01784054,362433,0.16885498,White
230,11,473850,0.54700477,0.4337127,0.73350645,0.26649355,0.05762982,0.078043,0.00098844,0.11814031,0.01127694,366234,0.11329207,White
231,12,474395,0.2884224,0.69414621,0.87359,0.12641,0.06041241,0.02406867,0.00115555,0.01393618,0.02193411,373847,-0.40572381,White
232,13,474495,0.49611808,0.48130765,0.70751944,0.29248056,0.20928497,0.03862178,0.00146562,0.01965287,0.02204942,368445,0.01481043,White
233,14,475164,0.54252307,0.43616296,0.64889628,0.35110372,0.06380844,0.23368655,0.00102592,0.04109927,0.02299825,352853,0.10636011,White
234,15,474138,0.25361557,0.72744739,0.9113707,0.0886293,0.0336713,0.0234921,0.00105709,0.00760891,0.01823348,372721,-0.47383182,White
235,16,474715,0.39424126,0.58519959,0.86358737,0.13641263,0.0323439,0.07278387,0.00077681,0.00927606,0.01808711,372033,-0.19095833,White
236,17,474764,0.49415121,0.48318024,0.7623165,0.2376835,0.12096359,0.06675833,0.00143433,0.03038514,0.01865976,370905,0.01097097,White
237,18,473757,0.58968456,0.39353167,0.56006129,0.43993871,0.05159095,0.34821078,0.00090621,0.03344473,0.02947387,364153,0.19615289,White
238,19,475035,0.6267228,0.35752588,0.59571111,0.40428889,0.04978205,0.17242955,0.00148488,0.17637152,0.01703762,376461,0.26919692,White
239,20,474212,0.86865232,0.11597295,0.26666702,0.73333298,0.50832277,0.17348101,0.00124345,0.05209587,0.01701347,372352,0.75267937,Black
240,21,475067,0.52205113,0.45721222,0.67062146,0.32937854,0.03593818,0.2237558,0.00114834,0.05360776,0.02533256,362261,0.06483891,White
241,22,474218,0.59677964,0.38716188,0.67288083,0.32711917,0.02449168,0.132456,0.00092747,0.16148938,0.01352677,376291,0.20961776,White
242,23,474124,0.52804173,0.44491239,0.71032362,0.28967638,0.13184644,0.05481131,0.00123377,0.08485167,0.0171083,376893,0.08312934,White
243,24,474496,0.58890419,0.39290376,0.5561943,0.4438057,0.13434065,0.21073286,0.00095297,0.08746521,0.01970877,355730,0.19600043,White
244,25,474419,0.38375533,0.59334396,0.87644785,0.12355215,0.06359944,0.01974655,0.00094083,0.01602661,0.01914192,368824,-0.20958863,White
245,26,474505,0.29110953,0.68985851,0.85058601,0.14941399,0.07013453,0.04723026,0.00083136,0.01014147,0.01809216,369276,-0.39874898,White
246,27,474764,0.48744897,0.48966494,0.71251872,0.28748128,0.10331363,0.13396351,0.0009365,0.02925061,0.02258283,365189,-0.00221597000000001,White
247,1,484256,0.57635686,0.40915652,0.53345008,0.46654992,0.25502556,0.17947767,0.00087966,0.01997234,0.02119845,369461,0.16720034,White
248,2,484279,0.51241051,0.46944547,0.75520973,0.24479027,0.11249884,0.08326522,0.00130726,0.02497105,0.0209694,375595,0.0429650400000001,White
249,3,484416,0.28453199,0.69538186,0.87188626,0.12811374,0.03014378,0.05991505,0.00087633,0.01149687,0.02146619,373145,-0.41084987,White
250,4,484962,0.39431974,0.58386695,0.77969889,0.22030111,0.09873181,0.06239803,0.00131739,0.0392298,0.01891035,359803,-0.18954721,White
251,5,484318,0.28142167,0.69953721,0.84726719,0.15273281,0.02977313,0.09087734,0.00083997,0.01035129,0.02037546,360728,-0.41811554,White
252,6,485173,0.38601696,0.5946769,0.87586983,0.12413017,0.0392169,0.02893219,0.00113874,0.03102159,0.01943584,388149,-0.20865994,White
253,7,485347,0.40054523,0.57581603,0.79760139,0.20239861,0.05560758,0.06314282,0.00845279,0.06172726,0.01746314,369464,-0.1752708,White
254,8,485406,0.44246897,0.53745363,0.81977968,0.18022032,0.06176966,0.0430946,0.00097125,0.05456694,0.01632027,361391,-0.09498466,White
255,9,484634,0.29169226,0.68953716,0.89838175,0.10161825,0.04457984,0.02335784,0.00084385,0.01015763,0.01946355,381585,-0.3978449,White
256,10,484724,0.66593299,0.31581249,0.54412455,0.45587545,0.29139187,0.12341931,0.0012996,0.02747774,0.01939161,370882,0.3501205,White
257,11,484669,0.60282527,0.378334,0.5638981,0.4361019,0.26490217,0.09509302,0.00160135,0.05933219,0.02108585,365316,0.22449127,White
258,12,484669,0.29373787,0.68403357,0.8873758,0.1126242,0.02248534,0.03324379,0.0009928,0.03222935,0.01996413,369663,-0.3902957,White
259,13,484379,0.34019716,0.64202475,0.88631719,0.11368281,0.04980703,0.028258,0.00185333,0.01361076,0.01728529,373381,-0.30182759,White
260,14,484296,0.31852293,0.66249559,0.8900769,0.1099231,0.03806522,0.0357097,0.00108819,0.01074018,0.02219691,374016,-0.34397266,White
261,1,488984,0.2263703,0.7542576,0.77683208,0.22316792,0.02258941,0.1617981,0.00176386,0.01235793,0.02827357,366809,-0.5278873,White
262,2,489966,0.40155205,0.57275424,0.78345462,0.21654538,0.06892713,0.08737111,0.00327592,0.02449367,0.03659836,376383,-0.17120219,White
263,3,489665,0.28471908,0.69403835,0.85702084,0.14297916,0.02943547,0.05285211,0.00204287,0.01306577,0.04374623,373495,-0.40931927,White
264,4,489746,0.54582606,0.43134815,0.66655659,0.33344341,0.11701712,0.1370758,0.00232517,0.04483591,0.03724364,366425,0.11447791,White
265,5,490028,0.55579652,0.4235305,0.77685213,0.22314787,0.05688857,0.07746145,0.00150411,0.06312213,0.02173009,377633,0.13226602,White
266,6,489491,0.44561364,0.52992721,0.66867171,0.33132829,0.10469896,0.13601721,0.00245543,0.0543613,0.04221439,368571,-0.08431357,White
267,1,500991,0.27598655,0.70911218,0.84724746,0.15275254,0.08786756,0.03132227,0.00141705,0.009367,0.02138484,387424,-0.43312563,White
268,2,501344,0.33099904,0.65088289,0.83347796,0.16652204,0.07641158,0.03855081,0.00314439,0.02710763,0.02096522,382586,-0.31988385,White
269,3,499973,0.386928,0.59487793,0.81146336,0.18853664,0.08130143,0.05702863,0.00140423,0.02619052,0.02149577,381703,-0.20794993,White
270,4,500375,0.67574879,0.30549951,0.6105457,0.3894543,0.26904912,0.06525216,0.00157933,0.03977849,0.01754926,396370,0.37024928,White
271,5,499970,0.17561322,0.81180679,0.92364468,0.07635532,0.02730629,0.01962948,0.00079442,0.00553758,0.02054332,385186,-0.63619357,White
272,6,500360,0.27830887,0.70454236,0.89881479,0.10118521,0.04310358,0.02389041,0.00296562,0.01112559,0.01948724,386766,-0.42623349,White
273,7,501023,0.337579,0.64349028,0.8827766,0.1172234,0.04047724,0.03378229,0.00190571,0.01673869,0.02070519,380436,-0.30591128,White
274,8,500732,0.23691384,0.75030338,0.94718834,0.05281166,0.01821585,0.01005523,0.0005311,0.00532125,0.01640039,391637,-0.51338954,White
275,9,501068,0.52547227,0.45369767,0.75673827,0.24326173,0.12383356,0.06372769,0.00115112,0.03561839,0.0196099,391792,0.0717746,White
276,1,466114,0.26599869,0.71766012,0.6823771,0.3176229,0.1877151,0.06987409,0.00123217,0.02066084,0.04086564,353035,-0.45166143,White
277,2,465973,0.7982211,0.18370518,0.34396904,0.65603096,0.52149382,0.09232952,0.00132357,0.04197117,0.01618457,367943,0.61451592,Black
278,3,465276,0.26586087,0.71777206,0.70862539,0.29137461,0.20754255,0.04665716,0.00086797,0.02178188,0.01568614,351393,-0.45191119,White
279,4,465980,0.23085938,0.75252419,0.70762105,0.29237895,0.19444476,0.04821835,0.00206865,0.01909809,0.02951807,351920,-0.52166481,White
280,5,465633,0.24433775,0.73602368,0.73386752,0.26613248,0.16029346,0.05901543,0.00091672,0.02493825,0.01866832,353433,-0.49168593,White
281,6,465608,0.56184331,0.42086194,0.41691225,0.58308775,0.5181581,0.03962382,0.00087339,0.01510968,0.01291775,354938,0.14098137,Black
282,7,465311,0.27575379,0.7060801,0.70362667,0.29637333,0.13049551,0.11814215,0.00095598,0.02913675,0.01945572,362978,-0.43032631,White
283,8,465528,0.59184766,0.39143681,0.41621589,0.58378411,0.47102284,0.0748402,0.00102137,0.02899798,0.01514012,360301,0.20041085,Black
284,9,466357,0.23870305,0.74744807,0.71035166,0.28964834,0.20543459,0.04025164,0.001261,0.0164014,0.02511682,358445,-0.50874502,White
285,10,465977,0.54486994,0.43940895,0.41912669,0.58087331,0.5193704,0.03498408,0.00113432,0.01335067,0.01662165,356162,0.10546099,Black
286,1,468367,0.67049788,0.30306638,0.85150134,0.14849866,0.03475484,0.04972445,0.00114854,0.04192934,0.01638082,388320,0.3674315,White
287,2,467919,0.57673865,0.4006992,0.64354545,0.35645455,0.10219789,0.22310749,0.00221333,0.03090264,0.01815906,369127,0.17603945,White
288,3,468754,0.57700015,0.39812155,0.70135858,0.29864142,0.08273695,0.13129012,0.00123021,0.06629226,0.01500856,373920,0.1788786,White
289,4,469409,0.6019574,0.37186835,0.69903851,0.30096149,0.05952983,0.11332805,0.00152085,0.10264418,0.01226697,369529,0.23008905,White
290,5,468397,0.68427175,0.29101443,0.74887263,0.25112737,0.0426423,0.0679882,0.00086784,0.08890152,0.00974948,364122,0.39325732,White
291,6,468947,0.64629967,0.33106711,0.6818896,0.3181104,0.04903151,0.1981651,0.00151349,0.07546801,0.01103745,363399,0.31523256,White
292,7,469130,0.63247463,0.34433331,0.84319432,0.15680568,0.03260798,0.07792126,0.00107895,0.02749744,0.01029213,379999,0.28814132,White
293,8,468382,0.7842671,0.19626197,0.60810967,0.39189033,0.10116299,0.09451877,0.00139135,0.15835972,0.00951262,396736,0.58800513,White
294,9,467910,0.78068046,0.1976834,0.71055116,0.28944884,0.04207499,0.06070624,0.00110023,0.16919845,0.00669821,371741,0.58299706,White
295,10,468789,0.71996229,0.2594666,0.5531654,0.4468346,0.07936999,0.25547835,0.00147635,0.10052072,0.01550555,388119,0.46049569,White
296,11,468645,0.83804575,0.14480598,0.41422235,0.58577765,0.31225424,0.16712524,0.00211492,0.12191616,0.01336971,389612,0.69323977,Minority
297,12,468965,0.61492187,0.36186335,0.71733807,0.28266193,0.14086517,0.05736863,0.00126118,0.04688151,0.01062332,367117,0.25305852,White
298,13,467905,0.62611088,0.35215015,0.72649836,0.27350164,0.09492613,0.03972508,0.00112422,0.11760188,0.00862965,376261,0.27396073,White
299,14,469553,0.52801082,0.45129118,0.8004523,0.1995477,0.06787137,0.08164589,0.00137505,0.01934414,0.01434056,374532,0.07671964,White
300,15,468845,0.5923485,0.38570171,0.87258589,0.12741411,0.03919333,0.02958161,0.00118868,0.01667736,0.0134104,391189,0.20664679,White
301,1,474448,0.41723598,0.55816474,0.74578445,0.25421555,0.16555695,0.04760931,0.0014448,0.02162683,0.01936933,376523,-0.14092876,White
302,2,474144,0.78147676,0.19730814,0.33896873,0.66103127,0.53455361,0.05848498,0.00138977,0.06214745,0.0154701,366966,0.58416862,Black
303,3,475027,0.56792239,0.40313084,0.62757352,0.37242648,0.21114336,0.08546779,0.00220328,0.05905805,0.02113962,371719,0.16479155,White
304,4,474411,0.91143121,0.06664184,0.10870081,0.89129919,0.59758709,0.24968011,0.00176521,0.0490275,0.02830881,366529,0.84478937,Black
305,5,475980,0.63018307,0.34732475,0.47457099,0.52542901,0.40338562,0.06284567,0.00241283,0.04489835,0.02482785,365960,0.28285832,Minority
306,6,474430,0.43170352,0.54288657,0.77878202,0.22121798,0.10247566,0.06455562,0.00141056,0.03524264,0.01964667,375738,-0.11118305,White
307,7,475585,0.86513453,0.11383256,0.33103616,0.66896384,0.53587942,0.07109979,0.00125324,0.05606873,0.01601704,385402,0.75130197,Black
308,8,476018,0.83319398,0.1433772,0.46204362,0.53795638,0.19362014,0.2040025,0.00162892,0.13267888,0.01929545,369569,0.68981678,Minority
309,9,475674,0.39911722,0.56898203,0.83557146,0.16442854,0.05554212,0.03741678,0.00110697,0.05127275,0.01570989,372186,-0.16986481,White
310,10,475550,0.54487192,0.42949238,0.60859598,0.39140402,0.25088601,0.06336557,0.00149763,0.05900242,0.02177515,369917,0.11537954,White
311,11,475335,0.80253135,0.17628566,0.27387425,0.72612575,0.56066151,0.10965958,0.00153771,0.05527414,0.01888612,371331,0.62624569,Black
312,12,474263,0.73989047,0.23342247,0.45182821,0.54817179,0.24778326,0.10309253,0.00168447,0.1882965,0.01544469,362131,0.506468,Minority
313,13,474538,0.72995813,0.24393768,0.43455296,0.56544704,0.16986084,0.17750415,0.00189353,0.20969684,0.01702235,361231,0.48602045,Minority
314,1,454416,0.61180015,0.35988555,0.90177851,0.09822149,0.02905344,0.01936178,0.00102782,0.02353495,0.01692407,371660,0.2519146,White
315,2,453228,0.55362161,0.41690322,0.91908468,0.08091532,0.0201821,0.01585852,0.00110798,0.01402995,0.02122507,369139,0.13671839,White
316,3,454715,0.41708603,0.55456438,0.92903332,0.07096668,0.01005183,0.01247272,0.00096673,0.01106189,0.02892067,369286,-0.13747835,White
317,1,480388,0.43107414,0.55313911,0.8917633,0.1082367,0.01789392,0.01646067,0.00113794,0.00971704,0.05622494,392815,-0.12206497,White
318,2,480515,0.33432679,0.65051534,0.9267274,0.0732726,0.01180164,0.0194112,0.00080805,0.00674747,0.02649065,388590,-0.31618855,White
319,3,480073,0.34286166,0.63906979,0.88717988,0.11282012,0.02835147,0.04419358,0.0009681,0.01152499,0.02107581,368764,-0.29620813,White
320,4,479431,0.5862259,0.39357828,0.69650294,0.30349706,0.12963008,0.11328949,0.00119486,0.0450687,0.02101436,369081,0.19264762,White
321,5,479729,0.42335042,0.55873066,0.81328774,0.18671226,0.06610728,0.07138239,0.0010485,0.02369453,0.02136121,368144,-0.13538024,White
322,6,480053,0.51276378,0.46864364,0.78268117,0.21731883,0.10689683,0.05767377,0.00097487,0.02351816,0.02513936,371330,0.04412014,White
323,7,480031,0.38135566,0.60046149,0.84403344,0.15596656,0.0613612,0.04451574,0.00098774,0.01888016,0.02486853,371554,-0.21910583,White
324,8,480224,0.38175685,0.6007314,0.87221805,0.12778195,0.04783423,0.03869599,0.00069846,0.00991079,0.02487486,377972,-0.21897455,White
325,9,480373,0.65946127,0.32690138,0.73036296,0.26963704,0.11002905,0.04788907,0.00142791,0.08803505,0.01965437,389379,0.33255989,White
326,10,479233,0.56084628,0.4220074,0.76507797,0.23492203,0.10106482,0.05986042,0.0012887,0.0504563,0.02217305,381003,0.13883888,White
327,11,480277,0.51500957,0.46980842,0.75646964,0.24353036,0.16804233,0.03237224,0.0008815,0.01289387,0.02534432,374364,0.04520115,White
328,12,479774,0.45493821,0.52895823,0.81257192,0.18742808,0.08954117,0.05378013,0.00083405,0.01560405,0.02477856,378876,-0.07402002,White
329,13,479218,0.31821103,0.66730926,0.90889572,0.09110428,0.02302569,0.03058939,0.00060857,0.00820653,0.02099975,379576,-0.34909823,White
330,14,479660,0.40605578,0.5784671,0.88479211,0.11520789,0.0240289,0.03542928,0.00067014,0.02607936,0.02030175,374549,-0.17241132,White
331,15,479898,0.48453098,0.50192149,0.76439996,0.23560004,0.15749572,0.02403874,0.00084236,0.03027536,0.01880405,382258,-0.01739051,White
332,16,480312,0.53407094,0.45220197,0.78980627,0.21019373,0.0807239,0.02731692,0.0008393,0.0815247,0.0151869,389612,0.08186897,White
333,17,479565,0.58933937,0.39920641,0.65503082,0.34496918,0.1476872,0.04992972,0.00082548,0.13172615,0.01254309,379173,0.19013296,White
334,18,479321,0.56784659,0.41905763,0.68084462,0.31915538,0.14406087,0.04351877,0.0009557,0.10831245,0.01957588,376688,0.14878896,White
335,19,479544,0.7048851,0.28324314,0.48145571,0.51854429,0.44981311,0.02575458,0.00075072,0.02750189,0.01778965,382301,0.42164196,Minority
336,20,479094,0.7992327,0.18983002,0.41594175,0.58405825,0.50235202,0.05107487,0.00107077,0.01974002,0.01492862,353951,0.60940268,Black
337,21,480614,0.79462793,0.19479162,0.33312215,0.66687785,0.51853162,0.09531567,0.00110252,0.04440513,0.01878668,364620,0.59983631,Black
338,1,476220,0.47600881,0.49998146,0.85956945,0.14043055,0.03510011,0.04461837,0.00147551,0.03975658,0.01390098,365298,-0.02397265,White
339,2,475450,0.56554193,0.40980454,0.75566447,0.24433553,0.07714976,0.07167261,0.00156011,0.07316841,0.01859825,357668,0.15573739,White
340,3,475066,0.6390043,0.33821207,0.78698127,0.21301873,0.06575963,0.05529404,0.00125705,0.07247547,0.01516481,373892,0.30079223,White
341,4,475557,0.849101,0.12798326,0.63436028,0.36563972,0.18006297,0.08943561,0.00158986,0.0705342,0.03117015,384310,0.72111774,White
342,5,474939,0.72970766,0.24715885,0.62240891,0.37759109,0.13321227,0.07308215,0.00171785,0.15131783,0.02294008,366738,0.48254881,White
343,6,475194,0.36870581,0.60688233,0.87996214,0.12003786,0.04326631,0.02651512,0.00112891,0.02602478,0.01590451,350781,-0.23817652,White
344,7,476475,0.35214528,0.62731427,0.89240364,0.10759636,0.01875905,0.03922472,0.00176698,0.01060736,0.03418445,364464,-0.27516899,White
345,8,475260,0.48181558,0.49510447,0.88222382,0.11777618,0.01990475,0.01600681,0.0011175,0.01248404,0.06112708,375840,-0.01328889,White
346,9,475683,0.37896695,0.59807733,0.86439704,0.13560296,0.03046207,0.0647484,0.00149836,0.022096,0.01488188,363731,-0.21911038,White
347,10,475898,0.59748384,0.37818194,0.70667506,0.29332494,0.12936298,0.04801118,0.00125557,0.09655451,0.01737017,360791,0.2193019,White
348,11,475006,0.5529588,0.42270798,0.79149449,0.20850551,0.06665629,0.04332228,0.00137553,0.07549582,0.01812366,359861,0.13025082,White
349,12,475743,0.30228716,0.67664584,0.92649922,0.07350078,0.01229024,0.02436716,0.00090249,0.00932844,0.02007625,365656,-0.37435868,White
350,1,473755,0.83995286,0.1446493,0.3661656,0.6338344,0.54157567,0.04048109,0.00111053,0.0381086,0.01746556,376398,0.69530356,Black
351,2,473901,0.51628475,0.4668509,0.86412985,0.13587015,0.03860694,0.02637432,0.00081317,0.04761918,0.01667816,371384,0.0494338499999999,White
352,3,473984,0.61001387,0.37290624,0.65040239,0.34959761,0.21783292,0.03928673,0.0011962,0.07082461,0.0178054,377863,0.23710763,White
353,4,473035,0.32674067,0.65562866,0.87447135,0.12552865,0.04679281,0.02539757,0.00120154,0.02226349,0.023367,357042,-0.32888799,White
354,5,473865,0.28419891,0.69754335,0.90981823,0.09018177,0.0209148,0.01899511,0.0010771,0.00956845,0.0294416,366726,-0.41334444,White
355,6,472954,0.38675623,0.59030426,0.8223176,0.1776824,0.07461323,0.04080173,0.00290217,0.02822475,0.02695182,367656,-0.20354803,White
356,7,473316,0.57414969,0.4064478,0.66001752,0.33998248,0.22605797,0.05992521,0.00354615,0.02376168,0.02951346,361801,0.16770189,White
357,8,473092,0.60546107,0.37408769,0.64115774,0.35884226,0.17159481,0.11536487,0.00567077,0.03959712,0.03196328,366264,0.23137338,White
358,9,473592,0.28783824,0.69522079,0.89299479,0.10700521,0.0300623,0.03098126,0.00238106,0.01217415,0.02684457,364543,-0.40738255,White
359,10,473203,0.24261333,0.73996091,0.8515339,0.1484661,0.02385534,0.05193046,0.00524471,0.01325979,0.04859876,358075,-0.49734758,White
360,11,473619,0.32178937,0.65926806,0.85991528,0.14008472,0.03144283,0.04066535,0.00274639,0.02127717,0.03885407,373217,-0.33747869,White
361,12,473853,0.19753952,0.78689944,0.88753637,0.11246363,0.02605742,0.02840648,0.00223746,0.01501439,0.03498548,367381,-0.58935992,White
362,13,472744,0.21354461,0.7739681,0.87090143,0.12909857,0.06658734,0.01858074,0.00084408,0.00853886,0.02798819,367262,-0.56042349,White
363,1,493044,0.28516817,0.70041958,0.72754016,0.27245984,0.21058562,0.03071516,0.00083,0.01329572,0.01627688,380724,-0.41525141,White
364,2,493867,0.57716575,0.41070445,0.40393739,0.59606261,0.56291455,0.01729782,0.00066771,0.0084246,0.01046163,383401,0.1664613,Black
365,3,492990,0.30371326,0.68280119,0.68450983,0.31549017,0.24688964,0.03397754,0.00087653,0.018532,0.01521711,376484,-0.37908793,White
366,4,493458,0.29415368,0.69070747,0.69810145,0.30189855,0.19604917,0.05101108,0.00199153,0.02778893,0.02558082,378604,-0.39655379,White
367,5,494322,0.57802568,0.4090774,0.39120362,0.60879638,0.56518028,0.02720241,0.00069716,0.00882978,0.01073305,377246,0.16894828,Black
368,6,493598,0.41641815,0.57102572,0.56146823,0.43853177,0.38488744,0.02084273,0.00077399,0.00943485,0.02468909,381140,-0.15460757,White
369,1,542200,0.47658545,0.49675185,0.88142474,0.11857526,0.00978689,0.03817188,0.00225585,0.01613696,0.04355318,433539,-0.0201664,White
370,2,542025,0.32750688,0.64875872,0.82917491,0.17082509,0.00767912,0.03206796,0.00237647,0.01094377,0.1134273,416584,-0.32125184,White
371,1,475011,0.52590231,0.46407419,0.49540977,0.50459023,0.41238612,0.06477266,0.00110734,0.0097596,0.02436147,372966,0.06182812,Minority
372,2,474442,0.63916912,0.34258293,0.50938314,0.49061686,0.30861527,0.12935765,0.00148096,0.04250914,0.02056578,357876,0.29658619,White
373,3,474389,0.34408523,0.63742581,0.72841459,0.27158541,0.1383277,0.07958077,0.00451346,0.02818319,0.02619673,375543,-0.29334058,White
374,4,473529,0.78623387,0.19868937,0.5169352,0.4830648,0.28035939,0.11525698,0.00116858,0.07504511,0.02012704,379092,0.5875445,White
375,5,474901,0.28314777,0.70453534,0.83727858,0.16272142,0.07151611,0.06070076,0.00100079,0.00932592,0.02057764,382697,-0.42138757,White
376,6,474647,0.60156144,0.38403605,0.52126,0.47874,0.3373252,0.07613011,0.00129394,0.05294397,0.02070565,372507,0.21752539,White
377,7,473701,0.43130094,0.55430762,0.76417478,0.23582522,0.12995185,0.06769259,0.00151947,0.01493063,0.02230534,386320,-0.12300668,White
378,8,475131,0.55510567,0.42894659,0.4365086,0.5634914,0.39766019,0.09455243,0.00575132,0.03339309,0.0525199,361482,0.12615908,Minority
379,9,474665,0.48404408,0.49960149,0.64482328,0.35517672,0.16293641,0.09693598,0.00132769,0.07816188,0.01921285,348725,-0.01555741,White
380,10,475363,0.32079152,0.66613952,0.75063032,0.24936968,0.12527224,0.07607529,0.00106752,0.02493107,0.02404862,372828,-0.345348,White
381,11,474158,0.51507533,0.46816553,0.8271364,0.1728636,0.04887082,0.07330752,0.00291134,0.01575171,0.03073171,387450,0.0469098000000001,White
382,12,474501,0.71786348,0.26600728,0.37024921,0.62975079,0.43866004,0.12446906,0.00144902,0.06054908,0.0187847,361624,0.4518562,Black
383,13,474787,0.2514239,0.7362625,0.77239733,0.22760267,0.09540391,0.09278544,0.00088281,0.01567541,0.02469428,367008,-0.4848386,White
384,14,474358,0.48285637,0.50101508,0.6816409,0.3183591,0.17649896,0.09436303,0.00122657,0.02886982,0.02219674,362801,-0.01815871,White
385,15,475076,0.51195404,0.47672936,0.52921229,0.47078771,0.38674148,0.05548073,0.00159969,0.01638816,0.01722394,375698,0.03522468,White
386,16,474048,0.65638469,0.32376033,0.6440631,0.3559369,0.11556508,0.07154285,0.00141435,0.15390841,0.01488829,371903,0.33262436,White
387,17,475008,0.55469434,0.42967226,0.57124258,0.42875742,0.27004969,0.11024617,0.00136974,0.0345255,0.02224941,368684,0.12502208,White
388,18,473658,0.36221683,0.62790038,0.53612612,0.46387388,0.23150939,0.1099682,0.00137813,0.00894955,0.12167401,361359,-0.26568355,White
389,19,474850,0.6707356,0.31085257,0.52782768,0.47217232,0.23980776,0.15462054,0.00137083,0.06731549,0.0193443,373495,0.35988303,White
390,20,474343,0.30017556,0.68728364,0.84375252,0.15624748,0.07148269,0.03935675,0.00090092,0.00974871,0.03399028,384051,-0.38710808,White
391,21,474688,0.31242209,0.6746612,0.76690496,0.23309504,0.11699129,0.07264385,0.0010785,0.02110464,0.02379684,371814,-0.36223911,White
392,22,474134,0.3730915,0.61193534,0.68645177,0.31354823,0.1710582,0.10240662,0.00202686,0.01814988,0.02635755,359176,-0.23884384,White
393,1,390124,0.41039536,0.55628677,0.83827718,0.16172282,0.04308705,0.03039084,0.00155477,0.02852512,0.05729503,302295,-0.14589141,White
394,2,388970,0.22718704,0.74403484,0.85006025,0.14993975,0.02865574,0.04226033,0.0030327,0.0155515,0.06028292,293798,-0.5168478,White
395,1,489420,0.49205554,0.482907,0.80759941,0.19240059,0.04820426,0.07457542,0.00189152,0.04573507,0.02145158,372187,0.00914854000000004,White
396,2,490808,0.58401764,0.39548948,0.66441842,0.33558158,0.13226944,0.12895244,0.0021204,0.05370137,0.02567704,370214,0.18852816,White
397,3,490347,0.21341719,0.76735504,0.84950505,0.15049495,0.01497042,0.09319456,0.00185757,0.00967381,0.0314017,373069,-0.55393785,White
398,4,490929,0.30572698,0.67378346,0.84783049,0.15216951,0.01707439,0.09713661,0.00123386,0.01894321,0.01790898,360657,-0.36805648,White
399,1,459287,0.51650145,0.46791444,0.90685281,0.09314719,0.01382631,0.02641347,0.00102993,0.02883543,0.01446197,372840,0.04858701,White
400,2,459409,0.53579696,0.44766233,0.91537993,0.08462007,0.0140517,0.01894656,0.00100838,0.02054053,0.02070597,380808,0.08813463,White
401,3,458833,0.53449618,0.44813258,0.84204102,0.15795898,0.03069487,0.06194828,0.00121788,0.04154679,0.01642091,367032,0.0863636,White
402,1,488528,0.66922175,0.31845809,0.55050389,0.44949611,0.21583233,0.16290773,0.00185761,0.07077725,0.01682182,377367,0.35076366,White
403,2,488696,0.47231889,0.51507649,0.66080352,0.33919648,0.12853222,0.14837147,0.00187106,0.05334656,0.0193191,396033,-0.0427576,White
404,3,488206,0.58226926,0.40417976,0.67425763,0.32574237,0.17688242,0.07425865,0.00157257,0.06292079,0.01535751,391079,0.1780895,White
405,4,488653,0.42499622,0.56173745,0.80584265,0.19415735,0.03268675,0.08432585,0.00098287,0.06468138,0.01006795,388659,-0.13674123,White
406,5,488414,0.59831954,0.39140398,0.51435005,0.48564995,0.07979592,0.17229388,0.00167132,0.23553982,0.00945528,385922,0.20691556,White
407,6,488348,0.57192418,0.41524272,0.51820386,0.48179614,0.12974053,0.23804808,0.00148303,0.10886722,0.01506757,387720,0.15668146,White
408,7,489395,0.51287842,0.4696516,0.68879871,0.31120129,0.07742593,0.10508736,0.00106311,0.11723651,0.0124456,391303,0.0432268199999999,White
409,8,488656,0.69247915,0.29705453,0.26921634,0.73078366,0.09257251,0.54674369,0.00234374,0.10170846,0.02522088,389122,0.39542462,Hispanic
410,9,488664,0.67656633,0.31392486,0.26190976,0.73809024,0.1691982,0.51387633,0.00181054,0.08036598,0.02455127,371712,0.36264147,Hispanic
411,10,488382,0.86187436,0.13179256,0.12105626,0.87894374,0.63337391,0.20440713,0.00168071,0.03260733,0.01411688,375437,0.7300818,Black
412,11,488434,0.64613306,0.34293704,0.58994444,0.41005556,0.1349787,0.15598154,0.00129554,0.11606805,0.01053668,382853,0.30319602,White
413,12,488118,0.65524741,0.33162485,0.49608956,0.50391044,0.17841178,0.1753584,0.00164432,0.14821412,0.01402847,386785,0.32362256,Minority
414,13,488328,0.5081497,0.47686181,0.71707814,0.28292186,0.12859679,0.11051504,0.00131031,0.03252404,0.01819729,380826,0.03128789,White
415,14,488228,0.34172167,0.64642724,0.8225861,0.1774139,0.04104068,0.09649483,0.00069072,0.02530125,0.01203065,360496,-0.30470557,White
416,15,488573,0.47071115,0.51463858,0.79073274,0.20926726,0.02813173,0.09983889,0.00071921,0.0702378,0.01007669,387925,-0.0439274299999999,White
417,16,488300,0.62708356,0.36016131,0.53028318,0.46971682,0.16133068,0.21365898,0.00131254,0.09180595,0.01359762,374845,0.26692225,White
418,17,488828,0.75149348,0.23869731,0.25342578,0.74657422,0.20525987,0.34725141,0.00248792,0.20204098,0.01735278,383051,0.51279617,Hispanic
419,18,488873,0.5203277,0.46508217,0.69017905,0.30982095,0.04154599,0.13902365,0.00092577,0.12020564,0.01059467,386704,0.0552455299999999,White
420,19,489392,0.64645231,0.34023496,0.38257913,0.61742087,0.11724485,0.16564747,0.00143166,0.33069515,0.01215477,383471,0.30621735,Minority
421,1,529175,0.63869529,0.3375235,0.35573194,0.64426806,0.04329189,0.51341379,0.00293816,0.035514,0.07735131,413865,0.30117179,Hispanic
422,2,529660,0.37332602,0.60654629,0.42039572,0.57960428,0.03344416,0.50021957,0.00254194,0.01794161,0.04149907,398515,-0.23322027,Hispanic
423,3,529494,0.55164896,0.42557225,0.3680826,0.6319174,0.01624596,0.31458425,0.00238271,0.01895032,0.29808839,404162,0.12607671,Minority
424,4,529193,0.57238233,0.40605175,0.4747057,0.5252943,0.02038362,0.44453387,0.00239557,0.02773129,0.04604128,422447,0.16633058,Minority
425,1,443248,0.6553002,0.32287522,0.23512604,0.76487396,0.15327974,0.52614371,0.01203987,0.07497877,0.03430355,322678,0.33242498,Hispanic
426,2,443718,0.5290987,0.44182482,0.62186973,0.37813027,0.03485667,0.22517077,0.01112064,0.08279173,0.0346023,349890,0.08727388,White
427,3,443030,0.47377505,0.50655677,0.58110018,0.41889982,0.08283537,0.1617522,0.0189636,0.15012296,0.0249707,348088,-0.03278172,White
428,4,443628,0.55851938,0.42210374,0.40171299,0.59828701,0.14147913,0.22357244,0.02071408,0.21536508,0.02504723,355169,0.13641564,Minority
429,5,443646,0.53972505,0.44051657,0.47566249,0.52433751,0.12392076,0.250116,0.01349316,0.13381005,0.02519863,351289,0.09920848,Minority
430,6,443928,0.54467452,0.43350308,0.42474726,0.57525274,0.2079454,0.24875598,0.01832738,0.10154973,0.02831588,330380,0.11117144,Minority
431,7,443416,0.30181144,0.67185699,0.73018166,0.26981834,0.02770409,0.15478934,0.00644124,0.03052283,0.0536995,355832,-0.37004555,White
432,1,480638,0.49701227,0.48850431,0.7190377,0.2809623,0.06644036,0.1524919,0.00097722,0.05253305,0.01536286,388860,0.00850795999999998,White
433,2,481405,0.47959595,0.50611736,0.59162183,0.40837817,0.09657529,0.27588695,0.00103208,0.03420463,0.01983243,376908,-0.02652141,White
434,3,480651,0.51021668,0.47591549,0.67261322,0.32738678,0.10166312,0.1583239,0.00113222,0.06288928,0.01334493,380669,0.03430119,White
435,4,481026,0.44753374,0.53870426,0.77372085,0.22627915,0.03687207,0.12029038,0.00087218,0.06223246,0.00803075,386390,-0.09117052,White
436,5,481506,0.54920359,0.43793023,0.61351744,0.38648256,0.04436989,0.12806643,0.00093754,0.20701996,0.00799016,379717,0.11127336,White
437,6,481469,0.64021052,0.34701618,0.38590398,0.61409602,0.28182473,0.25060122,0.00158376,0.08555242,0.01594923,376319,0.29319434,Minority
438,7,481183,0.78694552,0.20525226,0.17393255,0.82606745,0.61936673,0.1502578,0.00303202,0.06008825,0.01933115,376646,0.58169326,Black
439,8,480867,0.63082474,0.35838708,0.2547445,0.7452555,0.07626295,0.13580108,0.00227074,0.52481779,0.0099201,398988,0.27243766,Asian
440,9,480967,0.70763001,0.2827216,0.22741877,0.77258123,0.15607893,0.22333962,0.00500494,0.35536371,0.02767498,385619,0.42490841,Asian
441,10,480644,0.68392886,0.30324033,0.33031032,0.66968968,0.04329326,0.2993844,0.00209228,0.32929817,0.02089004,397175,0.38068853,Minority
442,11,481285,0.80569874,0.18174381,0.3461244,0.6538756,0.1520327,0.39752637,0.00342627,0.12242571,0.0268623,381464,0.62395493,Hispanic
443,12,480798,0.73446745,0.25811259,0.26927977,0.73072023,0.5184214,0.1555094,0.00218615,0.08629718,0.0127233,376003,0.47635486,Black
444,13,480803,0.73738673,0.25401202,0.28974308,0.71025692,0.51702963,0.10283364,0.00162111,0.1043146,0.01160168,378135,0.48337471,Black
445,14,481101,0.92295256,0.06571391,0.2646374,0.7353626,0.5461905,0.14944257,0.0021151,0.06498743,0.01602391,389106,0.85723865,Black
446,15,480560,0.57692084,0.40855828,0.36870091,0.63129909,0.03383124,0.19329819,0.00144048,0.40795058,0.01802327,375570,0.16836256,Asian
447,16,480968,0.75431321,0.23327859,0.59781609,0.40218391,0.08416666,0.15433178,0.00213199,0.15480678,0.01469748,362103,0.52103462,White
448,17,480968,0.41776325,0.5710076,0.59332618,0.40667382,0.11543585,0.17341331,0.00164197,0.12344443,0.0144414,377595,-0.15324435,White
449,18,480557,0.76879683,0.2193581,0.2453933,0.7546067,0.12126769,0.48603545,0.00254065,0.16068002,0.03488558,387696,0.54943873,Hispanic
450,19,481021,0.86495246,0.12051017,0.55170097,0.44829903,0.07869978,0.14626505,0.00504354,0.22574633,0.01020372,428667,0.74444229,White
451,20,481427,0.82902389,0.15595937,0.68577135,0.31422865,0.05248306,0.09477982,0.00216167,0.15818801,0.00773387,419583,0.67306452,White
452,21,480438,0.90897754,0.07906243,0.31456959,0.68543041,0.33858067,0.29614895,0.00261912,0.09360126,0.02278336,403189,0.82991511,Black
453,22,480849,0.82209904,0.16698406,0.18321315,0.81678685,0.24086293,0.61005366,0.00373658,0.05391843,0.02919829,381632,0.65511498,Hispanic
454,23,480879,0.78207779,0.20923542,0.14474786,0.85525214,0.30861209,0.51233811,0.00360661,0.09625453,0.02899064,370154,0.57284237,Hispanic
455,24,481246,0.86552833,0.12702268,0.03244491,0.96755509,0.42098698,0.63271524,0.00418444,0.02019289,0.03256318,355125,0.73850565,Hispanic
456,25,481153,0.78142522,0.21051725,0.20772211,0.79227789,0.47926589,0.29718888,0.00228086,0.04887439,0.01922853,377928,0.57090797,Black
457,26,480590,0.6838229,0.30484053,0.58185427,0.41814573,0.10250376,0.22226675,0.00122108,0.08898309,0.014731,371801,0.37898237,White
458,27,481249,0.54844468,0.43606032,0.70134842,0.29865158,0.07822144,0.16858651,0.00112368,0.04473045,0.01467583,382670,0.11238436,White
459,28,481472,0.47977278,0.50786796,0.63016968,0.36983032,0.11407504,0.17692558,0.00131778,0.06427789,0.01341763,337690,-0.02809518,White
460,29,481203,0.5341771,0.44971174,0.65573089,0.34426911,0.12473166,0.1786636,0.00142243,0.03284132,0.02259148,382445,0.0844653599999999,White
461,30,480994,0.54920903,0.42907703,0.77133933,0.22866067,0.09824896,0.07393297,0.00119169,0.0360185,0.02079708,391882,0.120132,White
462,31,481205,0.61215062,0.36452711,0.70063534,0.29936466,0.13282841,0.06956112,0.00212212,0.07443501,0.01877782,385934,0.24762351,White
463,32,482099,0.36208963,0.61572163,0.90504561,0.09495439,0.02534564,0.02782437,0.0009796,0.01130293,0.01929484,386891,-0.253632,White
464,33,481092,0.50605624,0.47314709,0.88871351,0.11128649,0.02850929,0.02927794,0.00098459,0.02351181,0.02082541,388996,0.0329091500000001,White
465,34,480915,0.39233569,0.58631609,0.86975617,0.13024383,0.04125351,0.0365832,0.00172817,0.0136796,0.03156037,377277,-0.1939804,White
466,35,480411,0.57503644,0.40264729,0.73295017,0.26704983,0.13396641,0.05748971,0.00122932,0.05826695,0.0195501,378259,0.17238915,White
467,36,480887,0.57033602,0.40647512,0.81587097,0.18412903,0.0562745,0.04343769,0.00142885,0.05998647,0.02014889,393322,0.1638609,White
468,37,480895,0.36763431,0.60993254,0.88553475,0.11446525,0.03363368,0.03438519,0.00106531,0.0136697,0.02481324,379233,-0.24229823,White
469,38,480915,0.36746435,0.6102075,0.902395,0.097605,0.03021585,0.02908455,0.00078676,0.00940517,0.02215023,388935,-0.24274315,White
470,39,481366,0.54558901,0.42790643,0.85034326,0.14965674,0.04574162,0.03764808,0.0010159,0.04647245,0.01436261,385863,0.11768258,White
471,40,480082,0.59245515,0.38359611,0.62981143,0.37018857,0.22234738,0.10588886,0.00143175,0.0373439,0.01646511,379955,0.20885904,White
472,41,480933,0.55763465,0.42330078,0.793746,0.206254,0.09029457,0.04184489,0.00089114,0.05782086,0.01639958,387144,0.13433387,White
473,42,480459,0.61359595,0.3690794,0.66185091,0.33814909,0.21883032,0.06621336,0.00104874,0.04516985,0.01422273,378549,0.24451655,White
474,1,471606,0.60091127,0.38319857,0.63745494,0.36254506,0.28327415,0.0340947,0.00122142,0.02882432,0.01627388,371700,0.2177127,White
475,2,471121,0.2739755,0.71213743,0.92515508,0.07484492,0.02037384,0.01456852,0.0007954,0.01096161,0.02303069,362082,-0.43816193,White
476,3,471543,0.74782835,0.23707714,0.40698277,0.59301723,0.46397342,0.06681465,0.00151227,0.04984748,0.02169299,349145,0.51075121,Black
477,4,471203,0.28834017,0.69513457,0.89891646,0.10108354,0.03702885,0.03259368,0.00095254,0.00768034,0.01898523,366390,-0.4067944,White
478,5,472747,0.26630175,0.71718468,0.88474503,0.11525497,0.04076718,0.04316735,0.00090178,0.00990311,0.01773048,363724,-0.45088293,White
479,6,472489,0.26760606,0.71851157,0.92129312,0.07870688,0.03678234,0.0106645,0.00067724,0.00569897,0.01904298,373576,-0.45090551,White
480,7,471890,0.52772454,0.46090337,0.86175266,0.13824734,0.0413739,0.04022794,0.0008835,0.04021755,0.01267306,384832,0.06682117,White
481,8,472362,0.34668988,0.63913996,0.82610421,0.17389579,0.06180488,0.03355455,0.00133785,0.05463266,0.01989847,360279,-0.29245008,White
482,9,471796,0.53800989,0.44477016,0.75642315,0.24357685,0.14632828,0.05150409,0.00084056,0.02563313,0.01884375,369990,0.09323973,White
483,10,472025,0.53701967,0.4466342,0.67448139,0.32551861,0.23658351,0.03548847,0.0015272,0.03256134,0.02135374,369303,0.09038547,White
484,11,471381,0.79649908,0.19214718,0.35938565,0.64061435,0.50913193,0.09622605,0.00154182,0.03109616,0.01740097,369692,0.6043519,Black
485,12,471997,0.59214429,0.39296489,0.76153229,0.23846771,0.08069993,0.03726874,0.00120886,0.10347054,0.01400634,363978,0.1991794,White
486,13,471669,0.54545988,0.44021174,0.76195219,0.23804781,0.15282207,0.0203445,0.00085951,0.0409648,0.0197233,373467,0.10524814,White
487,14,472540,0.38298749,0.60356961,0.90161715,0.09838285,0.0312867,0.0294985,0.00072922,0.01244497,0.01706157,373002,-0.22058212,White
488,15,471874,0.59719322,0.38594839,0.75369954,0.24630046,0.1104507,0.06469251,0.00137163,0.05154508,0.01969723,376195,0.21124483,White
489,16,472879,0.32706147,0.65856239,0.91267731,0.08732269,0.03313732,0.01879398,0.00085178,0.01108686,0.01744372,365117,-0.33150092,White
490,17,471932,0.49473803,0.49023828,0.7708443,0.2291557,0.11427541,0.08308423,0.00089513,0.01312584,0.02102468,368662,0.00449974999999997,White
491,18,471951,0.65084516,0.33929708,0.64839314,0.35160686,0.27015673,0.02173012,0.00083649,0.04802243,0.0112063,376574,0.31154808,White
492,19,472203,0.48236655,0.50483851,0.80451906,0.19548094,0.12586603,0.03440523,0.00090926,0.01433333,0.01813284,381628,-0.02247196,White
493,20,471827,0.37501469,0.61001058,0.87321987,0.12678013,0.06593831,0.02376925,0.000708,0.01022813,0.02189387,370058,-0.23499589,White
494,21,472130,0.38054733,0.6035124,0.8598861,0.1401139,0.05500662,0.02086874,0.00089903,0.03818351,0.02043328,355939,-0.22296507,White
495,22,472593,0.30235022,0.68422832,0.91828373,0.08171627,0.03521929,0.01110876,0.00064888,0.00873042,0.02164103,372949,-0.3818781,White
496,23,471763,0.22457318,0.76106736,0.92687753,0.07312247,0.02307252,0.01518242,0.00187635,0.01102289,0.01790286,361339,-0.53649418,White
497,24,471516,0.34434065,0.63775639,0.85408752,0.14591248,0.07249153,0.02468924,0.00134249,0.0231674,0.02140369,367974,-0.29341574,White
498,25,472411,0.51996468,0.46511528,0.68724633,0.31275367,0.19021466,0.04881836,0.00210297,0.05487447,0.01797665,359967,0.0548493999999999,White
499,1,495562,0.47137244,0.50062609,0.56760911,0.43239089,0.14026125,0.14591852,0.0027311,0.04092689,0.11832285,379335,-0.02925365,White
500,2,494591,0.23479623,0.74395587,0.65492926,0.34507074,0.02583504,0.04624873,0.00158499,0.01676583,0.25923183,376659,-0.50915964,White
501,3,494696,0.25412332,0.72518434,0.6989372,0.3010628,0.0563915,0.04449978,0.00142134,0.01824234,0.18695197,374294,-0.47106102,White
502,4,495077,0.23230883,0.74562814,0.68205402,0.31794598,0.08372031,0.11864027,0.00858779,0.01966434,0.09862344,374485,-0.51331931,White
503,5,494305,0.1895361,0.79373606,0.71175308,0.28824692,0.0393076,0.05708898,0.0019916,0.00899927,0.18432357,377586,-0.60419996,White
504,6,495544,0.29247715,0.68286618,0.72651074,0.27348926,0.06273858,0.0757812,0.0019353,0.03822027,0.09949602,374618,-0.39038903,White
505,7,494401,0.37982744,0.59339104,0.71340753,0.28659247,0.0700771,0.07413584,0.00240684,0.05033577,0.09355362,380167,-0.2135636,White
506,8,495177,0.58673309,0.38490021,0.46232138,0.53767862,0.21021593,0.22388999,0.00326057,0.03868517,0.08384598,373554,0.20183288,Minority
507,1,470504,0.58511843,0.37912912,0.66824711,0.33175289,0.02605399,0.1438256,0.00918957,0.12349899,0.0344684,365088,0.20598931,White
508,2,470891,0.36526649,0.60661591,0.77911714,0.22088286,0.01149345,0.12775979,0.00548655,0.01717412,0.05566355,370907,-0.24134942,White
509,3,470651,0.8795284,0.09363107,0.74064033,0.25935967,0.0580921,0.0808707,0.0073967,0.08332034,0.03041171,397610,0.78589733,White
510,4,470811,0.62817008,0.33750147,0.79863077,0.20136923,0.01961795,0.07947179,0.00637436,0.05087949,0.04266923,390000,0.29066861,White
511,5,471108,0.45489867,0.51226365,0.83597866,0.16402134,0.01067058,0.08115053,0.00511214,0.02307226,0.03825722,369708,-0.05736498,White
512,6,470549,0.50050904,0.46397014,0.68970277,0.31029723,0.01740831,0.20803315,0.01134817,0.03380289,0.04769787,360058,0.0365389,White
513,7,471464,0.65675152,0.31047592,0.75240249,0.24759751,0.02425051,0.10588147,0.00890896,0.08098635,0.02828466,372322,0.3462756,White
514,8,470412,0.59423721,0.37375536,0.64478283,0.35521717,0.06238343,0.14151748,0.01195653,0.11131987,0.0383856,365658,0.22048185,White
515,9,470866,0.36312312,0.60788389,0.82801522,0.17198478,0.01022407,0.07981524,0.00537041,0.0205536,0.04978368,379301,-0.24476077,White
516,1,481556,0.50945855,0.48027234,0.87137385,0.12862615,0.024804,0.037344,0.00085405,0.05072503,0.00917066,384051,0.0291862099999999,White
517,2,481790,0.54534348,0.44561663,0.62723173,0.37276827,0.1312635,0.10833496,0.00134128,0.11794573,0.01240158,378742,0.09972685,White
518,3,481627,0.81285025,0.17985519,0.36693865,0.63306135,0.27631625,0.27927248,0.00267901,0.09035318,0.01675379,375139,0.63299506,Minority
519,4,481125,0.91465348,0.07910834,0.33198406,0.66801594,0.56289861,0.04860656,0.00160956,0.05543017,0.01326435,397004,0.83554514,Black
520,5,481769,0.84632496,0.14776043,0.28719291,0.71280709,0.54960948,0.05494985,0.00146427,0.10808125,0.01366213,378345,0.69856453,Black
521,6,481671,0.68350153,0.3073124,0.72813119,0.27186881,0.11856862,0.06106261,0.00096616,0.08180468,0.01063034,379856,0.37618913,White
522,7,481130,0.5883932,0.40204589,0.78052932,0.21947068,0.11376062,0.03322867,0.00087076,0.06024328,0.00948599,378980,0.18634731,White
523,8,481344,0.57926939,0.40921321,0.77794629,0.22205371,0.06791746,0.073375,0.00089432,0.06529106,0.01208415,371230,0.17005618,White
524,9,481970,0.52709588,0.4611408,0.79559397,0.20440603,0.06224174,0.04688129,0.00091119,0.08178996,0.01078331,377528,0.0659550799999999,White
525,10,481224,0.56294376,0.42549173,0.63874997,0.36125003,0.09985557,0.22778393,0.00151531,0.03854056,0.01502424,380119,0.13745203,White
526,11,482038,0.5311353,0.45821877,0.76453016,0.23546984,0.09381665,0.10399486,0.00124194,0.03018606,0.01434554,387298,0.07291653,White
527,12,480805,0.35856517,0.62942684,0.87373806,0.12626194,0.02721069,0.0749421,0.00101238,0.01179568,0.0127282,388193,-0.27086167,White
528,13,481845,0.32332304,0.6624705,0.88273737,0.11726263,0.02938686,0.06308795,0.00100082,0.01254808,0.01160214,382688,-0.33914746,White
529,14,481978,0.51874712,0.46686622,0.71801897,0.28198103,0.13334855,0.07220761,0.00141975,0.06657062,0.01417647,381054,0.0518809,White
530,15,481231,0.53288975,0.452948,0.65086981,0.34913019,0.08928758,0.23482361,0.00187951,0.03323784,0.01682969,372437,0.07994175,White
531,16,481983,0.32551017,0.65912471,0.89510529,0.10489471,0.02926275,0.04373724,0.00086019,0.01734991,0.01295968,369685,-0.33361454,White
532,17,481913,0.36300106,0.62213848,0.82362189,0.17637811,0.06412255,0.08158883,0.00103133,0.01677166,0.01636602,377184,-0.25913742,White
533,18,481416,0.30543339,0.6806213,0.8984909,0.1015091,0.03531765,0.03201391,0.00089136,0.0114737,0.01708618,385926,-0.37518791,White
534,19,481733,0.3596586,0.62665827,0.88063918,0.11936082,0.03577164,0.02745741,0.00123716,0.03682196,0.01285638,396068,-0.26699967,White
535,20,481157,0.22089478,0.76776965,0.93309319,0.06690681,0.02267716,0.01846419,0.00063968,0.00747953,0.01340443,381441,-0.54687487,White
536,21,481289,0.31912908,0.66982026,0.93071548,0.06928452,0.02650116,0.01179622,0.00066061,0.0102676,0.01215981,390549,-0.35069118,White
537,22,482015,0.35739032,0.63231665,0.9114868,0.0885132,0.04212134,0.01365546,0.00094334,0.00946143,0.01381608,392224,-0.27492633,White
538,23,481888,0.42721272,0.5591671,0.87310291,0.12689709,0.06172208,0.02427229,0.00073078,0.01753608,0.01529676,383153,-0.13195438,White
539,24,481537,0.29997149,0.68745921,0.93146368,0.06853632,0.02243424,0.01264039,0.00066067,0.01037968,0.01357719,387488,-0.38748772,White
540,25,481504,0.47315215,0.51407848,0.88257619,0.11742381,0.04926014,0.01768253,0.00080623,0.03047585,0.01252113,385748,-0.04092633,White
541,26,481667,0.57981094,0.40902414,0.77232232,0.22767768,0.15621915,0.01964374,0.0008643,0.03714718,0.01263981,391066,0.1707868,White
542,27,481495,0.67315264,0.31552157,0.72003637,0.27996363,0.16725532,0.03086534,0.00096415,0.06720586,0.01214182,400352,0.35763107,White
543,1,548989,0.68668875,0.29395445,0.58764487,0.41235513,0.1272998,0.23045071,0.00251955,0.04703457,0.02263716,438571,0.3927343,White
544,2,548390,0.52478934,0.45475251,0.85677348,0.14322652,0.03237251,0.05549604,0.00122488,0.03634112,0.0149636,449023,0.07003683,White
545,1,466006,0.54856027,0.43171808,0.64915396,0.35084604,0.24105867,0.06423926,0.00211476,0.02743003,0.0181692,371673,0.11684219,White
546,2,465329,0.57501569,0.41011855,0.54675975,0.45324025,0.36773087,0.04502327,0.00176642,0.02871179,0.01616995,367410,0.16489714,White
547,3,466186,0.34527689,0.63860145,0.71818459,0.28181541,0.18034039,0.05779161,0.00146119,0.02106545,0.02382455,361350,-0.29332456,White
548,4,464996,0.26556459,0.71826745,0.8105543,0.1894457,0.10130949,0.04392627,0.00116982,0.01886028,0.02244538,370143,-0.45270286,White
549,5,465400,0.35327165,0.63210566,0.72612968,0.27387032,0.1692398,0.05298712,0.00107555,0.0279982,0.02370729,354237,-0.27883401,White
550,6,464782,0.54735255,0.44305364,0.46198336,0.53801664,0.48330967,0.03052713,0.00109983,0.01190388,0.01534838,365511,0.10429891,Black
551,7,464987,0.35845038,0.63121133,0.77700762,0.22299238,0.1360457,0.04863307,0.00136364,0.01670067,0.01827491,379865,-0.27276095,White
552,8,464987,0.4297038,0.55472266,0.67305386,0.32694614,0.1954712,0.0839317,0.00191256,0.02482464,0.02145277,361818,-0.12501886,White
553,9,466046,0.5531482,0.43579086,0.47269072,0.52730928,0.44905384,0.04488525,0.00156936,0.01784764,0.02109392,362569,0.11735734,Minority
554,10,464999,0.3305375,0.65620401,0.70681149,0.29318851,0.20794152,0.05118535,0.00091234,0.01542937,0.01826067,360611,-0.32566651,White
555,11,464707,0.48435373,0.49590252,0.58799297,0.41200703,0.25183913,0.11150852,0.00155592,0.03302503,0.01996532,359273,-0.01154879,White
556,1,443458,0.38682682,0.58737486,0.86570901,0.13429099,0.0326854,0.03808716,0.00132654,0.02129331,0.03897749,334706,-0.20054804,White
557,2,443209,0.32580769,0.6474913,0.79606575,0.20393425,0.01200422,0.03319992,0.00176058,0.01577945,0.14219741,334549,-0.32168361,White
558,1,493042,0.23309184,0.7502336,0.90555201,0.09444799,0.03035632,0.02514372,0.00079404,0.01081846,0.02367587,399225,-0.51714176,White
559,2,494611,0.2186824,0.76322084,0.89169344,0.10830656,0.02305533,0.04331654,0.00079108,0.01052741,0.02768263,394399,-0.54453844,White
560,3,493204,0.4258659,0.55356577,0.80140522,0.19859478,0.09079351,0.04926483,0.00137908,0.03105487,0.02519763,390116,-0.12769987,White
561,4,493741,0.38515081,0.5959379,0.74708062,0.25291938,0.14399263,0.05820788,0.00127811,0.0234551,0.02726377,389638,-0.21078709,White
562,5,493240,0.21676826,0.76695553,0.88591339,0.11408661,0.03327526,0.0412973,0.00087878,0.00846656,0.02692598,389178,-0.55018727,White
563,6,493255,0.33022305,0.65098526,0.83154637,0.16845363,0.05813318,0.04736767,0.00116731,0.03835997,0.02007939,365798,-0.32076221,White
564,7,492966,0.53779839,0.43443381,0.5444697,0.4555303,0.22524556,0.1592373,0.00173096,0.0552046,0.02310639,370893,0.10336458,White
565,8,493601,0.6407345,0.32994092,0.64205053,0.35794947,0.22907937,0.07061808,0.00136715,0.04008914,0.01941405,405222,0.31079358,White
566,9,493368,0.19770276,0.78986115,0.90191496,0.09808504,0.02576067,0.03643947,0.00133872,0.0084476,0.02512097,387684,-0.59215839,White
567,10,494286,0.33676909,0.64320243,0.73362959,0.26637041,0.14053212,0.07314482,0.00380591,0.02571692,0.02626294,369951,-0.30643334,White
568,11,494569,0.23122789,0.75243683,0.86779635,0.13220365,0.06314193,0.03302434,0.00104757,0.00825349,0.02424965,385655,-0.52120894,White
569,12,493465,0.25774016,0.72821134,0.76608973,0.23391027,0.17526115,0.02685808,0.0011575,0.00863332,0.02052162,386178,-0.47047118,White
570,13,493712,0.65077252,0.33289134,0.37070456,0.62929544,0.53257857,0.06346529,0.00108001,0.02177579,0.01609908,375922,0.31788118,Black
571,14,493780,0.63388869,0.35128819,0.37199624,0.62800376,0.49970636,0.07332347,0.00115052,0.04571639,0.01386227,374614,0.2826005,Black
572,1,477778,0.25425662,0.73457434,0.65585212,0.34414788,0.1767757,0.12972806,0.00124888,0.01149956,0.02787168,365927,-0.48031772,White
573,2,477451,0.37467705,0.61153234,0.5263463,0.4736537,0.13596313,0.26808301,0.00319692,0.04922903,0.02960118,345020,-0.23685529,White
574,3,477530,0.47978089,0.50209607,0.52919187,0.47080813,0.11921291,0.13409264,0.00213902,0.19720965,0.02283757,342681,-0.02231518,White
575,4,477179,0.54739035,0.43523953,0.48525212,0.51474788,0.12361064,0.15728341,0.00205938,0.21664024,0.0217347,377783,0.11215082,Minority
576,5,478452,0.40426747,0.58145276,0.52620614,0.47379386,0.14667599,0.21096567,0.00174792,0.09377317,0.03013473,354707,-0.17718529,White
577,6,477687,0.26779992,0.71810956,0.64180563,0.35819437,0.09369296,0.22007887,0.00440563,0.01223944,0.03264507,355000,-0.45030964,White
578,7,477900,0.61030535,0.37665076,0.20835557,0.79164443,0.21998877,0.43943266,0.00179188,0.13214998,0.02557225,356050,0.23365459,Hispanic
579,8,477761,0.54645796,0.43932901,0.28863663,0.71136337,0.19164891,0.39496165,0.00190945,0.11911524,0.02860491,352457,0.10712895,Hispanic
580,9,477727,0.83025732,0.15879029,0.12727258,0.87272742,0.51295065,0.26584176,0.00185562,0.09688964,0.01945359,362144,0.67146703,Black
581,10,477495,0.34013507,0.64146611,0.56333492,0.43666508,0.12744179,0.23900855,0.00161432,0.05240577,0.0242852,369196,-0.30133104,White
582,11,478307,0.2106686,0.77638933,0.42481773,0.57518227,0.05562057,0.48563395,0.00195342,0.01843327,0.02518646,346059,-0.56572073,Hispanic
583,12,478131,0.4092919,0.57430598,0.61983362,0.38016638,0.11571805,0.19332086,0.00225432,0.04690243,0.02994985,365077,-0.16501408,White
584,13,477993,0.18158019,0.80376304,0.62484868,0.37515132,0.05866466,0.26441478,0.00133795,0.0250304,0.03347913,361001,-0.62218285,White
585,14,478548,0.44781109,0.53835151,0.46826921,0.53173079,0.25415271,0.22484297,0.00131585,0.03747018,0.02309435,365544,-0.09054042,Minority
586,15,477068,0.54298281,0.44818316,0.08406325,0.91593675,0.007411,0.88960361,0.00054393,0.01529498,0.014822,338281,0.09479965,Hispanic
587,16,478063,0.66156705,0.32251043,0.15378303,0.84621697,0.0432732,0.77931294,0.00291705,0.02333367,0.02505391,366809,0.33905662,Hispanic
588,17,476842,0.58573403,0.38964091,0.51772784,0.48227216,0.10786695,0.23748569,0.00310212,0.1191505,0.027689,352017,0.19609312,White
589,18,477890,0.78150739,0.20689299,0.11482969,0.88517031,0.42497473,0.42476791,0.00359753,0.03534902,0.02609157,343291,0.5746144,Black
590,19,478488,0.29121913,0.69431057,0.49615017,0.50384983,0.07535197,0.38446226,0.00146462,0.02733225,0.02632446,361185,-0.40309144,Minority
591,20,478249,0.61158798,0.37205186,0.32501827,0.67498173,0.0721938,0.5338631,0.00316798,0.06353235,0.02984599,376265,0.23953612,Hispanic
592,21,477513,0.50865435,0.47528153,0.42671112,0.57328888,0.09838778,0.41056447,0.00455627,0.05577019,0.02947585,368064,0.03337282,Minority
593,22,476875,0.42443369,0.56014382,0.4513903,0.5486097,0.13030327,0.26130751,0.00159337,0.14339486,0.01993043,339531,-0.13571013,Minority
594,23,477145,0.61630782,0.36863947,0.12234639,0.87765361,0.03343379,0.82606238,0.00309738,0.01635207,0.02377251,346745,0.24766835,Hispanic
595,24,478766,0.38892835,0.59430712,0.62910801,0.37089199,0.07915667,0.18463036,0.00419197,0.08034106,0.02931089,364745,-0.20537877,White
596,25,477465,0.28845385,0.69498315,0.68667639,0.31332361,0.08341037,0.15110504,0.00192355,0.04065872,0.04002136,348314,-0.4065293,White
597,26,478482,0.52301427,0.4598401,0.49884089,0.50115911,0.14637157,0.2099214,0.00223163,0.12460828,0.02943854,358034,0.06317417,Minority
598,27,477153,0.44217418,0.54272044,0.35670819,0.64329181,0.04096554,0.56187262,0.00193262,0.0274591,0.02384022,365307,-0.10054626,Hispanic
599,28,478633,0.53019952,0.45932339,0.10821192,0.89178808,0.01008934,0.86997622,0.00082392,0.00738302,0.01540523,341053,0.07087613,Hispanic
600,29,477409,0.66583671,0.32263081,0.0981318,0.9018682,0.13770761,0.73284445,0.00116672,0.03296923,0.02873082,345413,0.3432059,Hispanic
601,30,478051,0.82450392,0.16413414,0.12812344,0.87187656,0.55697473,0.29288298,0.0012212,0.01933048,0.02393216,349655,0.66036978,Black
602,31,477097,0.32991022,0.652902,0.68619333,0.31380667,0.07877182,0.1765404,0.0021914,0.03461809,0.02734838,362325,-0.32299178,White
603,32,477653,0.60063882,0.38421528,0.57519843,0.42480157,0.13647685,0.20867746,0.00156597,0.06386751,0.02386506,391451,0.21642354,White
604,33,477225,0.68949855,0.2951439,0.26084016,0.73915984,0.26014667,0.43600214,0.00172801,0.03534246,0.02452451,348957,0.39435465,Hispanic
605,34,478189,0.59312242,0.39647843,0.06787452,0.93212548,0.00770705,0.91397759,0.00035265,0.00926534,0.01465757,331774,0.19664399,Hispanic
606,35,477813,0.73635075,0.24162544,0.3006518,0.6993482,0.12164783,0.5272125,0.00276581,0.04453312,0.03429095,356858,0.49472531,Hispanic
607,36,477472,0.41097224,0.57440235,0.43026571,0.56973429,0.09883325,0.39114253,0.00170186,0.06422139,0.02825362,358432,-0.16343011,Minority
608,37,477377,0.80521397,0.17249959,0.54411157,0.45588843,0.08143617,0.2538329,0.00238787,0.1060386,0.02530648,406220,0.63271438,White
609,38,478543,0.3850321,0.60097503,0.52224857,0.47775143,0.12473006,0.22349103,0.00203353,0.11283532,0.02457998,349146,-0.21594293,White
610,39,478411,0.56418836,0.42518811,0.10336882,0.89663118,0.00786721,0.87784215,0.00083812,0.00894479,0.01464808,342434,0.13900025,Hispanic
611,40,478186,0.28069248,0.70686486,0.52707792,0.47292208,0.07285325,0.37341013,0.00116893,0.01058864,0.02386473,366147,-0.42617238,White
612,41,478069,0.58608102,0.39759505,0.25401909,0.74598091,0.13288947,0.56946602,0.00480299,0.04193456,0.03069926,341246,0.18848597,Hispanic
613,42,477438,0.73561118,0.25009214,0.11327998,0.88672002,0.07213335,0.80326345,0.00199424,0.01245271,0.02789115,355023,0.48551904,Hispanic
614,43,478145,0.34633766,0.63793096,0.57549067,0.42450933,0.05678336,0.31648645,0.00314492,0.03130781,0.02817675,360581,-0.2915933,White
615,44,478306,0.56631434,0.41400627,0.69537988,0.30462012,0.03100896,0.15572097,0.00791788,0.09424563,0.02350824,366765,0.15230807,White
616,45,477705,0.48710371,0.4912638,0.43658845,0.56341155,0.24881201,0.25500714,0.01071461,0.04423923,0.03188582,352696,-0.00416008999999995,Minority
617,46,477859,0.63316098,0.35241483,0.30457857,0.69542143,0.29585039,0.27330609,0.00504295,0.11437438,0.02705035,355744,0.28074615,Minority
618,47,477468,0.68883478,0.29645595,0.18478795,0.81521205,0.1298894,0.63555082,0.0017985,0.04207459,0.0351894,349736,0.39237883,Hispanic
619,48,477077,0.6588522,0.32674697,0.21220496,0.78779504,0.20854188,0.53868206,0.00148647,0.03247222,0.03602028,339059,0.33210523,Hispanic
620,49,477967,0.59299951,0.39042098,0.38933271,0.61066729,0.15854229,0.25389514,0.00188847,0.18531857,0.02376662,370141,0.20257853,Minority
621,50,477256,0.35667384,0.6270222,0.67027138,0.32972862,0.07110297,0.15483068,0.00254178,0.07622134,0.03066669,344641,-0.27034836,White
622,51,477579,0.20270645,0.78643624,0.72636777,0.27363223,0.11390026,0.115003,0.00127929,0.01111977,0.03389439,368173,-0.58372979,White
623,52,477280,0.63137393,0.35566413,0.15346153,0.84653847,0.12832268,0.66327847,0.00146569,0.05364474,0.03470621,346595,0.2757098,Hispanic
624,53,478015,0.61390492,0.37127625,0.55002194,0.44997806,0.12705148,0.19520805,0.00169583,0.1140005,0.01837965,389779,0.24262867,White
625,54,477427,0.59533761,0.39163726,0.22487192,0.77512808,0.22077264,0.21746397,0.00155305,0.3338332,0.01609604,355429,0.20370035,Asian
626,55,478518,0.30631875,0.67806369,0.56553145,0.43446855,0.09309167,0.27817676,0.00143466,0.04213898,0.02649951,359667,-0.37174494,White
627,56,477348,0.19404767,0.79547607,0.7115852,0.2884148,0.10664699,0.14369175,0.00095725,0.01067512,0.02730769,364586,-0.6014284,White
628,57,477985,0.26586305,0.72038738,0.65930385,0.34069615,0.05792385,0.21600134,0.00205883,0.04069894,0.02921474,357970,-0.45452433,White
629,58,478027,0.26495334,0.72312624,0.61798801,0.38201199,0.1727799,0.17201096,0.00122608,0.0149561,0.02526153,378441,-0.4581729,White
630,59,478427,0.20556878,0.77819276,0.70701833,0.29298167,0.06794617,0.17761006,0.00416582,0.01935754,0.03089741,369675,-0.57262398,White
631,60,478512,0.18769852,0.7989277,0.75701958,0.24298042,0.04565421,0.14501074,0.00197108,0.01549016,0.03640488,366297,-0.61122918,White
632,61,477087,0.22718343,0.76037561,0.67026371,0.32973629,0.02497701,0.26622181,0.00218367,0.01357901,0.02821806,377347,-0.53319218,White
633,1,467843,0.255206,0.694075,0.84391763,0.15608237,0.01013422,0.09607306,0.00531205,0.02066035,0.02620815,326616,-0.438869,White
634,2,467032,0.22283335,0.73630088,0.83374311,0.16625689,0.00891871,0.09330186,0.00966766,0.01493415,0.04090852,335138,-0.51346753,White
635,3,466708,0.27266677,0.65661352,0.78563379,0.21436621,0.0121891,0.13968738,0.01842376,0.02984838,0.02017507,328326,-0.38394675,White
636,4,467715,0.31033139,0.6306142,0.82010983,0.17989017,0.01366899,0.09384697,0.01491614,0.04317708,0.01579609,302290,-0.32028281,White
637,5,467862,0.58380513,0.37118698,0.76815118,0.23184882,0.02353749,0.12069665,0.01246478,0.05477724,0.02050882,359894,0.21261815,White
638,6,467181,0.60918889,0.34270003,0.59143666,0.40856334,0.02937508,0.26854127,0.03090476,0.0616021,0.03018457,347131,0.26648886,White
639,7,467275,0.35964273,0.57538766,0.78646321,0.21353679,0.02087748,0.13267274,0.01155069,0.03258218,0.02231901,324656,-0.21574493,White
640,1,479120,0.39338927,0.58791768,0.74044345,0.25955655,0.16228791,0.0439468,0.00217825,0.02969739,0.02366182,374612,-0.19452841,White
641,2,479401,0.52572619,0.45242206,0.60501408,0.39498592,0.21640924,0.07717364,0.00434127,0.08789865,0.0219493,374545,0.07330413,White
642,3,479300,0.6930881,0.28600846,0.42122123,0.57877877,0.4464811,0.07736556,0.00440975,0.04662294,0.02364515,382108,0.40707964,Black
643,4,479918,0.59845786,0.38688653,0.47627223,0.52372777,0.43009393,0.05412787,0.00262731,0.02714198,0.02044623,384423,0.21157133,Minority
644,5,478815,0.34542165,0.64088125,0.71087726,0.28912274,0.23586493,0.02682068,0.00075669,0.00983434,0.01675673,383249,-0.2954596,White
645,6,480030,0.36167933,0.61838379,0.81999046,0.18000954,0.05969827,0.08029978,0.00123108,0.02138709,0.01938889,379341,-0.25670446,White
646,7,478666,0.61726245,0.36411643,0.44355989,0.55644011,0.25704314,0.18668118,0.00385576,0.10369161,0.02505961,352719,0.25314602,Minority
647,8,480120,0.78152078,0.19571005,0.59026569,0.40973431,0.12902211,0.13636915,0.00216181,0.1338307,0.01668305,387639,0.58581073,White
648,9,479958,0.21340588,0.77519087,0.90838105,0.09161895,0.04732338,0.01840453,0.00080997,0.00564682,0.01746936,391371,-0.56178499,White
649,10,479493,0.62767181,0.35241979,0.52528304,0.47471696,0.08967221,0.14305793,0.00209096,0.23061614,0.01565916,347209,0.27525202,White
650,11,479099,0.69161892,0.28646962,0.51951767,0.48048233,0.07896417,0.11723211,0.00201509,0.27312927,0.01318797,372688,0.4051493,White
651,12,479098,0.55909965,0.42156471,0.5240581,0.4759419,0.3724701,0.04932777,0.00298253,0.03938144,0.02215752,366467,0.13753494,White
652,13,478916,0.68588526,0.2952025,0.48948269,0.51051731,0.35560994,0.10359699,0.00162351,0.04140354,0.01929797,380040,0.39068276,Minority
653,14,480360,0.42761427,0.55203134,0.79771912,0.20228088,0.10258819,0.03814595,0.0011582,0.04119073,0.01860326,388534,-0.12441707,White
654,15,479241,0.71231122,0.26838033,0.47096632,0.52903368,0.12417852,0.20718135,0.00230329,0.18875778,0.01989277,366867,0.44393089,Minority
655,16,480066,0.53764448,0.44269813,0.55033893,0.44966107,0.14199072,0.19805876,0.00226142,0.09635654,0.02361894,357298,0.09494635,White
656,17,479393,0.51763013,0.46104759,0.72391782,0.27608218,0.15546108,0.05456631,0.00150089,0.04608748,0.01924175,381774,0.05658254,White
657,18,480399,0.49658898,0.48488788,0.68116899,0.31883101,0.16961007,0.04994521,0.00130422,0.08269236,0.0153032,374170,0.0117011,White
658,1,643077,0.66086417,0.30673765,0.90402721,0.09597279,0.01723224,0.02118853,0.00098764,0.02224099,0.0243669,524482,0.35412652,White
659,1,481874,0.56951862,0.39727328,0.78172436,0.21827564,0.01948524,0.09481904,0.0071225,0.05266401,0.04196862,386241,0.17224534,White
660,2,481988,0.67847803,0.28893142,0.6219029,0.3780971,0.06165526,0.10571718,0.01192094,0.16971892,0.03481481,381849,0.38954661,White
661,3,481548,0.52194744,0.44572265,0.75406777,0.24593223,0.03312899,0.09859734,0.01465939,0.06842132,0.03389157,369797,0.07622479,White
662,4,481846,0.36202021,0.60930798,0.75632135,0.24367865,0.0111184,0.15223693,0.00441096,0.02013035,0.05321521,373615,-0.24728777,White
663,5,481944,0.49615833,0.4648576,0.81009827,0.18990173,0.03200505,0.05999763,0.01040085,0.04625525,0.03993001,380065,0.03130073,White
664,6,481074,0.54957181,0.41372692,0.77795009,0.22204991,0.02999305,0.07131307,0.0117497,0.05454161,0.05662722,392691,0.13584489,White
665,7,481779,0.88016359,0.09520151,0.67929169,0.32070831,0.05197269,0.06835871,0.00588135,0.17200548,0.02251456,408580,0.78496208,White
666,8,481504,0.61799748,0.35012312,0.61057469,0.38942531,0.05922932,0.08350958,0.0129969,0.21126675,0.02658897,361240,0.26787436,White
667,9,481789,0.8154441,0.1595826,0.47529255,0.52470745,0.13160913,0.1273304,0.01628426,0.23656969,0.02843534,398483,0.6558615,Minority
668,10,481175,0.58569174,0.37604771,0.66211291,0.33788709,0.087843,0.10224704,0.02338686,0.09847169,0.03883827,374270,0.20964403,White
669,11,480967,0.5605359,0.40250116,0.71981657,0.28018343,0.02656629,0.08147087,0.00820643,0.13112508,0.03041929,365689,0.15803474,White
670,12,481615,0.41291327,0.55868265,0.66486442,0.33513558,0.01252237,0.24110965,0.00505444,0.02057563,0.06058118,360475,-0.14576938,White
671,13,481222,0.37682049,0.58788759,0.63153089,0.36846911,0.02015876,0.28331383,0.00520153,0.03213359,0.03348486,353742,-0.2110671,White
672,14,481566,0.59800521,0.36803124,0.62715981,0.37284019,0.09039071,0.10962199,0.02487524,0.12087816,0.03852871,377926,0.22997397,White
673,15,482246,0.71704021,0.25310706,0.52177374,0.47822626,0.05477282,0.07903756,0.00668232,0.3222164,0.01814302,378162,0.46393315,White
674,16,481144,0.46212943,0.50188995,0.68629098,0.31370902,0.07154069,0.09447748,0.02709305,0.0910038,0.03957841,361864,-0.03976052,White
675,1,491146,0.56901555,0.41311456,0.63853437,0.36146563,0.10074572,0.21246797,0.00129042,0.03314821,0.02512311,375073,0.15590099,White
676,2,490777,0.67860927,0.30458512,0.8146106,0.1853894,0.04656987,0.05233767,0.00133258,0.06694827,0.01628764,397725,0.37402415,White
677,3,492114,0.50572743,0.47545225,0.90744765,0.09255235,0.01544095,0.02933625,0.00099845,0.02447367,0.01731077,385598,0.03027518,White
678,4,491182,0.7339247,0.25041071,0.48527134,0.51472866,0.40482713,0.04794557,0.00133241,0.05314439,0.01356179,374508,0.48351399,Minority
679,5,491629,0.3648246,0.61875103,0.89859951,0.10140049,0.01098189,0.05211106,0.00085707,0.01722665,0.01415461,387365,-0.25392643,White
680,6,492034,0.35726315,0.62680153,0.9051666,0.0948334,0.01414635,0.0365011,0.00088123,0.02477295,0.01407377,385824,-0.26953838,White
681,7,490537,0.41402372,0.56748041,0.91500298,0.08499702,0.01240493,0.01812153,0.00094846,0.01153658,0.03472346,386943,-0.15345669,White
682,8,490492,0.49739811,0.48164758,0.82974164,0.17025836,0.03528386,0.06505903,0.00127829,0.03910824,0.0292801,381761,0.01575053,White
683,9,491398,0.52836162,0.45367482,0.75217803,0.24782197,0.06974092,0.11038532,0.00116904,0.05066034,0.01928017,385785,0.0746868,White
684,10,490221,0.63099153,0.35093562,0.83815676,0.16184324,0.04513677,0.060103,0.00105806,0.03731507,0.01564868,378051,0.28005591,White
685,11,491755,0.34199173,0.64289758,0.89658235,0.10341765,0.01706365,0.03560581,0.0006784,0.00981354,0.03644734,386201,-0.30090585,White
686,12,490433,0.35882379,0.62553143,0.92303841,0.07696159,0.01006024,0.02353239,0.00118204,0.01335343,0.02358659,387466,-0.26670764,White
687,1,448143,0.3260049,0.65499702,0.90582229,0.09417771,0.03349037,0.01683478,0.00102823,0.01589752,0.01938466,362761,-0.32899212,White
688,2,448670,0.28434352,0.69910886,0.88623601,0.11376399,0.05084765,0.02717705,0.00084357,0.01041529,0.02092618,355631,-0.41476534,White
689,3,448949,0.2284067,0.75750162,0.91854515,0.08145485,0.0404222,0.00996138,0.00063577,0.00655183,0.02000715,355473,-0.52909492,White
690,4,447954,0.34728781,0.63554427,0.89886289,0.10113711,0.05112973,0.01161343,0.00073245,0.01237931,0.02077885,359067,-0.28825646,White
691,1,576851,0.26553574,0.69936227,0.83845451,0.16154549,0.01343191,0.08644868,0.00228623,0.01477329,0.04176627,441337,-0.43382653,White
