id,TotalPop,DemPct,RepPct,WhitePct,MinorityPct,BlackPct,HispanicPct,PacificPct,AsianPct,NativePct,TotalVAP,Margin,DemPct_2,RepPct_2,Margin_2,Lean,Majority
AK-AL,733391,0.41406128,0.54544809,0.61476201,0.38523799,0.04271638,0.06036249,0.02018762,0.07835156,0.19085998,554003,-0.13138681,0.43006525,0.53122894,-0.10116369,-0.12631244,White
AL-01,718010,0.2045242,0.78500734,0.77078221,0.22921779,0.13884584,0.0385079,0.00147804,0.01818309,0.03103161,557496,-0.58048314,0.22128742,0.76635762,-0.5450702,-0.57367883,White
AL-02,717922,0.53291317,0.45461668,0.44049518,0.55950482,0.486832,0.03189947,0.00132345,0.02933063,0.01478684,563677,0.07829649,0.56624728,0.42213056,0.14411672,0.09523657,Black
AL-03,717417,0.2493944,0.73626556,0.77652953,0.22347047,0.14214682,0.03901133,0.0009496,0.01759923,0.02241958,552865,-0.48687116,0.25210721,0.73319075,-0.48108354,-0.48994195,White
AL-04,717372,0.19285166,0.79524107,0.83062692,0.16937308,0.08612081,0.03863887,0.00098891,0.01037998,0.03270363,560213,-0.60238941,0.20256143,0.78341902,-0.58085759,-0.60021214,White
AL-05,717515,0.54120642,0.44080889,0.50889318,0.49110682,0.39161781,0.05517843,0.00184613,0.02395321,0.02363183,560092,0.10039753,0.56111568,0.41997985,0.14113583,0.10897696,White
AL-06,718061,0.18068373,0.8097667,0.78771821,0.21228179,0.11558111,0.05564285,0.0011385,0.00925705,0.03235747,556873,-0.62908297,0.2023005,0.78628418,-0.58398368,-0.61904987,White
AL-07,717982,0.55649321,0.42689628,0.47390936,0.52609064,0.44528669,0.03940631,0.00101246,0.0249545,0.01856701,565950,0.12959693,0.58228417,0.40313422,0.17914995,0.1411146,Minority
AR-01,753544,0.20100012,0.77931072,0.86729837,0.13270163,0.05286275,0.0289678,0.00194184,0.00913524,0.03416265,581922,-0.5783106,0.20988934,0.76306792,-0.55317858,-0.57493326,White
AR-02,753179,0.54863837,0.42773087,0.52448187,0.47551813,0.37680481,0.05590243,0.00115816,0.02268629,0.02307577,582819,0.1209075,0.55560195,0.41552494,0.14007701,0.12229734,White
AR-03,752286,0.36240413,0.61036366,0.71596476,0.28403524,0.03566838,0.1390563,0.01354426,0.04182438,0.05620312,565627,-0.24795953,0.36850326,0.60150318,-0.23299992,-0.24797299,White
AR-04,752515,0.26115218,0.71958885,0.75343054,0.24656946,0.13976852,0.05827412,0.00142119,0.01124582,0.03401414,581905,-0.45843667,0.27272113,0.69990122,-0.42718009,-0.45301781,White
AZ-01,793623,0.51322787,0.47603679,0.61314953,0.38685047,0.06827421,0.23042326,0.00348737,0.05954063,0.03605795,626547,0.03719108,0.54338379,0.44342218,0.09996161,0.05311459,White
AZ-02,795564,0.52249738,0.46596836,0.50828855,0.49171145,0.04908328,0.19769574,0.00522308,0.03895383,0.21439627,615729,0.05652902,0.55144038,0.43254084,0.11889954,0.07231919,White
AZ-03,794222,0.54520121,0.44443181,0.33839586,0.66160414,0.08730199,0.51358324,0.0045292,0.04211128,0.03763797,572507,0.1007694,0.59013722,0.39477443,0.19536279,0.12730053,Hispanic
AZ-04,795377,0.5240512,0.4618953,0.57462779,0.42537221,0.06914654,0.24063157,0.00602849,0.08353511,0.0405633,624037,0.0621559,0.54449778,0.43653293,0.10796485,0.07242555,White
AZ-05,794913,0.34934128,0.64075793,0.73753464,0.26246536,0.03554712,0.15250441,0.00496329,0.04308347,0.03090715,590737,-0.29141665,0.35991581,0.62442804,-0.26451223,-0.28744851,White
AZ-06,794933,0.52865889,0.459229,0.65462409,0.34537591,0.04803156,0.22244568,0.0044618,0.04895715,0.03213027,643910,0.06942989,0.53509834,0.44904092,0.08605742,0.0699724,White
AZ-07,794385,0.52688754,0.46303619,0.35803041,0.64196959,0.04419409,0.53940811,0.00357215,0.02244206,0.05581611,598519,0.06385135,0.57757785,0.40791886,0.16965899,0.09412056,Hispanic
AZ-08,794716,0.5077296,0.4812701,0.62690349,0.37309651,0.06741392,0.22830308,0.00372621,0.04777092,0.03732232,631472,0.0264595,0.51860471,0.46578349,0.05282122,0.03024674,White
AZ-09,793769,0.29628794,0.69627086,0.78504913,0.21495087,0.02364538,0.1237052,0.00380412,0.03058489,0.03421203,638518,-0.39998292,0.31059397,0.67698691,-0.36639294,-0.39378626,White
CA-01,760069,0.56874352,0.3985946,0.63511145,0.36488855,0.02292648,0.24443565,0.00670254,0.05073943,0.05282883,596341,0.17014892,0.60180579,0.372258,0.22954779,0.18494854,White
CA-02,760510,0.58171643,0.38705372,0.71860955,0.28139045,0.02751323,0.13675058,0.00586247,0.0539654,0.06199198,619193,0.19466271,0.60593693,0.37056538,0.23537155,0.20323232,White
CA-03,760220,0.53888034,0.42767861,0.61429023,0.38570977,0.06597678,0.16444687,0.01084169,0.12421618,0.03469944,597877,0.11120173,0.56405792,0.41151737,0.15254055,0.11998134,White
CA-04,760406,0.58074892,0.3882525,0.55106571,0.44893429,0.03125778,0.26369842,0.00809552,0.12239715,0.04028067,594156,0.19249642,0.61535887,0.36082687,0.254532,0.20817495,White
CA-05,760084,0.36985805,0.60556153,0.56770224,0.43229776,0.02923913,0.28975317,0.00848559,0.0769177,0.04510186,586406,-0.23570348,0.40821041,0.57040632,-0.16219591,-0.21620096,White
CA-06,759270,0.53516708,0.43104926,0.56557938,0.43442062,0.08699893,0.1778212,0.01283988,0.13971472,0.03549211,590582,0.10411782,0.55087289,0.42200054,0.12887235,0.10736933,White
CA-07,759877,0.53229543,0.43582361,0.43853131,0.56146869,0.09927198,0.20429312,0.02022661,0.22535783,0.0373013,578693,0.09647182,0.57442496,0.40299291,0.17143205,0.11645856,Minority
CA-08,760418,0.57323866,0.39775494,0.39392586,0.60607414,0.14808047,0.26632489,0.01662183,0.17404869,0.03556841,591030,0.17548372,0.61705346,0.36006039,0.25699307,0.1976535,Minority
CA-09,759311,0.53406055,0.43396322,0.30482667,0.69517333,0.09364854,0.37098543,0.0133045,0.21816558,0.03733175,560863,0.10009733,0.60939215,0.36831293,0.24107922,0.14209129,Hispanic
CA-10,760707,0.71758521,0.24959702,0.42579309,0.57420691,0.09769776,0.25685369,0.00951291,0.20269221,0.02890282,598765,0.46798819,0.75583133,0.22349001,0.53234132,0.48443923,Minority
CA-11,759871,0.81841547,0.14058104,0.44685009,0.55314991,0.06514956,0.13293645,0.00692056,0.34127543,0.01937757,664686,0.67783443,0.86289892,0.11728119,0.74561773,0.69542886,Minority
CA-12,759968,0.8461877,0.10554791,0.35225675,0.64774325,0.18111653,0.21208915,0.009324,0.24410707,0.03069398,620871,0.74063979,0.89392485,0.08531328,0.80861157,0.75829705,Minority
CA-13,760437,0.53309835,0.4379656,0.28465788,0.71534212,0.03939923,0.56876419,0.00838224,0.09158973,0.05066416,552955,0.09513275,0.6058623,0.37051902,0.23534328,0.13686959,Hispanic
CA-14,759924,0.65870302,0.30118463,0.29061412,0.70938588,0.065605,0.20811208,0.01785538,0.41951524,0.02324217,586434,0.35751839,0.7190803,0.26087537,0.45820493,0.38608057,Asian
CA-15,759290,0.72084993,0.2443829,0.34356301,0.65643699,0.0313412,0.20512892,0.01452035,0.4023618,0.01978818,613346,0.47646703,0.77159402,0.20928384,0.56231018,0.50008141,Asian
CA-16,759868,0.74043615,0.2189439,0.36917823,0.63082177,0.02931583,0.16543004,0.0095837,0.4203485,0.0166836,600290,0.52149225,0.78312179,0.19533839,0.5877834,0.5385893,Asian
CA-17,759365,0.62604508,0.33505867,0.1421165,0.8578835,0.02953,0.23353535,0.0091392,0.58877961,0.02244448,596004,0.29098641,0.69596902,0.28716325,0.40880577,0.32525953,Asian
CA-18,760512,0.71247891,0.24878078,0.45981104,0.54018896,0.03802968,0.25303123,0.00754264,0.23273071,0.02914532,606684,0.46369813,0.74591868,0.22973114,0.51618754,0.4761946,Minority
CA-19,759410,0.60507816,0.36532649,0.29267841,0.70732159,0.03357726,0.59516002,0.00763905,0.06557157,0.04535261,572977,0.23975167,0.67011839,0.30745232,0.36266607,0.27572314,Hispanic
CA-20,760270,0.33117237,0.64659725,0.46473412,0.53526588,0.04489671,0.39005426,0.00454553,0.07477832,0.04276806,558571,-0.31542488,0.36896883,0.60958702,-0.24061819,-0.29548932,Minority
CA-21,760586,0.53546854,0.43730682,0.22102642,0.77897358,0.06229354,0.59494401,0.00398256,0.11184848,0.04318285,537343,0.09816172,0.61037914,0.36814693,0.24223221,0.14118522,Hispanic
CA-22,759472,0.52921004,0.44141545,0.38945388,0.61054612,0.05065455,0.48871648,0.00372089,0.0547058,0.03686117,575131,0.08779459,0.57795185,0.39755021,0.18040164,0.11366361,Hispanic
CA-23,759359,0.35556624,0.61929833,0.52626543,0.47373457,0.06016531,0.31846097,0.00688446,0.06413599,0.04586536,580002,-0.26373209,0.38182009,0.59505249,-0.2132324,-0.25189886,White
CA-24,759968,0.59106046,0.37827846,0.48388201,0.51611799,0.02429023,0.39536811,0.00460706,0.07904141,0.03924891,596042,0.212782,0.6223133,0.35513632,0.26717698,0.22591366,Minority
CA-25,759987,0.54629699,0.42875953,0.176117,0.823883,0.06076073,0.6246872,0.00887844,0.13876586,0.03373635,583436,0.11753746,0.63190273,0.34732214,0.28458059,0.1682185,Hispanic
CA-26,760824,0.58147492,0.39066825,0.53585878,0.46414122,0.03100418,0.31029908,0.00490336,0.10873659,0.02871225,594694,0.19080667,0.62075804,0.35953703,0.26122101,0.20927812,White
CA-27,760354,0.53595915,0.43450358,0.22393104,0.77606896,0.14321961,0.56615904,0.00527696,0.05961436,0.04416695,558087,0.10145557,0.61017042,0.36554076,0.24462966,0.14418027,Hispanic
CA-28,759425,0.60912986,0.35772956,0.22347966,0.77652034,0.03206587,0.30427917,0.00339445,0.43932344,0.02432471,617479,0.2514003,0.65915444,0.32078245,0.33837199,0.27539086,Asian
CA-29,760082,0.64900774,0.31886658,0.31591421,0.68408579,0.06202472,0.49677233,0.00332371,0.12095957,0.03260073,598729,0.33014116,0.71839476,0.25999542,0.45839934,0.36789389,Hispanic
CA-30,760805,0.67646538,0.29404009,0.63850585,0.36149415,0.04959481,0.14827399,0.00342235,0.15140422,0.01633071,650431,0.38242529,0.71421179,0.26887165,0.44534014,0.39839691,White
CA-31,759880,0.54537615,0.42220869,0.23108351,0.76891649,0.01988775,0.61010013,0.00375074,0.13433115,0.03817727,588151,0.12316746,0.61288424,0.36529876,0.24758548,0.15964013,Hispanic
CA-32,760365,0.54887798,0.42057801,0.42245186,0.57754814,0.05904692,0.33361046,0.00459246,0.17676831,0.0265372,601420,0.12829997,0.60133548,0.3786433,0.22269218,0.15476404,Minority
CA-33,760453,0.54560087,0.42521544,0.18900219,0.81099781,0.11432129,0.61098479,0.00575122,0.08108641,0.03980668,553274,0.12038543,0.63432575,0.3418271,0.29249865,0.1727565,Hispanic
CA-34,760747,0.75316502,0.20395516,0.20099008,0.79900992,0.04183878,0.63833517,0.00306673,0.11695726,0.03967588,605204,0.54920986,0.82537058,0.15293043,0.67244015,0.58528662,Hispanic
CA-35,759961,0.52348014,0.44651948,0.26353991,0.73646009,0.07556874,0.51818003,0.00555874,0.13752533,0.03688499,584845,0.07696066,0.59175451,0.38678535,0.20496916,0.11463016,Hispanic
CA-36,760429,0.68499284,0.28147874,0.55632016,0.44367984,0.05136787,0.1601483,0.00625268,0.21601118,0.01925025,629810,0.4035141,0.71347997,0.26515797,0.448322,0.41345007,White
CA-37,760605,0.72651021,0.23377008,0.09606051,0.90393949,0.13455032,0.59414014,0.00300294,0.17580924,0.04364108,594417,0.49274013,0.81747375,0.160176,0.65729775,0.54259267,Hispanic
CA-38,760086,0.54603808,0.4233721,0.13710551,0.86289449,0.03529739,0.48803654,0.00425276,0.33954899,0.02962374,604549,0.12266598,0.62593967,0.35561309,0.27032658,0.16688618,Hispanic
CA-39,759579,0.53721003,0.43212504,0.21052256,0.78947744,0.09442125,0.6164352,0.0064958,0.07164488,0.03906409,560054,0.10508499,0.62888571,0.34889867,0.27998704,0.15838567,Hispanic
CA-40,760845,0.42251643,0.54851641,0.39824529,0.60175471,0.07769387,0.37367799,0.00866626,0.13701591,0.03304364,568642,-0.12599998,0.46505826,0.51569635,-0.05063809,-0.10587935,Minority
CA-41,759405,0.54315759,0.43564628,0.41269888,0.58730112,0.06312569,0.45705937,0.00440707,0.05214403,0.03777218,583154,0.10751131,0.57595365,0.40669908,0.16925457,0.1230924,Hispanic
CA-42,760838,0.54021158,0.42831204,0.18604722,0.81395278,0.03633579,0.53705173,0.00731646,0.23363716,0.03516394,592226,0.11189954,0.60985679,0.36880354,0.24105325,0.14995078,Hispanic
CA-43,759264,0.78864951,0.18092268,0.13099486,0.86900514,0.34114808,0.42746211,0.00604183,0.10018119,0.03456102,598825,0.60772683,0.8473994,0.1339975,0.7134019,0.63795185,Hispanic
CA-44,759574,0.67612962,0.29311085,0.08709321,0.91290679,0.16115587,0.65377324,0.00956986,0.09592962,0.03896386,571273,0.38301877,0.76946821,0.20696441,0.5625038,0.43784711,Hispanic
CA-45,759523,0.54034893,0.43072668,0.24376206,0.75623794,0.07387506,0.32487869,0.01098467,0.34771426,0.02705787,596832,0.10962225,0.57551047,0.40430626,0.17120421,0.12514957,Asian
CA-46,760674,0.53246411,0.43530368,0.27874754,0.72125246,0.02220485,0.53616754,0.00564698,0.15509195,0.03997011,584737,0.09716043,0.58478455,0.39345216,0.19133239,0.12355108,Hispanic
CA-47,760423,0.53654074,0.43211999,0.49325593,0.50674407,0.06739881,0.26896307,0.00919852,0.15384615,0.02755523,620100,0.10442075,0.57509055,0.40196269,0.17312786,0.12232312,Minority
CA-48,759962,0.55058327,0.41934428,0.53477376,0.46522624,0.05196081,0.26239154,0.00792564,0.12777599,0.0347614,606765,0.13123899,0.57180417,0.40468255,0.16712162,0.13819987,White
CA-49,759468,0.52975939,0.43333379,0.50911754,0.49088246,0.02662358,0.15616315,0.00491421,0.29505557,0.01625024,605591,0.0964256,0.56511241,0.41483234,0.15028007,0.10937709,White
CA-50,760079,0.54940831,0.42086994,0.60531023,0.39468977,0.03734579,0.2167012,0.00901889,0.1178412,0.02540325,621141,0.12853837,0.5754875,0.40062033,0.17486717,0.1389813,White
CA-51,760536,0.56398688,0.40564615,0.52277656,0.47722344,0.03276158,0.22138429,0.00861457,0.20645658,0.02429011,587029,0.15834073,0.58115596,0.39614345,0.18501251,0.16223132,White
CA-52,760092,0.54107048,0.4314065,0.45498233,0.54501767,0.09752812,0.31136034,0.01080769,0.12152435,0.030912,590968,0.10966398,0.57804032,0.39937572,0.1786646,0.12766419,Minority
CO-01,721072,0.55570834,0.41589876,0.70610176,0.29389824,0.02032852,0.19805439,0.00276317,0.04765576,0.03219661,561674,0.13980958,0.55890213,0.41168646,0.14721567,0.13727828,White
CO-02,721866,0.56725246,0.40680611,0.77840389,0.22159611,0.01320397,0.1354509,0.00245296,0.0368725,0.03210373,576039,0.16044635,0.57045445,0.40711728,0.16333717,0.15640996,White
CO-03,722295,0.53973017,0.43220072,0.65640774,0.34359226,0.04700645,0.23870336,0.00444113,0.02524926,0.04404454,575304,0.10752945,0.5526072,0.41726294,0.13534426,0.11180105,White
CO-04,722100,0.33428669,0.64069129,0.7238468,0.2761532,0.04593953,0.16411837,0.00555402,0.0362334,0.03357198,540689,-0.3064046,0.3284896,0.64077593,-0.31228633,-0.31336518,White
CO-05,721880,0.58135681,0.39210757,0.71188037,0.28811963,0.02859488,0.1833758,0.00264784,0.05180816,0.03087096,570277,0.18924924,0.59209715,0.38286934,0.20922781,0.19090876,White
CO-06,722249,0.63758462,0.33466866,0.69523704,0.30476296,0.09181672,0.12104896,0.0032025,0.07217273,0.02491263,571116,0.30291596,0.66163152,0.3146612,0.34697032,0.31260075,White
CO-07,721262,0.56386837,0.40768293,0.77544919,0.22455081,0.02037,0.13178506,0.00230798,0.04114012,0.03122129,582327,0.15618544,0.56013981,0.41208235,0.14805746,0.14847611,White
CO-08,720990,0.55223203,0.41904149,0.42670112,0.57329888,0.1270093,0.3728554,0.00590811,0.05448276,0.0397294,532150,0.13319054,0.60773166,0.3642408,0.24349086,0.16495731,Minority
CT-01,721980,0.57688612,0.40642079,0.61368483,0.38631517,0.16701456,0.15412002,0.00165985,0.05578402,0.01930373,577764,0.17046533,0.60803589,0.37382267,0.23421322,0.18671463,White
CT-02,721674,0.56137781,0.42183556,0.76882612,0.23117388,0.07588237,0.09647697,0.00174894,0.04454601,0.01706614,588358,0.13954225,0.57884809,0.40436805,0.17448004,0.14618818,White
CT-03,721388,0.567749,0.41280318,0.48386926,0.51613074,0.2262725,0.24095602,0.00197131,0.04504416,0.01725556,567643,0.15494582,0.61299413,0.37525452,0.23773961,0.17754375,Minority
CT-04,720464,0.56068396,0.42306358,0.73515708,0.26484292,0.06225306,0.12943597,0.00096995,0.05934677,0.01126745,561884,0.13762038,0.59191033,0.3931722,0.19873813,0.15299296,White
CT-05,720438,0.55619388,0.42696722,0.73075502,0.26924498,0.06038935,0.13142415,0.00111929,0.05817866,0.01286137,573578,0.12922666,0.57884664,0.40574208,0.17310456,0.13885263,White
DE-AL,989948,0.56567569,0.41948412,0.62437671,0.37562329,0.22762886,0.08666531,0.001349,0.04834195,0.01994402,783543,0.14619157,0.58782167,0.39801393,0.18980774,0.15573029,White
FL-01,769447,0.30669747,0.67855003,0.71943891,0.28056109,0.13951015,0.06546959,0.00378344,0.04174174,0.03208083,605533,-0.37185256,0.32629418,0.65357179,-0.32727761,-0.36199424,White
FL-02,770010,0.24863622,0.7406589,0.79131924,0.20868076,0.09432246,0.06831681,0.00182694,0.01800024,0.02548959,627825,-0.49202268,0.27413639,0.71463506,-0.44049867,-0.47984801,White
FL-03,768716,0.54973151,0.43350101,0.58312837,0.41687163,0.2619092,0.0923051,0.00154123,0.04801246,0.0176583,622880,0.1162305,0.58678997,0.39895163,0.18783834,0.13509978,White
FL-04,769105,0.54180634,0.44151614,0.45534439,0.54465561,0.36119775,0.11029719,0.00288582,0.06316766,0.01906825,596017,0.1002902,0.56847945,0.41534284,0.15313661,0.11290567,Minority
FL-05,769567,0.33134116,0.65514503,0.77958875,0.22041125,0.08236504,0.0754051,0.00215649,0.0399792,0.01872988,611643,-0.32380387,0.35221607,0.63485244,-0.28263637,-0.31508137,White
FL-06,768838,0.30025168,0.68921289,0.74175504,0.25824496,0.1055808,0.10700149,0.00210276,0.02300428,0.02267294,618711,-0.38896121,0.31983412,0.668984,-0.34914988,-0.38069077,White
FL-07,769521,0.53770575,0.44585747,0.43598347,0.56401653,0.27820024,0.22194809,0.00239342,0.0558281,0.01745959,596635,0.09184828,0.58451224,0.40197182,0.18254042,0.11707899,Minority
FL-08,769124,0.37856023,0.60866354,0.73083074,0.26916926,0.10706267,0.11617757,0.00190019,0.02515776,0.02150234,634675,-0.23010331,0.41182537,0.57545598,-0.16363061,-0.21294574,White
FL-09,770050,0.53363692,0.45041695,0.31802717,0.68197283,0.14247947,0.49563334,0.00283711,0.05327781,0.01919548,594619,0.08321997,0.60423307,0.38319193,0.22104114,0.12416036,Hispanic
FL-10,769949,0.53144296,0.45102217,0.50434236,0.49565764,0.12586626,0.2760648,0.0028398,0.07297392,0.01756258,610958,0.08042079,0.56805712,0.41816324,0.14989388,0.09857849,White
FL-11,768602,0.35931152,0.62977751,0.69653807,0.30346193,0.11442023,0.15012432,0.00162083,0.0220689,0.01939011,634241,-0.27046599,0.38096812,0.60883856,-0.22787044,-0.26126747,White
FL-12,769497,0.37586932,0.61018298,0.69902865,0.30097135,0.06953511,0.1703429,0.00173555,0.04396564,0.01990885,610181,-0.23431366,0.40870472,0.57836917,-0.16966445,-0.21776392,White
FL-13,769029,0.50329219,0.48257262,0.69826216,0.30173784,0.12470082,0.12538842,0.00140455,0.03397967,0.01624584,647181,0.02071957,0.53676385,0.45074403,0.08601982,0.03748632,White
FL-14,769471,0.55042891,0.4293092,0.43618213,0.56381787,0.24372628,0.25661726,0.00239475,0.06367945,0.01845262,599644,0.12111971,0.60981567,0.37452691,0.23528876,0.15417606,Minority
FL-15,769322,0.37549692,0.61185205,0.59971276,0.40028724,0.11573526,0.24135504,0.00199648,0.03172602,0.02238154,592542,-0.23635513,0.39956324,0.58762703,-0.18806379,-0.22525802,White
FL-16,768510,0.41823327,0.56858509,0.71141356,0.28858644,0.06311036,0.16603914,0.00187013,0.04285603,0.01754007,643270,-0.15035182,0.4525405,0.53467903,-0.08213853,-0.13261406,White
FL-17,769239,0.33532471,0.65451382,0.81978745,0.18021255,0.04079424,0.09912611,0.00118371,0.02149255,0.0145254,651342,-0.31918911,0.37384587,0.61707456,-0.24322869,-0.29886897,White
FL-18,769194,0.35754826,0.63176222,0.68439835,0.31560165,0.09189817,0.18338425,0.00152115,0.02427878,0.01713503,621242,-0.27421396,0.39574003,0.59554629,-0.19980626,-0.25441139,White
FL-19,768533,0.36308423,0.62551647,0.69460954,0.30539046,0.07629837,0.19471741,0.00108178,0.02144177,0.01355821,639686,-0.26243224,0.40321773,0.58903156,-0.18581383,-0.24189277,White
FL-20,768690,0.52947381,0.45763149,0.51656854,0.48343146,0.24185561,0.19843978,0.00158691,0.03383808,0.01442371,621962,0.07184232,0.59446942,0.39690746,0.19756196,0.10874887,White
FL-21,769828,0.40395161,0.5832968,0.70635747,0.29364253,0.12125668,0.12359574,0.0018226,0.03041249,0.01781537,633161,-0.17934519,0.43100963,0.55711088,-0.12610125,-0.16659721,White
FL-22,769458,0.5335472,0.45415422,0.5076453,0.4923547,0.15739084,0.26970224,0.00161745,0.04640444,0.01180084,612075,0.07939298,0.59804413,0.39456282,0.20348131,0.11575576,White
FL-23,768642,0.61325132,0.37562336,0.3973101,0.6026899,0.35257415,0.20626271,0.00174026,0.02683678,0.0115496,626342,0.23762796,0.67265244,0.31972228,0.35293016,0.27106203,Minority
FL-24,768650,0.63966722,0.34967428,0.12728435,0.87271565,0.45100251,0.41886635,0.00129174,0.02128389,0.00870102,603837,0.28999294,0.74145269,0.25147464,0.48997805,0.35165464,Black
FL-25,769557,0.53563083,0.45098369,0.3315771,0.6684229,0.18807251,0.41751002,0.00190355,0.06472571,0.0123168,604134,0.08464714,0.60691491,0.38510616,0.22180875,0.12536768,Hispanic
FL-26,770100,0.30290156,0.68827858,0.17240622,0.82759378,0.04492793,0.78077469,0.00073308,0.01369783,0.00835299,632947,-0.38537702,0.38167647,0.61171011,-0.23003364,-0.33859589,Hispanic
FL-27,768936,0.5021092,0.48500794,0.22218549,0.77781451,0.14398665,0.61061314,0.00115626,0.02985587,0.01225633,614050,0.01710126,0.59879288,0.39289174,0.20590114,0.07503455,Hispanic
FL-28,768591,0.34149854,0.64921288,0.16398266,0.83601734,0.04885186,0.77190967,0.00083559,0.02273497,0.00849673,631890,-0.30771434,0.41978175,0.57294407,-0.15316232,-0.261197,Hispanic
GA-01,765915,0.54965567,0.44431315,0.48779154,0.51220846,0.4009657,0.06504785,0.00324145,0.03384171,0.01823696,594178,0.10534252,0.56138724,0.4249049,0.13648234,0.11072246,Minority
GA-02,764912,0.55884364,0.43656662,0.42140561,0.57859439,0.4940539,0.05205508,0.00236282,0.02347885,0.01526838,589126,0.12227702,0.5649997,0.42506196,0.13993774,0.12316393,Black
GA-03,765780,0.55177322,0.44256051,0.39542225,0.60457775,0.48710999,0.0732444,0.00116132,0.03600622,0.01761284,580372,0.10921271,0.56219168,0.42752223,0.13466945,0.11269829,Black
GA-04,765243,0.55582803,0.43845954,0.43720671,0.56279329,0.47964045,0.05093348,0.00123427,0.02382047,0.0157823,584959,0.11736849,0.55574894,0.43429292,0.12145602,0.113731,Black
GA-05,765209,0.54564239,0.44539152,0.50118301,0.49881699,0.31119378,0.12555727,0.0014271,0.04525206,0.02122104,587907,0.10025087,0.54046129,0.44440261,0.09605868,0.09385347,White
GA-06,765287,0.55585312,0.43759267,0.43312653,0.56687347,0.47374502,0.06596363,0.00114331,0.01614886,0.01917881,582518,0.11826045,0.56400498,0.42481538,0.1391896,0.12023683,Black
GA-07,764771,0.54878667,0.4381889,0.58050956,0.41949044,0.18772997,0.08256935,0.00143085,0.13465256,0.01433535,595451,0.11059777,0.5526887,0.43248048,0.12020822,0.10880125,White
GA-08,764736,0.27917009,0.71741089,0.64778528,0.35221472,0.25372849,0.06866174,0.00162976,0.01377468,0.01876035,581066,-0.4382408,0.29598609,0.69464918,-0.39866309,-0.43004823,White
GA-09,764891,0.20014847,0.79475237,0.819599,0.180401,0.05494402,0.08210804,0.00092567,0.01680761,0.02641746,597408,-0.5946039,0.19987695,0.78778653,-0.58790958,-0.59737246,White
GA-10,764315,0.55576793,0.43544988,0.53756868,0.46243132,0.31839095,0.07194147,0.00174183,0.0594135,0.01796167,590758,0.12031805,0.56918374,0.41748821,0.15169553,0.12577721,White
GA-11,765086,0.55594918,0.4326561,0.53456179,0.46543821,0.14492398,0.15849436,0.00138007,0.15090653,0.01839807,590551,0.12329308,0.56197053,0.42357996,0.13839057,0.12332558,White
GA-12,764610,0.55426361,0.43344447,0.39213219,0.60786781,0.2494249,0.23085805,0.00141157,0.12242437,0.02269947,568163,0.12081914,0.56319991,0.42292661,0.1402733,0.12230386,Minority
GA-13,765894,0.56321523,0.43180412,0.41863819,0.58136181,0.51264069,0.04521162,0.00143542,0.01470084,0.01547688,591463,0.13141111,0.57750033,0.41249865,0.16500168,0.13760797,Black
GA-14,765259,0.26115822,0.73230269,0.77883838,0.22116162,0.07819167,0.09710346,0.00112901,0.01894589,0.02763859,586354,-0.47114447,0.2585808,0.72667676,-0.46809596,-0.4751283,White
HI-01,727502,0.59628087,0.38242165,0.31815095,0.68184905,0.02401282,0.09569419,0.28379491,0.4325984,0.03034013,568488,0.21385922,0.63551047,0.34131755,0.29419292,0.23563712,Asian
HI-02,727769,0.61616178,0.36659497,0.1613147,0.8386853,0.03120952,0.06589186,0.1755431,0.68201635,0.01852347,587417,0.24956681,0.63925874,0.34413213,0.29512661,0.25975341,Asian
IA-01,797209,0.32544438,0.65848799,0.91025835,0.08974165,0.01867904,0.04207661,0.00299502,0.01062891,0.01306622,615021,-0.33304361,0.3523078,0.63062974,-0.27832194,-0.31980305,White
IA-02,796846,0.52540181,0.45602287,0.82417075,0.17582925,0.07324882,0.04879796,0.00219481,0.03382173,0.01561327,616911,0.06937894,0.55152578,0.42641666,0.12510912,0.08295567,White
IA-03,798163,0.51187833,0.46975616,0.80024472,0.19975528,0.05408503,0.0739565,0.00331301,0.05245738,0.01551294,606397,0.04212217,0.53412006,0.44318131,0.09093875,0.05339436,White
IA-04,798151,0.33212043,0.65067814,0.88306303,0.11693697,0.023968,0.054391,0.00232602,0.01428305,0.0190299,611774,-0.31855771,0.35558297,0.62546749,-0.26988452,-0.30733331,White
ID-01,919821,0.20178301,0.77244264,0.83231808,0.16768192,0.00734642,0.10983067,0.00334733,0.01486243,0.02896544,678153,-0.57065963,0.22086302,0.75142517,-0.53056215,-0.5622938,White
ID-02,919285,0.40898809,0.56181611,0.79775065,0.20224935,0.01584683,0.11058837,0.00494954,0.03191278,0.03706711,698247,-0.15282802,0.43708413,0.53043199,-0.09334786,-0.1380013,White
IL-01,753672,0.60303391,0.37698313,0.43260707,0.56739293,0.47085472,0.08151673,0.00031628,0.01086332,0.00619352,537497,0.22605078,0.66104617,0.32445084,0.33659533,0.25789896,Black
IL-02,753734,0.6009219,0.38101429,0.42423532,0.57576468,0.47478236,0.08746391,0.00026564,0.00806635,0.00607312,545848,0.21990761,0.64404523,0.34142559,0.30261964,0.24247829,Black
IL-03,753717,0.60779544,0.36611416,0.48970649,0.51029351,0.06397685,0.37281935,0.00024597,0.06798677,0.00409467,483800,0.24168128,0.67367399,0.30848473,0.36518926,0.27785061,Minority
IL-04,753658,0.58397364,0.3858948,0.32447058,0.67552942,0.06901389,0.55100193,0.00017702,0.05217271,0.00318405,446287,0.19807884,0.69844158,0.28402192,0.41441966,0.26519245,Hispanic
IL-05,753634,0.60857312,0.36967184,0.73194044,0.26805956,0.04963565,0.12305474,0.00009269,0.08943352,0.00522939,539451,0.23890128,0.63414739,0.34654619,0.2876012,0.25013459,White
IL-06,753707,0.53277405,0.4332562,0.74706243,0.25293757,0.08464942,0.10755937,0.00019993,0.05466838,0.00535788,545178,0.09951785,0.55942603,0.42223678,0.13718925,0.10707498,White
IL-07,753657,0.83346298,0.14686304,0.35779845,0.64220155,0.46185309,0.09711444,0.00033202,0.07695428,0.0049678,557188,0.68659994,0.86964234,0.11487997,0.75476237,0.70432075,Black
IL-08,753747,0.56412104,0.41063638,0.76978666,0.23021334,0.02989376,0.10715529,0.00027012,0.08896604,0.00405939,525695,0.15348466,0.58208208,0.39865583,0.18342625,0.15846519,White
IL-09,753670,0.57307845,0.40246291,0.6905116,0.3094884,0.07058517,0.11550595,0.00063055,0.11496087,0.00595221,526527,0.17061554,0.61009497,0.37218398,0.23791099,0.18804736,White
IL-10,753588,0.56595768,0.41191255,0.71005178,0.28994822,0.09207713,0.14914454,0.00039557,0.03814791,0.008047,530881,0.15404513,0.58701994,0.39299679,0.19402315,0.16237114,White
IL-11,753608,0.53724024,0.43512417,0.69959671,0.30040329,0.06321313,0.16615152,0.00029698,0.06531847,0.00593959,528656,0.10211607,0.56183286,0.41601117,0.14582169,0.11168461,White
IL-12,753731,0.26140783,0.71925591,0.90771098,0.09228902,0.04941606,0.01914406,0.00021068,0.00793669,0.01471119,579083,-0.45784808,0.26643833,0.7157021,-0.44926377,-0.45998664,White
IL-13,753634,0.56144203,0.41071381,0.70849715,0.29150285,0.20805825,0.03923224,0.00029729,0.03201275,0.01267809,568461,0.15072822,0.56331603,0.41303826,0.15027777,0.14557807,White
IL-14,753627,0.53532969,0.4355207,0.65547745,0.34452255,0.10946346,0.14621347,0.00015199,0.08401414,0.00394612,526340,0.09980899,0.57148368,0.40871332,0.16277036,0.11579611,White
IL-15,753640,0.28153073,0.69679873,0.9341937,0.0658063,0.02750831,0.02092596,0.00033361,0.00693844,0.01022789,578516,-0.415268,0.28914488,0.69035422,-0.40120934,-0.41558178,White
IL-16,753764,0.57168495,0.40605413,0.72550223,0.27449777,0.03702759,0.13866602,0.00044106,0.09273869,0.00528116,521476,0.16563082,0.60211362,0.37844377,0.22366985,0.17997716,White
IL-17,753720,0.53180975,0.44287333,0.75442147,0.24557853,0.13491231,0.07553457,0.00058851,0.02473892,0.00829324,553945,0.08893642,0.54113937,0.43484212,0.10629725,0.08972336,White
IN-01,753749,0.50147001,0.48260627,0.61162017,0.38837983,0.18368432,0.14749993,0.0056039,0.0410878,0.02047936,581024,0.01886374,0.53630539,0.44603144,0.09027395,0.03766714,White
IN-02,754525,0.50156783,0.48172593,0.70900515,0.29099485,0.13702598,0.09627699,0.0013481,0.03635729,0.02131039,578591,0.0198419,0.51612851,0.46394776,0.05218075,0.02562152,White
IN-03,753856,0.28477514,0.69848311,0.90142472,0.09857528,0.02912856,0.03655953,0.00091236,0.01153482,0.01763072,567759,-0.41370797,0.28585476,0.69452106,-0.4086663,-0.41702741,White
IN-04,753493,0.33747889,0.64452216,0.86305057,0.13694943,0.05133835,0.04043347,0.00113363,0.02033027,0.02002459,572496,-0.30704327,0.33242479,0.64588455,-0.31345976,-0.3141821,White
IN-05,753999,0.56904184,0.41295708,0.63660819,0.36339181,0.18695122,0.09363765,0.00127155,0.06695108,0.01714642,564666,0.15608476,0.57394037,0.40672295,0.16721742,0.15479565,White
IN-06,753627,0.27492035,0.70834301,0.87902685,0.12097315,0.02588281,0.05852631,0.00084184,0.01134156,0.02056035,578492,-0.43342266,0.28715316,0.69264112,-0.40548796,-0.42911109,White
IN-07,753747,0.56314166,0.42062483,0.6591511,0.3408489,0.20276925,0.07523519,0.00136283,0.04409102,0.0203703,582613,0.14251683,0.57216897,0.40920089,0.16296808,0.14433391,White
IN-08,754027,0.31164271,0.67161476,0.891947,0.108053,0.04634575,0.02472593,0.00149073,0.01327994,0.01838052,585620,-0.35997205,0.32581847,0.65568615,-0.32986768,-0.35493726,White
IN-09,754505,0.28623518,0.69647196,0.89421281,0.10578719,0.02980985,0.03539199,0.00105966,0.01598265,0.02118118,581318,-0.41023678,0.29481245,0.6861083,-0.39129585,-0.40892314,White
KS-01,734609,0.24026807,0.74142883,0.8033938,0.1966062,0.02656465,0.12652771,0.00211054,0.01323637,0.03047933,554835,-0.50116076,0.24710701,0.73207487,-0.48496786,-0.50076313,White
KS-02,734867,0.31130921,0.67086781,0.83279579,0.16720421,0.03309401,0.06476587,0.00198629,0.02222654,0.04424628,551278,-0.3595586,0.31333546,0.66400469,-0.35066923,-0.36159548,White
KS-03,734576,0.54361825,0.4388497,0.70493864,0.29506136,0.09667427,0.11584368,0.00197674,0.05650374,0.02588748,558494,0.10476855,0.54737256,0.43202416,0.1153484,0.10329517,White
KS-04,733828,0.54244089,0.4389942,0.68251967,0.31748033,0.10837086,0.1256966,0.00282978,0.04919348,0.03919895,564709,0.10344669,0.54922115,0.42541148,0.12380967,0.10523435,White
KY-01,750514,0.25978054,0.72699786,0.8440866,0.1559134,0.08084411,0.03475103,0.00205181,0.01588683,0.02100944,578026,-0.46721732,0.2836158,0.70091934,-0.41730354,-0.45557939,White
KY-02,750568,0.28504019,0.6997009,0.87136541,0.12863459,0.05759924,0.03114005,0.00172874,0.01447823,0.02183585,573827,-0.41466071,0.30606984,0.67625872,-0.37018888,-0.40483677,White
KY-03,751021,0.53483076,0.44560999,0.72959146,0.27040854,0.174877,0.046549,0.0018882,0.0279277,0.01930126,586801,0.08922077,0.55413688,0.42684377,0.12729311,0.09691155,White
KY-04,751379,0.52247526,0.45764217,0.71102795,0.28897205,0.14979265,0.07742636,0.00263376,0.04345446,0.01916573,588133,0.06483309,0.53934017,0.43987075,0.09946942,0.07137853,White
KY-05,751188,0.1539002,0.83480342,0.93931023,0.06068977,0.01988228,0.01437484,0.00059767,0.00525057,0.01823484,583937,-0.68090322,0.1739937,0.81400004,-0.64000634,-0.67227093,White
KY-06,751166,0.2726236,0.7115104,0.91215613,0.08784387,0.02980411,0.02420373,0.00098922,0.01065118,0.01915642,573176,-0.4388868,0.2902091,0.6932393,-0.4030302,-0.4319346,White
LA-01,775990,0.23948166,0.7434051,0.74470333,0.25529667,0.12495818,0.08160995,0.00100202,0.02592844,0.02045301,588813,-0.50392344,0.23379457,0.74776143,-0.51396686,-0.51227125,White
LA-02,776162,0.63474864,0.34250202,0.42195939,0.57804061,0.42701443,0.10560138,0.00117929,0.03967761,0.01758602,609689,0.29224662,0.6465247,0.33570231,0.31082239,0.29343854,Black
LA-03,776372,0.25278638,0.73451996,0.69519002,0.30480998,0.19541739,0.05871242,0.00103724,0.02219599,0.02990804,587133,-0.48173358,0.25770523,0.72638243,-0.4686772,-0.48238145,White
LA-04,776419,0.15521056,0.83417931,0.78508101,0.21491899,0.12777527,0.04027854,0.00163945,0.01625194,0.02803697,589222,-0.67896875,0.1620549,0.82402568,-0.66197078,-0.67830276,White
LA-05,776181,0.52222864,0.46309524,0.43335606,0.56664394,0.49786747,0.03903552,0.0012157,0.01495551,0.01765464,593895,0.0591334,0.54160206,0.44135633,0.10024573,0.06783751,Black
LA-06,776633,0.56058002,0.42233374,0.42910056,0.57089944,0.49209533,0.04957992,0.00092058,0.01993865,0.01258732,601796,0.13824628,0.58359896,0.39822795,0.18537101,0.14895452,Black
MA-01,781497,0.58807322,0.37579013,0.72347799,0.27652201,0.07605048,0.15208829,0.00177064,0.03996994,0.01715258,631975,0.21228309,0.6335608,0.34318504,0.29037576,0.23331398,White
MA-02,781157,0.58238612,0.37720987,0.71391076,0.28608924,0.06879073,0.1162725,0.001318,0.0678099,0.01466252,619880,0.20517625,0.62857664,0.34465132,0.28392532,0.22642594,White
MA-03,780230,0.58679641,0.3737128,0.69322437,0.30677563,0.06679892,0.08022156,0.00110172,0.12609109,0.00925473,623573,0.21308361,0.6320188,0.34559142,0.28642738,0.23253153,White
MA-04,781991,0.58395171,0.38086233,0.72459267,0.27540733,0.1171633,0.06722857,0.0012667,0.05942048,0.01147121,620510,0.20308938,0.6405692,0.33866401,0.30190519,0.23102798,White
MA-05,780918,0.60749509,0.35069217,0.74444744,0.25555256,0.06711761,0.06938435,0.00131965,0.09858423,0.01018779,638804,0.25680292,0.66371553,0.31302955,0.35068598,0.28309727,White
MA-06,781210,0.58805918,0.37640778,0.69675348,0.30324652,0.06024491,0.20294258,0.00146789,0.04027452,0.01364843,617214,0.2116514,0.63934062,0.33865219,0.30068843,0.23633041,White
MA-07,780786,0.71830573,0.23859726,0.47693837,0.52306163,0.21149262,0.19975547,0.00183321,0.11344272,0.01352127,651862,0.47970847,0.7914881,0.19032037,0.60116773,0.51519489,Minority
MA-08,781124,0.63922637,0.31989372,0.77719373,0.22280627,0.0362066,0.06343225,0.00104061,0.09013113,0.01031727,618865,0.31933265,0.67918801,0.29633071,0.3828573,0.33550753,White
MA-09,781004,0.57961555,0.38522039,0.79535598,0.20464402,0.06384001,0.03513977,0.00122925,0.07451329,0.01089948,641040,0.19439516,0.62133616,0.35712415,0.26421201,0.21266744,White
MD-01,771221,0.61195177,0.35961384,0.46202245,0.53797755,0.40345602,0.09598552,0.0014311,0.03151376,0.01810914,607925,0.25233793,0.64202667,0.33532603,0.30670064,0.26545883,Minority
MD-02,772145,0.58492822,0.3846874,0.587022,0.412978,0.26697553,0.06953763,0.00138479,0.05903455,0.02129623,610202,0.20024082,0.59937703,0.37598397,0.22339306,0.20295823,White
MD-03,771828,0.58631421,0.37969533,0.58212329,0.41787671,0.2765113,0.05194209,0.0013324,0.07802997,0.01446417,603422,0.20661888,0.60598751,0.36784567,0.23814184,0.21212653,White
MD-04,772366,0.67304613,0.29144032,0.48107374,0.51892626,0.19994802,0.19984742,0.00177224,0.10962409,0.02173971,596420,0.38160581,0.71059998,0.26326522,0.44733476,0.39851546,Minority
MD-05,772344,0.67476167,0.29787849,0.3657708,0.6342292,0.51749007,0.07201304,0.00205608,0.03562988,0.02241482,598711,0.37688318,0.70439627,0.27456211,0.42983416,0.38953351,Black
MD-06,771280,0.60071529,0.36415845,0.6227081,0.3772919,0.12194475,0.0964717,0.00152338,0.14486503,0.01514591,603265,0.23655684,0.63401913,0.34249347,0.29152566,0.24987978,White
MD-07,772570,0.65617641,0.31027416,0.4222597,0.5777403,0.4502057,0.06830929,0.00196528,0.04829281,0.0195944,599406,0.34590225,0.67793296,0.29655926,0.3813737,0.35272607,Black
MD-08,771649,0.62390015,0.33608971,0.46377534,0.53622466,0.24411304,0.16561859,0.00158597,0.11956009,0.02287988,595851,0.28781044,0.65339215,0.31663912,0.33675303,0.29912464,Minority
ME-01,680539,0.52126939,0.45847973,0.91624535,0.08375465,0.02092822,0.01595958,0.00103006,0.0164519,0.02058305,550453,0.06278966,0.52981495,0.44074611,0.08906884,0.06654939,White
ME-02,681820,0.52668936,0.45089828,0.916949,0.083051,0.01865512,0.01585149,0.00103818,0.01600159,0.02407832,559632,0.07579108,0.53213289,0.43985705,0.09227584,0.076286,White
MI-01,774950,0.34338517,0.64229836,0.91174445,0.08825555,0.01340292,0.0149938,0.00089587,0.00770094,0.0438512,627326,-0.29891319,0.35482222,0.62970011,-0.27487789,-0.29590142,White
MI-02,774683,0.31576876,0.66935636,0.89606873,0.10393127,0.02582181,0.03937169,0.00093064,0.01088947,0.0201166,593142,-0.3535876,0.3184575,0.66372356,-0.34526606,-0.35581375,White
MI-03,774739,0.53120113,0.45207878,0.77297313,0.22702687,0.0855821,0.08518585,0.00115576,0.0318543,0.02450534,605664,0.07912235,0.53124858,0.45032663,0.08092195,0.07472222,White
MI-04,774532,0.51417201,0.47017993,0.76715783,0.23284217,0.10765692,0.06980861,0.0011127,0.02753598,0.02430055,603937,0.04399208,0.51849859,0.4631205,0.05537809,0.04278742,White
MI-05,775845,0.54713284,0.43704692,0.57704516,0.42295484,0.31497784,0.07438017,0.00087502,0.01463415,0.02181233,601128,0.11008592,0.57704604,0.40948896,0.16755708,0.12424297,White
MI-06,774730,0.55258421,0.42610219,0.78361245,0.21638755,0.07989974,0.04307371,0.00114297,0.06907376,0.01933705,621191,0.12648202,0.56853317,0.41701464,0.15151853,0.12982752,White
MI-07,775148,0.51100664,0.47222076,0.78122681,0.21877319,0.101829,0.05264982,0.00110838,0.0385302,0.02339047,611702,0.03878588,0.52328643,0.45831041,0.06497602,0.04251593,White
MI-08,774771,0.50083236,0.48457014,0.75334693,0.24665307,0.15554426,0.04562188,0.0008607,0.01676631,0.02552469,607647,0.01626222,0.52040211,0.46411102,0.05629109,0.02460518,White
MI-09,775767,0.31981272,0.66676305,0.89733222,0.10266778,0.02860044,0.02958141,0.00061904,0.01661426,0.01974714,610620,-0.34695033,0.33677215,0.649438,-0.31266585,-0.34052217,White
MI-10,775695,0.53938489,0.43646854,0.61487033,0.38512967,0.283476,0.02130736,0.00095837,0.06177715,0.01689528,613544,0.10291635,0.58753671,0.39957207,0.18796464,0.12626578,White
MI-11,775167,0.55303403,0.42656075,0.72905898,0.27094102,0.11737865,0.04693039,0.00077318,0.08768185,0.01476168,616935,0.12647328,0.57486876,0.41192646,0.1629423,0.13362962,White
MI-12,775192,0.52704894,0.41728271,0.66039564,0.33960436,0.20622152,0.05828579,0.00102454,0.05158154,0.02171455,592460,0.10976623,0.61190934,0.37449119,0.23741815,0.14731687,White
MI-13,776108,0.57075418,0.41308651,0.58812022,0.41187978,0.31046571,0.02480535,0.00086984,0.05754599,0.01669774,609304,0.15766767,0.59271825,0.39470455,0.1980137,0.16611635,White
MN-1,712445,0.53616636,0.44013704,0.79277816,0.20722184,0.06277587,0.07577628,0.00169022,0.04516029,0.02001921,546675,0.09602932,0.55083921,0.42613244,0.12470677,0.10058847,White
MN-2,713035,0.5289861,0.44638497,0.80527556,0.19472444,0.0609817,0.05745781,0.00137469,0.05552333,0.01599517,544852,0.08260113,0.53544031,0.4401384,0.09530191,0.08183472,White
MN-3,714144,0.54935553,0.4259098,0.77053337,0.22946663,0.09559427,0.04151964,0.0011225,0.07334426,0.01526122,539865,0.12344573,0.55438749,0.42211566,0.13227183,0.12138776,White
MN-4,713072,0.54593932,0.43036451,0.72077114,0.27922886,0.08125332,0.04681066,0.0014601,0.10207567,0.0474286,548593,0.11557481,0.56826474,0.40862048,0.15964426,0.12526463,White
MN-5,713891,0.54629816,0.42444166,0.71311846,0.28688154,0.13825172,0.05758257,0.0013823,0.06535348,0.02554179,552702,0.1218565,0.57260988,0.40125232,0.17135756,0.13335685,White
MN-6,713369,0.54054771,0.43469094,0.83511227,0.16488773,0.0444605,0.05267111,0.00135249,0.04662194,0.01778095,553795,0.10585677,0.55438591,0.42325481,0.1311311,0.10928155,White
MN-7,712950,0.28705893,0.69430654,0.92250832,0.07749168,0.01159048,0.0329699,0.00141549,0.00817492,0.01794364,543981,-0.40724761,0.30098472,0.67885989,-0.37787517,-0.4024568,White
MN-8,713585,0.54800267,0.42916976,0.83617185,0.16382815,0.04962699,0.03403531,0.00130334,0.04405917,0.02990689,558567,0.11883291,0.55736031,0.41954284,0.13781747,0.1201611,White
MO-01,769216,0.53112687,0.45144054,0.72303113,0.27696887,0.18259919,0.03165782,0.00103665,0.03516324,0.02214241,614477,0.07968633,0.55175079,0.43099981,0.12075098,0.08837455,White
MO-02,769872,0.52313617,0.46129544,0.67143878,0.32856122,0.22575864,0.0360126,0.00118362,0.04301819,0.02002199,593098,0.06184073,0.52866245,0.45401033,0.07465212,0.06111119,White
MO-03,769459,0.53198839,0.44937943,0.74442279,0.25557721,0.15180493,0.03009571,0.00120822,0.04966857,0.0192783,600883,0.08260896,0.5429107,0.43805693,0.10485377,0.0850239,White
MO-04,768944,0.26420437,0.72389481,0.86469735,0.13530265,0.04094046,0.03995161,0.00310757,0.01373007,0.0322226,588562,-0.45969044,0.26905677,0.71267829,-0.44362152,-0.45933413,White
MO-05,769177,0.61236169,0.37002697,0.61946641,0.38053359,0.2260475,0.09135138,0.00414279,0.03496676,0.02933048,595251,0.24233472,0.62633258,0.35409418,0.2722384,0.24730261,White
MO-06,768849,0.27480109,0.71327497,0.87972088,0.12027912,0.03933217,0.0343981,0.00287483,0.01086478,0.02826773,590992,-0.43847388,0.28434037,0.69784772,-0.41350735,-0.4351517,White
MO-07,769217,0.28076735,0.70688848,0.85038047,0.14961953,0.02626385,0.0495487,0.00448948,0.01903538,0.04573391,595838,-0.42612113,0.28348322,0.69818217,-0.41469895,-0.42731374,White
MO-08,770179,0.19331485,0.79798999,0.8877506,0.1122494,0.04584157,0.01765936,0.00099244,0.009859,0.03068845,596511,-0.60467514,0.2035883,0.78289111,-0.57930281,-0.6012177,White
MS-01,740381,0.23520424,0.7557794,0.73692193,0.26307807,0.20332882,0.02580228,0.00068324,0.01108383,0.02238784,572275,-0.52057516,0.25787571,0.72982902,-0.47195331,-0.50936788,White
MS-02,740698,0.53175507,0.45342006,0.41630891,0.58369109,0.5295471,0.0301227,0.00080585,0.01377554,0.01243837,564624,0.07833501,0.56798474,0.41787066,0.15011408,0.09726137,Black
MS-03,740057,0.53150949,0.457555,0.43635647,0.56364353,0.51797917,0.02457013,0.00075828,0.01177693,0.01138471,573664,0.07395449,0.55653435,0.4298161,0.12671825,0.08654241,Black
MS-04,740143,0.24636906,0.74383607,0.72014652,0.27985348,0.19501231,0.04015265,0.0016454,0.02088051,0.02242362,567036,-0.49746701,0.26235424,0.72408663,-0.46173239,-0.49055547,White
MT-01,541754,0.49548894,0.47005095,0.84074669,0.15925331,0.01045493,0.04092591,0.00233136,0.01621914,0.08309802,428506,0.02543799,0.51496516,0.45723646,0.0577287,0.03120156,White
MT-02,542471,0.27812782,0.6932648,0.87114134,0.12885866,0.00702533,0.0293418,0.00229829,0.01092224,0.0724022,421617,-0.41513698,0.29690238,0.68034326,-0.38344088,-0.40957161,White
NC-01,746463,0.53855861,0.45074982,0.47178373,0.52821627,0.44511546,0.05459838,0.00142826,0.01433188,0.02030138,588827,0.08780879,0.56101637,0.42871122,0.13230515,0.09764091,Minority
NC-02,745585,0.55674601,0.42213289,0.6548541,0.3451459,0.13334344,0.09002612,0.00145146,0.10496688,0.01808083,560815,0.13461312,0.55734749,0.42307601,0.13427148,0.12949924,White
NC-03,745906,0.31184379,0.67762422,0.72020053,0.27979947,0.11931007,0.06691538,0.00263556,0.0151553,0.07866153,597217,-0.36578043,0.32526021,0.66108976,-0.33582955,-0.3607968,White
NC-04,745844,0.56006994,0.42504181,0.58648575,0.41351425,0.25162285,0.10680153,0.00146879,0.03471923,0.0269245,592323,0.13502813,0.57696537,0.40848506,0.16848031,0.14117886,White
NC-05,746165,0.23182981,0.75789208,0.83006871,0.16993129,0.07440521,0.06010109,0.00079118,0.01192718,0.02300884,588991,-0.52606227,0.23450326,0.75398598,-0.51948272,-0.52886909,White
NC-06,745531,0.5515053,0.43134468,0.59641861,0.40358139,0.24874509,0.09785634,0.00131699,0.04215569,0.02138697,583907,0.12016062,0.55555781,0.42880949,0.12674832,0.11735652,White
NC-07,745688,0.55648286,0.42848102,0.55746498,0.44253502,0.26782603,0.10781348,0.00413675,0.04600091,0.0305482,573880,0.12800184,0.56444157,0.419261,0.14518057,0.12872808,White
NC-08,746031,0.55511012,0.42633831,0.58876788,0.41123212,0.21684279,0.10600195,0.00168536,0.06300973,0.03039375,575546,0.12877181,0.57133116,0.41208663,0.15924453,0.13392938,White
NC-09,744750,0.55154217,0.43290127,0.55633621,0.44366379,0.30134145,0.09454433,0.00124499,0.03301051,0.02223046,574302,0.1186409,0.5572527,0.4284304,0.1288223,0.1170347,White
NC-10,745574,0.28449551,0.7048957,0.79811735,0.20188265,0.09112283,0.066432,0.00096573,0.0218619,0.02196257,586088,-0.42040019,0.28320272,0.70412051,-0.42091779,-0.42557272,White
NC-11,744828,0.33265544,0.65435403,0.85386371,0.14613629,0.04186442,0.05331587,0.00141164,0.01356727,0.03595565,606386,-0.32169859,0.33279548,0.65301346,-0.32021798,-0.32620505,White
NC-12,745636,0.57457197,0.40413374,0.47731949,0.52268051,0.30969408,0.14097585,0.00145591,0.06013014,0.02182263,561848,0.17043823,0.58185044,0.4020371,0.17981334,0.16856327,Minority
NC-13,746320,0.55220577,0.43195537,0.53706335,0.46293665,0.29228549,0.11931683,0.00198691,0.03854229,0.0226418,577781,0.1202504,0.56766,0.41587019,0.15178981,0.12576354,White
NC-14,745067,0.57224385,0.41057517,0.66011397,0.33988603,0.2104556,0.08399865,0.00209473,0.02576347,0.02127087,587188,0.16166868,0.56763836,0.41687129,0.15076707,0.15303481,White
ND-AL,779094,0.3051079,0.66956852,0.84408473,0.15591527,0.03597425,0.03624099,0.0022832,0.02213077,0.05876768,596093,-0.36446062,0.31777451,0.65120268,-0.33342817,-0.35911647,White
NE-01,653262,0.58766628,0.39677485,0.69217888,0.30782112,0.11421215,0.11849745,0.00198796,0.05238965,0.02607706,501015,0.19089143,0.59316548,0.38415787,0.20900761,0.19193016,White
NE-02,654096,0.39499702,0.59238679,0.84322402,0.15677598,0.02997935,0.06629833,0.00183959,0.03345229,0.02355848,479997,-0.19738977,0.39451006,0.58387501,-0.18936495,-0.19971483,White
NE-03,654146,0.21046719,0.77825354,0.84367874,0.15632126,0.01421892,0.10927764,0.00151076,0.01017743,0.0228048,495115,-0.56778635,0.21483591,0.76539389,-0.55055798,-0.56704356,White
NH-01,688457,0.50965425,0.47592038,0.85981788,0.14018212,0.02531041,0.05144487,0.00117055,0.04132825,0.01445412,557004,0.03373387,0.53252151,0.45197012,0.08055139,0.04433971,White
NH-02,689072,0.50356859,0.4813936,0.9168902,0.0831098,0.0136142,0.019772,0.0009988,0.01916349,0.0199636,563676,0.02217499,0.52488526,0.45772294,0.06716232,0.03217077,White
NJ-01,773355,0.52282757,0.45845461,0.69670638,0.30329362,0.11798023,0.10559499,0.00176002,0.07143229,0.01472598,614764,0.06437296,0.55421999,0.43248869,0.1217313,0.07849241,White
NJ-02,773086,0.51384544,0.46937365,0.60075147,0.39924853,0.19210205,0.16605758,0.00162736,0.03566268,0.02093677,602815,0.04447179,0.55022281,0.4363514,0.11387141,0.062605,White
NJ-03,773877,0.5382692,0.44146268,0.63380906,0.36619094,0.13997261,0.10212813,0.00143971,0.11491125,0.01307138,614013,0.09680652,0.57947511,0.40742114,0.17205397,0.116889,White
NJ-04,773249,0.32293064,0.66115017,0.83433535,0.16566465,0.03535711,0.08891295,0.00080692,0.02685151,0.01214771,591140,-0.33821953,0.36179546,0.6251497,-0.26335424,-0.31826443,White
NJ-05,774085,0.49744464,0.48230482,0.6111051,0.3888949,0.05885256,0.14471686,0.00136264,0.18276417,0.00947944,609846,0.01513982,0.55962999,0.42869967,0.13093032,0.04873665,White
NJ-06,773620,0.5069778,0.46738306,0.49541115,0.50458885,0.1340798,0.20733955,0.00144541,0.15880384,0.01368889,611591,0.03959474,0.57760226,0.4098348,0.16776746,0.07731898,Minority
NJ-07,773719,0.53339047,0.44408511,0.63285421,0.36714579,0.13740389,0.16351569,0.00128113,0.05887716,0.01368149,601031,0.08930536,0.56956751,0.41503156,0.15453595,0.10604889,White
NJ-08,773610,0.58222593,0.39060643,0.28280638,0.71719362,0.11043674,0.49917898,0.00213923,0.11531706,0.02281841,611436,0.1916195,0.68373855,0.30588942,0.37784913,0.24869604,Hispanic
NJ-09,773926,0.5131868,0.45768678,0.40597321,0.59402679,0.13831788,0.38206974,0.00155299,0.08905272,0.0185611,601419,0.05550002,0.61506173,0.37425715,0.24080458,0.11226821,Minority
NJ-10,773708,0.7558899,0.2222942,0.15715102,0.84284898,0.50458946,0.23276432,0.00214192,0.10425768,0.01554971,600397,0.5335957,0.84005894,0.15228891,0.68777003,0.57998714,Black
NJ-11,774158,0.50267238,0.47670387,0.6902853,0.3097147,0.07184542,0.12169095,0.00093401,0.10668472,0.01102689,612412,0.02596851,0.54607314,0.43985024,0.1062229,0.04771997,White
NJ-12,772623,0.54563164,0.42056981,0.49695469,0.50304531,0.10566373,0.15250653,0.00129905,0.23928406,0.0117881,610446,0.12506183,0.60706318,0.37912802,0.22793516,0.15435294,Minority
NM-01,706028,0.53505769,0.44062435,0.47776208,0.52223792,0.034578,0.40666627,0.00262761,0.03527654,0.06103138,558303,0.09443334,0.54522948,0.43191402,0.11331546,0.09572738,Minority
NM-02,705447,0.49904519,0.47949698,0.34059666,0.65940334,0.02969534,0.56774733,0.00265001,0.02094325,0.06247243,537357,0.01954821,0.53590097,0.44229423,0.09360674,0.03923439,Hispanic
NM-03,706047,0.51936739,0.45766271,0.39442769,0.60557231,0.02054004,0.3582323,0.00241658,0.01890751,0.2223938,543329,0.06170468,0.54666032,0.43164066,0.11501966,0.07447634,Minority
NV-01,776755,0.49711952,0.48543864,0.42581503,0.57418497,0.11468813,0.34113974,0.01484923,0.10072598,0.0298616,588448,0.01168088,0.5281154,0.45152149,0.07659391,0.02831856,Minority
NV-02,776598,0.41854783,0.55808277,0.66780569,0.33219431,0.02810543,0.19774725,0.00895572,0.05956087,0.04507304,611341,-0.13953494,0.43039381,0.54085326,-0.11045945,-0.13484311,White
NV-03,775576,0.49786584,0.48546087,0.44205737,0.55794263,0.1233713,0.21393178,0.01828948,0.20294188,0.02364337,616748,0.01240497,0.53663088,0.44431025,0.09232063,0.03404352,Minority
NV-04,775685,0.49747651,0.48421505,0.45943541,0.54056459,0.17103365,0.26109731,0.01563031,0.08793393,0.0307814,596789,0.01326146,0.52143325,0.456896,0.06453725,0.02535339,Minority
NY-01,776544,0.52045282,0.46421487,0.56480702,0.43519298,0.12309953,0.2549062,0.00115727,0.05466629,0.02010591,615242,0.05623795,0.57539894,0.41031833,0.16508061,0.08751884,White
NY-02,777285,0.37512284,0.61393181,0.77372298,0.22627702,0.04813785,0.12738179,0.00090589,0.04264135,0.01133573,621486,-0.23880897,0.41704852,0.56885504,-0.15180652,-0.21480815,White
NY-03,777339,0.58354478,0.40276616,0.30769724,0.69230276,0.30627094,0.27961497,0.00231362,0.13551627,0.01725359,608569,0.18077862,0.67564687,0.31350084,0.36214603,0.23623442,Minority
NY-04,776890,0.53471616,0.45145735,0.47231879,0.52768121,0.1933569,0.2129775,0.00133325,0.12189771,0.01296902,613539,0.08325881,0.60254527,0.38518844,0.21735683,0.12295815,Minority
NY-05,776211,0.5631371,0.42782699,0.3931011,0.6068989,0.41120506,0.13666593,0.00231459,0.05785996,0.0154552,610474,0.13531011,0.63802003,0.35128786,0.28673217,0.18078413,Black
NY-06,777515,0.53031626,0.44675326,0.20716265,0.79283735,0.08242773,0.18306897,0.00254923,0.52163785,0.01405216,637055,0.083563,0.66198573,0.32747911,0.33450662,0.16221087,Asian
NY-07,776531,0.62312606,0.35299045,0.29777619,0.70222381,0.13786495,0.352945,0.00419084,0.20320336,0.0294595,630900,0.27013561,0.73002932,0.25807004,0.47195928,0.33241017,Hispanic
NY-08,776898,0.67889671,0.30715017,0.28985793,0.71014207,0.49001024,0.15239519,0.00206448,0.09415911,0.0137192,613228,0.37174654,0.74122711,0.24996436,0.49126275,0.40658528,Black
NY-09,776713,0.64018683,0.34238849,0.31355346,0.68644654,0.44325326,0.11310539,0.00159132,0.13956799,0.01239667,590078,0.29779834,0.7126612,0.27828463,0.43437657,0.33832442,Black
NY-10,777538,0.66905977,0.30297289,0.39300339,0.60699661,0.11582096,0.21028141,0.00203356,0.28916272,0.01787629,610753,0.36608688,0.74380571,0.24313572,0.50066999,0.40594792,Minority
NY-11,777283,0.56562851,0.41467788,0.58737539,0.41262461,0.1225907,0.16713496,0.00199312,0.12703851,0.01471198,619631,0.15095063,0.61229487,0.37576053,0.23653434,0.17447853,White
NY-12,777596,0.79664093,0.18246488,0.6702499,0.3297501,0.05580489,0.09955149,0.00380689,0.16655243,0.00784999,690065,0.61417605,0.84361896,0.14092584,0.70269312,0.63868174,White
NY-13,777179,0.82921946,0.15256454,0.33610585,0.66389415,0.26995187,0.34976549,0.00260278,0.0908536,0.02270113,651994,0.67665492,0.88962682,0.09808842,0.7915384,0.70994941,Hispanic
NY-14,776232,0.65833626,0.32020973,0.23634899,0.76365101,0.14207129,0.47133717,0.00270717,0.17409682,0.03218761,623159,0.33812653,0.77389919,0.21437892,0.55952027,0.40692444,Hispanic
NY-15,776531,0.68938717,0.29970915,0.07009743,0.92990257,0.35437888,0.62494483,0.00432796,0.04589351,0.03169369,582261,0.38967802,0.83367649,0.15843419,0.6752423,0.47986611,Hispanic
NY-16,777409,0.54098651,0.45032567,0.47387577,0.52612423,0.21083373,0.25285629,0.00164962,0.06783519,0.01636528,572859,0.09066084,0.60855278,0.3807096,0.22784318,0.13138829,Minority
NY-17,776520,0.56105543,0.43278427,0.64675242,0.35324758,0.07873823,0.19787714,0.00121146,0.07123181,0.01380469,605881,0.12827116,0.60134106,0.38584018,0.21550088,0.15234773,White
NY-18,777180,0.53626221,0.45707321,0.65098096,0.34901904,0.13054351,0.17266714,0.00137795,0.03911734,0.02045926,619035,0.079189,0.55760009,0.42551589,0.1320842,0.09182073,White
NY-19,776359,0.53697714,0.45346051,0.78284326,0.21715674,0.08989704,0.06451929,0.00132903,0.04202845,0.02014847,633547,0.08351663,0.55105044,0.42646371,0.12458673,0.09220666,White
NY-20,776647,0.53878754,0.45133256,0.80168091,0.19831909,0.07083705,0.04895071,0.00168603,0.05131499,0.01954765,625139,0.08745498,0.55762824,0.42044789,0.13718035,0.0990301,White
NY-21,777439,0.34150232,0.65393096,0.88851109,0.11148891,0.03307321,0.0309473,0.00129872,0.01073072,0.02717678,612913,-0.31242864,0.35562295,0.62359349,-0.26797054,-0.30260927,White
NY-22,777536,0.54225465,0.45173275,0.78856473,0.21143527,0.09931367,0.0471795,0.00123624,0.04367656,0.0202302,617196,0.0905219,0.55122481,0.42631293,0.12491188,0.09698523,White
NY-23,777058,0.33212866,0.66164151,0.91333518,0.08666482,0.0242102,0.0228616,0.00086673,0.00877563,0.02174099,618417,-0.32951285,0.33835626,0.63915132,-0.30079506,-0.32494025,White
NY-24,777471,0.56450696,0.42359976,0.82708614,0.17291386,0.05275961,0.04234199,0.00115611,0.05690892,0.0156201,631430,0.1409072,0.56118662,0.41241125,0.14877537,0.13852992,White
NY-25,776846,0.54974008,0.43980534,0.69187108,0.30812892,0.17628039,0.08667126,0.00126512,0.03371325,0.01964427,615752,0.10993474,0.56722702,0.41115627,0.15607075,0.12031341,White
NY-26,776426,0.53946938,0.44690155,0.73199953,0.26800047,0.14973505,0.05562411,0.00093282,0.04890329,0.01594373,617484,0.09256783,0.56236166,0.41980427,0.14255739,0.10423102,White
OH-01,787023,0.5330426,0.45720139,0.65188566,0.34811434,0.24323778,0.04386701,0.00170512,0.04292479,0.0179087,613445,0.07584121,0.5384373,0.44609639,0.09234091,0.07634111,White
OH-02,785749,0.25014697,0.74236783,0.93036282,0.06963718,0.02012895,0.01249536,0.00077716,0.00884123,0.02251629,608626,-0.49222086,0.25830185,0.72798104,-0.46967919,-0.48970697,White
OH-03,786130,0.50024884,0.4906945,0.7656695,0.2343305,0.1384338,0.0446512,0.00121516,0.02949939,0.0213127,622962,0.00955434,0.51391422,0.47063963,0.04327459,0.01579442,White
OH-04,787296,0.26777764,0.72320152,0.89736852,0.10263148,0.03031968,0.04212868,0.00093623,0.00836519,0.01766495,607757,-0.45542388,0.27792924,0.70546399,-0.42753475,-0.4511275,White
OH-05,785943,0.27600837,0.71541279,0.91219634,0.08780366,0.03887091,0.01585431,0.00087695,0.00820244,0.01906704,606649,-0.43940442,0.28331883,0.70130686,-0.41798803,-0.43726562,White
OH-06,787514,0.27029725,0.72171807,0.92639747,0.07360253,0.02648523,0.0138082,0.00063698,0.00684313,0.01966457,623253,-0.45142082,0.28538859,0.7008676,-0.41547901,-0.44444022,White
OH-07,786041,0.53849952,0.45308808,0.78218143,0.21781857,0.08769534,0.07765691,0.00125778,0.0377811,0.01572862,629680,0.08541144,0.54531901,0.44260389,0.10271512,0.08617933,White
OH-08,785891,0.26409822,0.72783438,0.88731781,0.11268219,0.04655311,0.02453057,0.00161444,0.01627897,0.02077018,602065,-0.46373616,0.26771149,0.71787705,-0.45016556,-0.46421263,White
OH-09,786307,0.52759787,0.46284983,0.73242415,0.26757585,0.15406781,0.07519934,0.00088163,0.01978802,0.02060482,617040,0.06474804,0.54366805,0.43965972,0.10400833,0.0728348,White
OH-10,787181,0.52774065,0.46222415,0.70790877,0.29209123,0.18980808,0.03283667,0.00144931,0.05010318,0.01790717,607187,0.0655165,0.53086964,0.45354116,0.07732848,0.06445383,White
OH-11,786724,0.54407257,0.44785346,0.62583298,0.37416702,0.30729218,0.03493319,0.00089331,0.01562885,0.01677144,625766,0.09621911,0.57338267,0.41425214,0.15913053,0.11218958,White
OH-12,787026,0.5382458,0.45169623,0.70623991,0.29376009,0.16747746,0.03792457,0.0011341,0.06910887,0.01805924,590778,0.08654957,0.54530228,0.43902222,0.10628006,0.0881264,White
OH-13,786889,0.50534204,0.48548305,0.78855936,0.21144064,0.13159755,0.02316727,0.00087687,0.03212351,0.02016316,623811,0.01985899,0.51649415,0.46882492,0.04766923,0.02412907,White
OH-14,786743,0.54229238,0.45039827,0.7426558,0.2573442,0.18472966,0.02236358,0.00078085,0.03472227,0.01266396,622396,0.09189411,0.55639691,0.43298838,0.12340853,0.09739892,White
OH-15,786991,0.5343884,0.45483248,0.70629072,0.29370928,0.16646292,0.0449165,0.001399,0.06306721,0.01886011,606147,0.07955592,0.55220394,0.4308896,0.12131434,0.08847539,White
OK-01,792178,0.56395511,0.42102922,0.50817992,0.49182008,0.19147614,0.18420511,0.00277526,0.0355526,0.09751298,606791,0.14292589,0.56395511,0.42102922,0.14292589,0.13792589,White
OK-02,791222,0.27305983,0.70460839,0.66318285,0.33681715,0.0431885,0.06636861,0.00172212,0.0319412,0.19846046,598099,-0.43154856,0.27305983,0.70460839,-0.43154856,-0.43654856,White
OK-03,792703,0.21034539,0.7726406,0.71448496,0.28551504,0.05867546,0.10468311,0.00598647,0.0154606,0.10889235,598683,-0.56229521,0.21034539,0.7726406,-0.56229521,-0.56729521,White
OK-04,791123,0.21472247,0.76920618,0.68602695,0.31397305,0.05290619,0.04738183,0.00180296,0.00977691,0.20866379,606224,-0.55448371,0.21472247,0.76920618,-0.55448371,-0.55948371,White
OK-05,792127,0.38555589,0.58963397,0.69097905,0.30902095,0.08269415,0.08779483,0.00266267,0.05237968,0.08925597,600901,-0.20407808,0.38555589,0.58963397,-0.20407808,-0.20907808,White
OR-01,705873,0.55248653,0.41124215,0.80332577,0.19667423,0.02915739,0.07166952,0.0062865,0.04156104,0.04454434,584586,0.14124438,0.5623612,0.40826406,0.15409714,0.14052863,White
OR-02,705641,0.55109547,0.41160226,0.80152594,0.19847406,0.02100324,0.08069293,0.00566625,0.04640258,0.04156369,566865,0.13949321,0.5619094,0.40877944,0.15312996,0.13903879,White
OR-03,706531,0.55319973,0.40867772,0.68127587,0.31872413,0.0483559,0.1477919,0.00965491,0.0773369,0.04129865,553190,0.14452201,0.57084727,0.39894164,0.17190563,0.14864988,White
OR-04,706847,0.55295025,0.410303,0.79729057,0.20270943,0.01797409,0.09031262,0.00654553,0.04254419,0.04180086,574438,0.14264725,0.56355285,0.40298345,0.1605694,0.1436213,White
OR-05,706145,0.55195594,0.4108762,0.71377832,0.28622168,0.02023552,0.1463654,0.00846296,0.07917722,0.03496178,545081,0.14107974,0.56439703,0.40380267,0.16059436,0.14258461,White
OR-06,706219,0.55591983,0.40371546,0.69235963,0.30764037,0.0245182,0.16164555,0.01082907,0.07832869,0.03882033,546492,0.15220437,0.56583029,0.3970225,0.16880779,0.15273884,White
PA-01,764966,0.54278765,0.44704583,0.70622479,0.29377521,0.08441699,0.16135631,0.0012438,0.04476868,0.01366864,606205,0.09574182,0.56611607,0.42291407,0.143202,0.10656188,White
PA-02,765169,0.63624726,0.35282199,0.56971361,0.43028639,0.14653239,0.18534693,0.00188772,0.098743,0.01374658,610261,0.28342527,0.66313725,0.32898371,0.33415354,0.29533469,White
PA-03,764681,0.63887123,0.35010279,0.52027535,0.47972465,0.28319857,0.08909586,0.0016642,0.09988994,0.01151677,603294,0.28876844,0.66939082,0.3222084,0.34718242,0.30323977,White
PA-04,765026,0.55738527,0.43193187,0.77861073,0.22138927,0.07575996,0.05551536,0.00107117,0.07803143,0.00958589,604013,0.1254534,0.56651909,0.42248835,0.14403074,0.12664585,White
PA-05,764854,0.55094139,0.43881239,0.59131602,0.40868398,0.31469606,0.05330485,0.00116859,0.03118597,0.01520177,593023,0.112129,0.57121207,0.4178565,0.15335557,0.12087119,White
PA-06,764528,0.5541161,0.43529365,0.72878534,0.27121466,0.15328825,0.04910597,0.00097786,0.05803356,0.01119121,591089,0.11882245,0.56638082,0.42262456,0.14375626,0.12213372,White
PA-07,764655,0.56546356,0.42389994,0.70452328,0.29547672,0.18746176,0.04597532,0.00077229,0.05107377,0.01142561,604694,0.14156362,0.58527125,0.40421199,0.18105926,0.14972883,White
PA-08,764588,0.50099481,0.48933352,0.79268583,0.20731417,0.07573066,0.07991597,0.00150164,0.04143232,0.01318228,622654,0.01166129,0.52204308,0.46621058,0.0558325,0.02138503,White
PA-09,764750,0.55452552,0.43492498,0.70763031,0.29236969,0.10828096,0.13909438,0.00159517,0.04155389,0.0157115,603698,0.11960054,0.5704737,0.41728347,0.15319023,0.1257971,White
PA-10,765598,0.52510685,0.4633224,0.69359057,0.30640943,0.12944877,0.11645355,0.00130519,0.05608813,0.01442543,599913,0.06178445,0.5324048,0.4529713,0.0794335,0.06266747,White
PA-11,764568,0.27297577,0.71855216,0.89628836,0.10371164,0.02679438,0.05485701,0.00093268,0.00877903,0.01228768,607926,-0.44557639,0.27771508,0.7097116,-0.43199652,-0.44604977,White
PA-12,765316,0.53684351,0.45289918,0.79961483,0.20038517,0.11961698,0.02330928,0.00081587,0.04142765,0.01198668,632452,0.08394433,0.5401692,0.44822835,0.09194085,0.08160984,White
PA-13,765359,0.28631092,0.70507895,0.91936626,0.08063374,0.02663648,0.02056535,0.00078941,0.00888534,0.01661667,614383,-0.41876803,0.29293408,0.69337877,-0.40044469,-0.41766025,White
PA-14,764620,0.27675196,0.71482008,0.91533494,0.08466506,0.02633633,0.02866655,0.00070395,0.00848981,0.01503723,613677,-0.43806812,0.27916008,0.70931941,-0.43015933,-0.44043186,White
PA-15,764566,0.26397054,0.72783005,0.93886243,0.06113757,0.01866147,0.0129386,0.00059553,0.00656532,0.01362934,619619,-0.46385951,0.26816536,0.71949499,-0.45132963,-0.46468288,White
PA-16,765189,0.5024378,0.48821397,0.84371376,0.15628624,0.08226548,0.02485538,0.00084347,0.02921359,0.01349882,610572,0.01422383,0.50775935,0.47932484,0.02843451,0.01396072,White
PA-17,764267,0.51609943,0.47539438,0.82081889,0.17918111,0.10522745,0.02030272,0.00098202,0.0366384,0.01243355,616075,0.04070505,0.52096116,0.46800738,0.05295378,0.03978796,White
RI-01,549309,0.55559122,0.41830394,0.75648115,0.24351885,0.07611535,0.10802738,0.00175269,0.03808124,0.01592235,445600,0.13728728,0.59172884,0.38856212,0.20316672,0.15424709,White
RI-02,548070,0.5552655,0.41696926,0.69083969,0.30916031,0.08246492,0.17613588,0.0019774,0.04519745,0.02161115,441994,0.13829624,0.59608831,0.38363727,0.21245104,0.15801451,White
SC-01,730310,0.48934591,0.49499668,0.65509673,0.34490327,0.22552781,0.07765398,0.00182719,0.0251239,0.0167693,582314,-0.00565077,0.52254873,0.46068691,0.06186182,0.01185343,White
SC-02,731263,0.57644454,0.40619726,0.511721,0.488279,0.38331928,0.06265741,0.0019241,0.03014591,0.01786611,575335,0.17024728,0.60308987,0.38019429,0.22289558,0.18279671,White
SC-03,730610,0.31339208,0.67368367,0.70177158,0.29822842,0.20474006,0.05622941,0.00118422,0.01685402,0.02148694,567461,-0.36029159,0.33694152,0.6486867,-0.31174518,-0.34910945,White
SC-04,730703,0.29852206,0.6872412,0.75742946,0.24257054,0.13556256,0.06200354,0.00119298,0.02186374,0.02181652,571677,-0.38871914,0.31590727,0.66745062,-0.35154335,-0.38132721,White
SC-05,731887,0.3202775,0.66651489,0.74055208,0.25944792,0.15339811,0.05793333,0.00093036,0.02617114,0.02150511,561076,-0.34623739,0.33494119,0.65039484,-0.31545365,-0.34097614,White
SC-06,731834,0.52900122,0.45723758,0.44308749,0.55691251,0.49617735,0.03221874,0.00138118,0.01516156,0.01782102,573424,0.07176364,0.57073605,0.41933468,0.15140137,0.09330955,Black
SC-07,731818,0.34150613,0.64633921,0.73267452,0.26732548,0.16894301,0.05405257,0.00172676,0.01957738,0.02183743,583173,-0.30483308,0.36672645,0.62020326,-0.25347681,-0.29271432,White
SD-AL,886667,0.34193813,0.63474988,0.83089555,0.16910445,0.02234724,0.03564411,0.00154351,0.01853703,0.09057534,669255,-0.29281175,0.35605252,0.6176939,-0.26164138,-0.28742163,White
TN-01,768013,0.24037003,0.74807982,0.88797346,0.11202654,0.02753279,0.03928258,0.0007972,0.01543971,0.02530225,614649,-0.50770979,0.25443237,0.72696342,-0.47253105,-0.50098354,White
TN-02,767932,0.1987521,0.79203879,0.91045478,0.08954522,0.024474,0.02759018,0.00112228,0.00888653,0.02438881,610362,-0.59328669,0.21221232,0.77354221,-0.56132989,-0.58763442,White
TN-03,767651,0.51630383,0.46824792,0.49664752,0.50335248,0.40151668,0.06071081,0.00113877,0.02519735,0.01894252,595380,0.04805591,0.55783384,0.4250074,0.13282644,0.07131275,Minority
TN-04,768489,0.22325745,0.76608508,0.84139591,0.15860409,0.0663593,0.04837544,0.00104816,0.01415521,0.0277341,593421,-0.54282763,0.2435052,0.73977266,-0.49626746,-0.53230757,White
TN-05,767244,0.49816822,0.4835978,0.63269387,0.36730613,0.18399417,0.12006381,0.00166874,0.04238058,0.02494244,598057,0.01457042,0.53357928,0.4399061,0.09367318,0.03593801,White
TN-06,767099,0.2550442,0.73384163,0.84246406,0.15753594,0.06317454,0.05003852,0.0012097,0.01709626,0.02453859,591884,-0.47879743,0.27148676,0.71151993,-0.44003317,-0.47087601,White
TN-07,768296,0.53521888,0.44615172,0.65761159,0.34238841,0.20519218,0.07391173,0.00277152,0.04328249,0.02090488,603639,0.08906716,0.55444436,0.41884072,0.13560364,0.09957932,White
TN-08,768870,0.23254737,0.75635099,0.84500113,0.15499887,0.08384182,0.03050749,0.00111127,0.01514618,0.02151567,590314,-0.52380362,0.25359221,0.7306487,-0.47705649,-0.51322124,White
TN-09,767246,0.51552507,0.46802472,0.49252429,0.50747571,0.39820917,0.06106683,0.00123899,0.03330283,0.01725728,586767,0.04750035,0.53958904,0.44470102,0.09488802,0.05829624,Minority
TX-01,767108,0.20931976,0.78231644,0.69715906,0.30284094,0.13247263,0.12796063,0.00106724,0.01790354,0.0258603,588431,-0.57299668,0.22638477,0.76152813,-0.53514336,-0.56537891,White
TX-02,766766,0.49151054,0.48968636,0.29414845,0.70585155,0.21206999,0.36873414,0.00205886,0.1189207,0.02830224,561475,0.00182418,0.53353355,0.45284499,0.08068856,0.02311231,Hispanic
TX-03,766777,0.50499816,0.45990582,0.49379049,0.50620951,0.15478677,0.20051702,0.00183992,0.1333131,0.02592597,586439,0.04509234,0.54730822,0.43434105,0.11296717,0.06271728,Minority
TX-04,766571,0.52619484,0.44657642,0.35492344,0.64507656,0.12089227,0.37985014,0.00193749,0.13113352,0.0275123,583230,0.07961842,0.58105173,0.40357368,0.17747805,0.1072383,Hispanic
TX-05,767017,0.56837199,0.41869017,0.32513623,0.67486377,0.38787344,0.25955821,0.00150469,0.01508944,0.02587597,563573,0.14968182,0.61617746,0.37059789,0.24557957,0.17664774,Black
TX-06,767311,0.55085167,0.43278465,0.37474278,0.62525722,0.21001685,0.33730507,0.00428796,0.06323101,0.02550008,579763,0.11806702,0.5892889,0.39390751,0.19538139,0.13883848,Minority
TX-07,767681,0.51792281,0.46008261,0.31880837,0.68119163,0.14648623,0.38888233,0.00172043,0.13893441,0.02187424,576020,0.0578402,0.55914026,0.42676236,0.1323779,0.0776861,Hispanic
TX-08,767354,0.50382706,0.47809136,0.259639,0.740361,0.15934233,0.49523484,0.00140365,0.07950997,0.02888802,552132,0.0257357,0.55255022,0.43331821,0.11923201,0.05190114,Hispanic
TX-09,766754,0.53603895,0.44657919,0.30713788,0.69286212,0.27168653,0.2800149,0.0015002,0.13399173,0.02231849,569259,0.08945976,0.57281498,0.41368896,0.15912602,0.10768185,Minority
TX-10,767804,0.54049643,0.43911023,0.5144397,0.4855603,0.11484972,0.26239,0.00251696,0.09389999,0.02531911,601917,0.1013862,0.57852031,0.39829623,0.18022408,0.12266549,White
TX-11,766380,0.19842544,0.79234537,0.44655513,0.55344487,0.04931879,0.47255129,0.00196997,0.01608396,0.02541016,561429,-0.59391993,0.21822253,0.76908811,-0.55086558,-0.58456848,Hispanic
TX-12,766107,0.1835002,0.8076056,0.73092824,0.26907176,0.04004566,0.18798234,0.00203742,0.01355422,0.02940652,606158,-0.6241054,0.19493064,0.79141618,-0.59648554,-0.61989878,White
TX-13,766616,0.19978536,0.79090742,0.65952095,0.34047905,0.06477906,0.2178099,0.00164359,0.02425497,0.03819453,581654,-0.59112206,0.21108514,0.77368717,-0.56260203,-0.58661538,White
TX-14,766607,0.50898177,0.4782256,0.38476973,0.61523027,0.32131962,0.22482103,0.00177821,0.05812399,0.02166045,587107,0.03075617,0.54766993,0.43851966,0.10915027,0.05188754,Minority
TX-15,766728,0.48388513,0.50669519,0.07622727,0.92377273,0.00807082,0.8999881,0.00043153,0.0145643,0.01510558,537616,-0.02281006,0.58391066,0.40629657,0.17761409,0.03899799,Hispanic
TX-16,766466,0.5676865,0.41756766,0.13893816,0.86106184,0.04445986,0.79351843,0.00338827,0.02300142,0.02407434,572269,0.15011884,0.66300674,0.32123228,0.34177446,0.20900405,Hispanic
TX-17,767149,0.54044143,0.43804236,0.55882101,0.44117899,0.12737306,0.18324868,0.00690201,0.11145733,0.02699043,571573,0.10239907,0.56584735,0.41143472,0.15441263,0.11473692,White
TX-18,766980,0.51926882,0.4690887,0.31394188,0.68605812,0.30318915,0.33616465,0.00371477,0.03693235,0.02641636,561811,0.05018012,0.55553425,0.43052496,0.12500929,0.07012318,Hispanic
TX-19,765998,0.24112476,0.7492423,0.6630243,0.3369757,0.05901284,0.22370287,0.00176603,0.02633442,0.03139247,583229,-0.50811754,0.25926549,0.72601709,-0.4667516,-0.49932889,White
TX-20,767626,0.51331594,0.47493798,0.22706412,0.77293588,0.06400935,0.69038309,0.0020284,0.01358359,0.02790995,580259,0.03837796,0.57771494,0.40840039,0.16931455,0.07702349,Hispanic
TX-21,767272,0.52127676,0.46267088,0.40017809,0.59982191,0.11383501,0.41446407,0.00446067,0.06478113,0.02897748,591839,0.05860588,0.54231694,0.44144117,0.10087577,0.06769584,Hispanic
TX-22,767423,0.22316927,0.76638565,0.71441139,0.28558861,0.10622702,0.12590068,0.00162291,0.01796779,0.03624495,578591,-0.54321638,0.22899956,0.75829195,-0.52929239,-0.54357505,White
TX-23,767038,0.49650425,0.49048619,0.26338431,0.73661569,0.06767804,0.62675947,0.00342845,0.03747219,0.02836949,569062,0.00601806,0.54754163,0.43667698,0.11086465,0.03596692,Hispanic
TX-24,766312,0.51422391,0.46017276,0.49610469,0.50389531,0.13067273,0.23994113,0.00164948,0.11751072,0.02394201,591095,0.05405115,0.55859216,0.42514321,0.13344895,0.07551708,Minority
TX-25,767928,0.35594707,0.63034184,0.66338194,0.33661806,0.06867988,0.15710862,0.00297421,0.0839454,0.02936002,567881,-0.27439477,0.36810464,0.61559842,-0.24749378,-0.27042777,White
TX-26,766362,0.49780987,0.47971599,0.46563841,0.53436159,0.14652692,0.19125887,0.00223634,0.17832972,0.02633678,576836,0.01809388,0.53241424,0.45121516,0.08119908,0.03412895,Minority
TX-27,767415,0.25230643,0.73599565,0.60694461,0.39305539,0.08361479,0.24569886,0.00137995,0.04424818,0.02434409,579730,-0.48368922,0.2678825,0.72000132,-0.45211882,-0.47816575,White
TX-28,767014,0.45208334,0.54030236,0.09006315,0.90993685,0.00974946,0.88955347,0.00078497,0.00620236,0.01603842,542697,-0.08821902,0.5484222,0.4413413,0.1070809,-0.02811905,Hispanic
TX-29,766745,0.51936162,0.46531021,0.19953945,0.80046055,0.1280558,0.62218083,0.0013634,0.04637169,0.02870296,558897,0.05405141,0.58165522,0.40491984,0.17673538,0.08994607,Hispanic
TX-30,767650,0.27570681,0.71229093,0.67504937,0.32495063,0.09173988,0.18235961,0.00486832,0.02225297,0.03132615,580282,-0.43658412,0.27995708,0.70414522,-0.42418814,-0.43745213,White
TX-31,767209,0.23440274,0.75615863,0.67572534,0.32427466,0.08224381,0.18387557,0.00245218,0.03107689,0.02748938,583971,-0.52175589,0.24872011,0.73920181,-0.4904817,-0.51633116,White
TX-32,766749,0.51930199,0.46461752,0.28193511,0.71806489,0.2117517,0.45326535,0.00157785,0.04206083,0.03414264,552652,0.05468447,0.58219892,0.40305077,0.17914815,0.09117236,Hispanic
TX-33,767114,0.55137459,0.43309046,0.36417995,0.63582005,0.26815355,0.28029702,0.00218952,0.07481968,0.02906342,563595,0.11828413,0.57816693,0.40777318,0.17039375,0.130654,Minority
TX-34,766509,0.46930383,0.52118011,0.18331126,0.81668874,0.0268815,0.7656825,0.00128908,0.01913287,0.01822927,565519,-0.05187628,0.53899859,0.4478765,0.09112209,-0.00921016,Hispanic
TX-35,767692,0.5433274,0.43814419,0.41105223,0.58894777,0.10828745,0.42964868,0.00263574,0.03864669,0.03242895,581240,0.10518321,0.59029837,0.38945232,0.20084605,0.13207082,Hispanic
TX-36,767760,0.22387784,0.76819823,0.64036484,0.35963516,0.07732436,0.23729378,0.00146324,0.01829911,0.03048869,576804,-0.54432039,0.22878337,0.75919832,-0.53041495,-0.54468524,White
TX-37,766433,0.52206457,0.45994114,0.61391383,0.38608617,0.04308179,0.26424632,0.00626775,0.0585935,0.02692779,599418,0.06212343,0.55795085,0.42307168,0.13487917,0.08137534,White
TX-38,767067,0.52762176,0.44458023,0.39551791,0.60448209,0.18101348,0.23267696,0.00153849,0.18374119,0.01910062,601237,0.08304153,0.5719403,0.41374372,0.15819658,0.10309321,Minority
UT-01,817583,0.25385458,0.72043024,0.83991023,0.16008977,0.00991984,0.0894547,0.00752925,0.02056157,0.03447097,573497,-0.46657566,0.2440676,0.71928155,-0.47521395,-0.47445509,White
UT-02,818039,0.26285352,0.70749744,0.82384282,0.17615718,0.01055876,0.11004649,0.01450292,0.02484163,0.01923963,536237,-0.44464392,0.24648263,0.70575698,-0.45927435,-0.45452073,White
UT-03,817833,0.51700615,0.45530641,0.74707024,0.25292976,0.02162778,0.14311227,0.01675149,0.05351563,0.0211073,614811,0.06169974,0.50925698,0.45106247,0.05819451,0.05553133,White
UT-04,818161,0.51704872,0.45119131,0.69262359,0.30737641,0.02540592,0.19734581,0.02018829,0.04714882,0.02620658,599506,0.06585741,0.51499208,0.44126479,0.07372729,0.0634807,White
VA-01,784669,0.56620508,0.41343365,0.67403516,0.32596484,0.17523929,0.06300421,0.00162381,0.07163333,0.01690636,619530,0.15277143,0.55394426,0.42603786,0.1279064,0.13948309,White
VA-02,785611,0.55388346,0.42883194,0.54979691,0.45020309,0.2844674,0.0799533,0.00439573,0.07353888,0.02264019,616735,0.12505152,0.57063529,0.40771207,0.16292322,0.13267542,White
VA-03,784051,0.57550722,0.40828621,0.48330353,0.51669647,0.41013689,0.05563683,0.00335968,0.03903733,0.02269589,608392,0.16722101,0.59050819,0.39044508,0.20006311,0.17316838,Minority
VA-04,784957,0.55432017,0.43278339,0.45607269,0.54392731,0.45155034,0.0648796,0.00150265,0.01693082,0.01840146,624896,0.12153678,0.58480555,0.40297947,0.18182608,0.13663321,Minority
VA-05,784614,0.5315836,0.43956246,0.53378857,0.46621143,0.12990169,0.18498505,0.0022875,0.13878336,0.02117506,588853,0.09202114,0.58898301,0.39239598,0.19658703,0.12187644,White
VA-06,785088,0.51997524,0.46083128,0.73852472,0.26147528,0.13582569,0.05709168,0.00128068,0.05095767,0.01769475,634821,0.05914396,0.53326393,0.44462469,0.08863924,0.06397572,White
VA-07,784230,0.55757244,0.42040155,0.63958376,0.36041624,0.16376775,0.10375597,0.0024936,0.0760863,0.02183072,616379,0.13717089,0.5660258,0.41317377,0.15285203,0.13739794,White
VA-08,783810,0.54982127,0.42647171,0.53760463,0.46239537,0.21981112,0.14714914,0.00275762,0.08374215,0.02235409,603782,0.12334956,0.59516451,0.38609705,0.20906746,0.14692219,White
VA-09,784162,0.22898532,0.76092138,0.8858744,0.1141256,0.06456634,0.01946959,0.00088841,0.00865141,0.01818493,635966,-0.53193606,0.2408635,0.7447749,-0.5039114,-0.52759451,White
VA-10,785557,0.5409701,0.42690832,0.61349987,0.38650013,0.07496936,0.1189677,0.00183937,0.17817198,0.01624921,586613,0.11406178,0.57396247,0.40560181,0.16836066,0.12716141,White
VA-11,784644,0.53626579,0.43517521,0.61736665,0.38263335,0.07237226,0.11728702,0.00173046,0.17973294,0.01682354,609087,0.10109058,0.56605295,0.41322582,0.15282713,0.1133361,White
VT-AL,643077,0.63234241,0.32019255,0.90402721,0.09597279,0.01723224,0.02118853,0.00098764,0.02224099,0.0243669,524482,0.31214986,0.66086417,0.30673765,0.35412652,0.32114208,White
WA-01,769926,0.56130789,0.39961435,0.6926559,0.3073441,0.04526387,0.09803522,0.01100246,0.11946787,0.03625024,602865,0.16169354,0.56782868,0.39605894,0.17176974,0.16005227,White
WA-02,770577,0.53408582,0.42818767,0.78684782,0.21315218,0.02220284,0.08372243,0.00837649,0.04280682,0.05335378,612309,0.10589815,0.53448233,0.43157323,0.1029091,0.0999018,White
WA-03,771119,0.50199669,0.46411417,0.68566851,0.31433149,0.02614065,0.18507045,0.01121592,0.05075648,0.04715265,581049,0.03788252,0.50390431,0.46504007,0.03886424,0.03320976,White
WA-04,770461,0.54803131,0.41389211,0.62729314,0.37270686,0.07243079,0.13304283,0.00918177,0.13316656,0.03152669,598033,0.1341392,0.56428611,0.40531474,0.15897137,0.13741659,White
WA-05,770792,0.53928694,0.42267735,0.58817772,0.41182228,0.03225337,0.18006069,0.00610826,0.17262477,0.02614003,590512,0.11660959,0.55693802,0.41128768,0.14565034,0.12128984,White
WA-06,770086,0.55996089,0.40362823,0.77756607,0.22243393,0.03719147,0.06881364,0.01166841,0.05676862,0.04945193,626649,0.15633266,0.55062222,0.41384377,0.13677845,0.14481459,White
WA-07,770774,0.8208834,0.1403082,0.64480696,0.35519304,0.05350534,0.07677772,0.007078,0.19592322,0.02366534,638740,0.6805752,0.82974529,0.14340126,0.68634403,0.67749814,White
WA-08,769820,0.53284986,0.42829342,0.71945002,0.28054998,0.02053615,0.08919055,0.00517302,0.13453246,0.02682446,589984,0.10455644,0.54346172,0.42409091,0.11937081,0.10449456,White
WA-09,771336,0.55328386,0.41029941,0.55460801,0.44539199,0.10206928,0.13305935,0.02764634,0.15969901,0.03630139,590060,0.14298445,0.57253537,0.39640789,0.17612748,0.14903213,White
WA-10,770390,0.54468316,0.4170974,0.6516801,0.3483199,0.08954092,0.1069559,0.02539833,0.09800871,0.04203954,594488,0.12758576,0.54678919,0.41607339,0.1307158,0.12362911,White
WI-01,736423,0.54741775,0.43232202,0.65640441,0.34359559,0.09360791,0.19596126,0.0012775,0.03833566,0.0252562,568296,0.11509573,0.5594159,0.42309799,0.13631791,0.11716979,White
WI-02,736326,0.54718632,0.43660405,0.85215914,0.14784086,0.03442316,0.06128803,0.00091358,0.03221635,0.01568345,576850,0.11058227,0.55937634,0.42346555,0.13591079,0.11402511,White
WI-03,736909,0.54356092,0.44048345,0.87645494,0.12354506,0.02180686,0.03351757,0.00109051,0.04704298,0.01569965,589631,0.10307747,0.55184766,0.42905613,0.12279153,0.10464882,White
WI-04,735895,0.54329131,0.4397703,0.63186504,0.36813496,0.26589577,0.04457481,0.00108104,0.04552432,0.01324812,555022,0.10352101,0.54500052,0.43900506,0.10599546,0.09934583,White
WI-05,737245,0.54323992,0.44087365,0.84886917,0.15113083,0.04022797,0.0548579,0.0012773,0.03416601,0.01797416,576216,0.10236627,0.54414678,0.4369451,0.10720168,0.09897807,White
WI-06,737017,0.31227873,0.6744318,0.92594238,0.07405762,0.00753971,0.02429654,0.0006912,0.00784672,0.02842314,583046,-0.36215307,0.31745602,0.6684481,-0.35099208,-0.36343274,White
WI-07,736843,0.37532493,0.60573737,0.91627164,0.08372836,0.01266293,0.02258263,0.00111742,0.01027887,0.03082967,576328,-0.23041244,0.39082891,0.5915415,-0.20071259,-0.22551249,White
WI-08,737060,0.50859818,0.47467728,0.82647965,0.17352035,0.04762051,0.05802754,0.00122165,0.03932283,0.02563251,586911,0.0339209,0.50699233,0.47483991,0.03215242,0.02833141,White
WV-01,897508,0.32971237,0.64958411,0.90090465,0.09909535,0.04312889,0.01430743,0.00085972,0.01457643,0.02014244,721164,-0.31987174,0.34482226,0.63699443,-0.29217217,-0.31563855,White
WV-02,896208,0.2329087,0.74967676,0.90386193,0.09613807,0.04475756,0.0184962,0.00076148,0.00805459,0.02040131,711768,-0.51676806,0.24819473,0.73657799,-0.48838326,-0.51230646,White
WY-AL,576851,0.25841857,0.71598005,0.83845451,0.16154549,0.01343191,0.08644868,0.00228623,0.01477329,0.04176627,441337,-0.45756148,0.26553574,0.69936227,-0.43382653,-0.45464983,White
