HD,NAME,TotalPop,PopDevPct,DemPct,RepPct,WhitePct,MinorityPct,BlackPct,HispanicPct,PacificPct,AsianPct,NativePct,TotalVAP,Margin,DemPct2,RepPct2,Margin2,Swing,Majority,Lean,Seats,State
AZ-01,1,241318,0.01231042,0.64425425,0.3423219,0.38857809,0.61142191,0.01890409,0.10572545,0.00317842,0.02153488,0.4716895,186256,0.30193235,0.6790887,0.30267524,0.37641346,-0.07448111,Native,0.32175939,2,AZ
AZ-02,2,239139,0.00316968,0.54498735,0.4451847,0.2258872,0.7741128,0.02239857,0.6808687,0.00238403,0.01394092,0.07421724,176172,0.09980265,0.6165988,0.36914982,0.24744898,-0.14764633,Hispanic,0.14401809,2,AZ
AZ-03,3,236209,-0.00912144,0.32607997,0.66495763,0.80982846,0.19017154,0.01066106,0.1180098,0.00313856,0.01858027,0.03690443,199136,-0.33887766,0.34633189,0.63906131,-0.29272942,-0.04614824,White,-0.32849491,2,AZ
AZ-04,4,237644,-0.00310173,0.60823647,0.38149808,0.34935672,0.65064328,0.04233817,0.56290188,0.00280873,0.02082822,0.05145154,183357,0.22673839,0.65159915,0.33539446,0.31620469,-0.0894663,Hispanic,0.25156049,2,AZ
AZ-05,5,238486,0.0004304,0.56448982,0.42179828,0.61345938,0.38654062,0.06826897,0.24378572,0.00543716,0.04744966,0.03747797,187230,0.14269154,0.57872228,0.40385727,0.17486501,-0.03217347,White,0.14841603,2,AZ
AZ-06,6,238122,-0.00109655,0.56057243,0.42868102,0.73950794,0.26049206,0.03632931,0.14927247,0.00341724,0.05169691,0.02407508,200747,0.13189141,0.55297731,0.43396451,0.1190128,0.01287861,White,0.12259854,2,AZ
AZ-07,7,240009,0.00681927,0.60765864,0.37925882,0.50546357,0.49453643,0.04257104,0.37277842,0.00334557,0.05023496,0.0472291,194287,0.22839982,0.63126825,0.35342199,0.27784626,-0.04944644,White,0.23988197,2,AZ
AZ-08,8,238261,-0.00051346,0.29368781,0.69648244,0.63323354,0.36676646,0.03020682,0.18811283,0.00479552,0.02315911,0.12755088,182045,-0.40279463,0.30577589,0.67786242,-0.37208653,-0.0307081,White,-0.3975586,2,AZ
AZ-09,9,237395,-0.00414626,0.43413728,0.55625524,0.56139301,0.43860699,0.06092988,0.26743516,0.0046313,0.02953868,0.09548391,177056,-0.12211796,0.45024063,0.53426047,-0.08401984,-0.03809812,White,-0.11441859,2,AZ
AZ-10,10,239767,0.0058041,0.22399811,0.76957441,0.76335045,0.23664955,0.01514199,0.15304424,0.00443548,0.01937129,0.04814157,198851,-0.5455763,0.2429666,0.74441232,-0.50144572,-0.04413058,White,-0.53586611,2,AZ
AZ-11,11,239436,0.00441558,0.34434878,0.64701145,0.59044969,0.40955031,0.05281054,0.30277747,0.00486609,0.02533341,0.03503251,181460,-0.30266267,0.36682659,0.61814314,-0.25131655,-0.05134612,White,-0.2905473,2,AZ
AZ-12,12,237277,-0.00464126,0.55479041,0.43518583,0.3154522,0.6845478,0.10329802,0.51638311,0.00687187,0.04920284,0.03444258,168222,0.11960458,0.60772372,0.37746886,0.23025486,-0.11065028,Hispanic,0.15148801,2,AZ
AZ-13,13,240897,0.01054436,0.35633237,0.6343404,0.65893136,0.34106864,0.04992469,0.22977598,0.00820724,0.02452058,0.03616612,187883,-0.27800803,0.3766485,0.6082478,-0.2315993,-0.04640873,White,-0.26753845,2,AZ
AZ-14,14,241500,0.0130739,0.3822819,0.60670508,0.75264081,0.24735919,0.03172083,0.15701137,0.00438405,0.02714481,0.03157556,192744,-0.22442318,0.38100664,0.60224313,-0.22123649,-0.00318669,White,-0.22836095,2,AZ
AZ-15,15,237870,-0.00215367,0.40388859,0.58799186,0.68411477,0.31588523,0.06488427,0.18753303,0.00505521,0.04170003,0.02486749,183573,-0.18410327,0.41848014,0.56910108,-0.15062094,-0.03348233,White,-0.17794249,2,AZ
AZ-16,16,236197,-0.00917178,0.61781808,0.37055222,0.1997616,0.8002384,0.09466812,0.65409819,0.00371805,0.0352782,0.04118879,161913,0.24726586,0.68102881,0.30259281,0.378436,-0.13117014,Hispanic,0.28598924,2,AZ
AZ-17,17,236819,-0.00656254,0.36949427,0.62078676,0.72524116,0.27475884,0.04203032,0.1600712,0.00624139,0.04701424,0.02642972,174160,-0.25129249,0.3782254,0.60491406,-0.22668866,-0.02460383,White,-0.24809121,2,AZ
AZ-18,18,240669,0.00958792,0.41422177,0.57523449,0.71228139,0.28771861,0.0468255,0.12976523,0.00488563,0.09015794,0.02028525,172342,-0.16101272,0.42262212,0.56317914,-0.14055702,-0.0204557,White,-0.15919415,2,AZ
AZ-19,19,240541,0.00905097,0.52112172,0.46412945,0.51653818,0.48346182,0.06681446,0.3254089,0.00725165,0.0497524,0.05448941,181338,0.05699227,0.54131705,0.43535086,0.10596619,-0.04897392,White,0.06831691,2,AZ
AZ-20,20,239493,0.00465469,0.5293163,0.45583462,0.55705779,0.44294221,0.07142427,0.21378525,0.00511112,0.13018303,0.03503284,182543,0.07348168,0.55133588,0.43106538,0.1202705,-0.04678882,White,0.08407795,2,AZ
AZ-21,21,237741,-0.00269482,0.60629675,0.37917029,0.59359972,0.40640028,0.07937088,0.18474096,0.00536957,0.1039454,0.04905647,194429,0.22712646,0.62516371,0.35774605,0.26741766,-0.0402912,White,0.23555686,2,AZ
AZ-22,22,236420,-0.00823631,0.71422292,0.26989406,0.23868865,0.76131135,0.15330151,0.54927982,0.00591288,0.03562181,0.0528865,173012,0.44432886,0.769264,0.21437431,0.55488969,-0.11056083,Hispanic,0.47618247,2,AZ
AZ-23,23,238754,0.00155464,0.66161661,0.32467945,0.19241337,0.80758663,0.11094944,0.63176787,0.00385404,0.04450484,0.04692789,166319,0.33693716,0.7289427,0.25571854,0.47322416,-0.136287,Hispanic,0.37736616,2,AZ
AZ-24,24,235671,-0.01137831,0.5370587,0.45139183,0.68110165,0.31889835,0.0524017,0.16207478,0.0038857,0.05874232,0.05084542,199192,0.08566687,0.57476723,0.40998399,0.16478324,-0.07911637,White,0.10703899,2,AZ
AZ-25,25,236382,-0.00839572,0.62545966,0.36120155,0.46968579,0.53031421,0.10348861,0.33690228,0.00423027,0.05504271,0.05423929,182967,0.26425811,0.64555623,0.33574637,0.30980986,-0.04555175,Minority,0.27444203,2,AZ
AZ-26,26,240240,0.00778829,0.54982216,0.43947225,0.66405456,0.33594544,0.05584415,0.20316579,0.00367848,0.04650206,0.03458607,191927,0.11034991,0.55909613,0.42473753,0.1343586,-0.02400869,White,0.11335281,2,AZ
AZ-27,27,238960,0.00241879,0.4457184,0.54570386,0.802686,0.197314,0.02445488,0.07412041,0.00204259,0.07945667,0.01493132,195830,-0.09998546,0.46085764,0.52841201,-0.06755437,-0.03243109,White,-0.0941751,2,AZ
AZ-28,28,235928,-0.01030021,0.44215699,0.5469352,0.66539592,0.33460408,0.05767347,0.20878398,0.00382805,0.04144508,0.03120886,189914,-0.10477821,0.4495584,0.53453003,-0.08497163,-0.01980658,White,-0.10317602,2,AZ
AZ-29,29,235748,-0.0110553,0.37365011,0.61827625,0.77124158,0.22875842,0.03243577,0.10945854,0.00329129,0.0641287,0.02160216,184426,-0.24462614,0.38000606,0.60762244,-0.22761638,-0.01700976,White,-0.24395622,2,AZ
AZ-30,30,238609,0.00094637,0.34420224,0.64785016,0.81822523,0.18177477,0.02449583,0.08330349,0.002964,0.04672844,0.02145397,192645,-0.30364792,0.35788262,0.63106987,-0.27318725,-0.03046067,White,-0.29849436,2,AZ
ID-01,1,51815,-0.01390948,0.25805338,0.71692308,0.90700158,0.09299842,0.00419852,0.03169518,0.0024997,0.01082393,0.03014197,41205,-0.4588697,0.3013962,0.67364765,-0.37225145,-0.08661825,White,-0.43499695,2,ID
ID-02,2,52797,0.00477895,0.15843142,0.82133191,0.89432476,0.10567524,0.00590963,0.03770197,0.00324157,0.01244265,0.03653002,40104,-0.66290049,0.1970572,0.77899577,-0.58193857,-0.08096192,White,-0.64091318,2,ID
ID-03,3,52667,0.00230492,0.21379265,0.76354042,0.88979683,0.11020317,0.00491779,0.04540261,0.00345239,0.01669068,0.02997864,40262,-0.54974777,0.25103324,0.72230009,-0.47126685,-0.07848092,White,-0.52858746,2,ID
ID-04,4,52583,0.00070632,0.32359992,0.64959717,0.88042764,0.11957236,0.00808514,0.04558849,0.00455398,0.02060249,0.03343643,41063,-0.32599725,0.37009016,0.60066641,-0.23057625,-0.095421,White,-0.29919025,2,ID
ID-05,5,52099,-0.00850468,0.20754018,0.7709309,0.88868014,0.11131986,0.00428062,0.02803805,0.00271106,0.00991677,0.0530321,42050,-0.56339072,0.23495631,0.74397548,-0.50901917,-0.05437155,White,-0.55026687,2,ID
ID-06,6,52458,-0.00167255,0.43562712,0.52969571,0.83653892,0.16346108,0.01253529,0.04868188,0.00399502,0.03315631,0.05904024,41802,-0.09406859,0.49410267,0.46736811,0.02673456,-0.12080315,White,-0.05880087,2,ID
ID-07,7,53602,0.0200989,0.20719049,0.76809651,0.90215099,0.09784901,0.00541262,0.02837528,0.00222597,0.01054407,0.04526923,42678,-0.56090602,0.21555663,0.76100803,-0.5454514,-0.01545462,White,-0.56075448,2,ID
ID-08,8,52965,0.00797616,0.53664482,0.43090633,0.78171956,0.21828044,0.01221628,0.15316768,0.00378705,0.01905739,0.03076059,40929,0.10573849,0.55697551,0.40977399,0.14720152,-0.04146303,White,0.1145595,2,ID
ID-09,9,55009,0.04687549,0.17085481,0.80877721,0.81914842,0.18085158,0.00414164,0.11436737,0.00227669,0.01448363,0.03802558,41288,-0.6379224,0.1893965,0.78838127,-0.59898477,-0.03893763,White,-0.62994319,2,ID
ID-10,10,52913,0.00698655,0.15936186,0.80199274,0.83339266,0.16660734,0.01948221,0.09677037,0.00870886,0.02904535,0.01383451,42141,-0.64263088,0.1557971,0.79236793,-0.63657083,-0.00606005,White,-0.64561086,2,ID
ID-11,11,52951,0.00770972,0.22174735,0.75314918,0.7461284,0.2538716,0.023405,0.16428607,0.00528743,0.02688819,0.03395479,39906,-0.53140183,0.23955124,0.73093016,-0.49137892,-0.04002291,White,-0.52306086,2,ID
ID-12,12,54591,0.03892054,0.34671664,0.61983175,0.83654382,0.16345618,0.01239418,0.08219699,0.0056775,0.02379987,0.03923557,39454,-0.27311511,0.35673792,0.60332591,-0.24658799,-0.02652712,White,-0.26927274,2,ID
ID-13,13,50915,-0.03103736,0.17797129,0.79883599,0.78480085,0.21519915,0.0039369,0.16214602,0.00184627,0.00906845,0.03513345,36831,-0.6208647,0.19195681,0.78113945,-0.58918264,-0.03168206,White,-0.61530401,2,ID
ID-14,14,51044,-0.02858237,0.29531338,0.67501668,0.77094987,0.22905013,0.01892246,0.14597329,0.00511201,0.03126087,0.02887884,37363,-0.3797033,0.30785971,0.65458778,-0.34672807,-0.03297523,White,-0.37371156,2,ID
ID-15,15,50977,-0.02985744,0.19690079,0.77923755,0.63795933,0.36204067,0.00369969,0.32604523,0.00239228,0.00837297,0.03226794,35949,-0.58233676,0.217357,0.75897436,-0.54161736,-0.0407194,White,-0.57376363,2,ID
ID-16,16,55025,0.04717999,0.14714059,0.825417,0.79875583,0.20124417,0.00422499,0.14390876,0.00313634,0.00826853,0.04561949,38580,-0.67827641,0.16552914,0.80893544,-0.6434063,-0.03487011,White,-0.67165304,2,ID
ID-17,17,52377,-0.00321406,0.30390137,0.66881563,0.87692841,0.12307159,0.0044078,0.07929079,0.00222866,0.00802318,0.02491147,40383,-0.36491426,0.31215055,0.66480295,-0.3526524,-0.01226186,White,-0.36582697,2,ID
ID-18,18,53720,0.02234455,0.17208728,0.79991766,0.79968689,0.20031311,0.00488245,0.11420687,0.00217587,0.00865043,0.07623521,37686,-0.62783038,0.18507399,0.78846236,-0.60338837,-0.02444201,White,-0.62468304,2,ID
ID-19,19,53544,0.0189951,0.16821788,0.80176228,0.82882759,0.17117241,0.00565517,0.13062069,0.00245517,0.01175172,0.02184828,36250,-0.6335444,0.16974019,0.79948365,-0.62974346,-0.00380094,White,-0.63727742,2,ID
ID-20,20,54865,0.04413503,0.32449291,0.6390987,0.8169472,0.1830528,0.00990421,0.12390266,0.00292624,0.02048371,0.02678638,39983,-0.31460579,0.33306229,0.6267787,-0.29371641,-0.02088938,White,-0.31264266,2,ID
ID-21,21,54117,0.02989985,0.18664116,0.78177701,0.85107101,0.14892899,0.00688705,0.103615,0.00300781,0.01613538,0.02018328,35574,-0.59513585,0.19927319,0.76881914,-0.56954595,-0.0255899,White,-0.59160588,2,ID
ID-22,22,54642,0.03989112,0.18631246,0.7908513,0.76212369,0.23787631,0.00716902,0.17304346,0.00454557,0.01618224,0.0344944,38499,-0.60453884,0.21857539,0.75379471,-0.53521932,-0.06931952,White,-0.58643233,2,ID
ID-23,23,52839,0.00557825,0.27658228,0.69762658,0.7342661,0.2657339,0.01222303,0.19507438,0.00618954,0.02301571,0.03076563,38452,-0.4210443,0.30327979,0.6653989,-0.36211911,-0.05892519,White,-0.40640257,2,ID
ID-24,24,50000,-0.04845071,0.3169419,0.65357798,0.59511892,0.40488108,0.01470547,0.33528464,0.00480756,0.0180142,0.0397896,35361,-0.33663608,0.36014671,0.60551445,-0.24536774,-0.09126834,White,-0.3112133,2,ID
ID-25,25,50371,-0.04139022,0.31176601,0.65765566,0.71032151,0.28967849,0.01178144,0.21829209,0.00614567,0.01790027,0.04076539,37262,-0.34588965,0.33153953,0.63389736,-0.30235783,-0.04353182,White,-0.33637904,2,ID
ID-26,26,52771,0.00428415,0.21937394,0.75639961,0.81091187,0.18908813,0.0135826,0.12173471,0.00363729,0.01727076,0.03019204,39315,-0.53702567,0.22813337,0.74212538,-0.51399201,-0.02303366,White,-0.53434778,2,ID
ID-27,27,53252,0.01343805,0.25114559,0.72859555,0.87479986,0.12520014,0.00800578,0.05712515,0.00420949,0.02956975,0.02009194,38722,-0.47744996,0.29776715,0.68025518,-0.38248803,-0.09496193,White,-0.45079598,2,ID
ID-28,28,53093,0.01041212,0.293692,0.68174444,0.84664761,0.15335239,0.01361746,0.07928794,0.00483368,0.02697505,0.02390852,38480,-0.38805244,0.30633544,0.66386153,-0.35752609,-0.03052635,White,-0.38287699,2,ID
ID-29,29,50798,-0.03326399,0.37183224,0.59918225,0.81883374,0.18116626,0.01450408,0.08910037,0.00469091,0.04415928,0.026474,37093,-0.22735001,0.38709421,0.58052211,-0.1934279,-0.03392211,White,-0.22104264,2,ID
ID-30,30,50421,-0.04043867,0.36021676,0.61233682,0.82414212,0.17585788,0.01790352,0.07365862,0.00649279,0.0486821,0.02652373,36194,-0.25212006,0.3730807,0.593412,-0.2203313,-0.03178876,White,-0.24652381,2,ID
ID-31,31,51090,-0.02770694,0.53153025,0.43501779,0.76549174,0.23450826,0.03667735,0.11493715,0.00736998,0.04725166,0.02837072,40570,0.09651246,0.53407846,0.42555336,0.1085251,-0.01201264,White,0.09551667,2,ID
ID-32,32,52130,-0.00791472,0.53315021,0.43452739,0.8239201,0.1760799,0.02041364,0.07899299,0.00478597,0.03792152,0.02976583,40953,0.09862282,0.53692799,0.4291238,0.10780419,-0.00918137,White,0.09668328,2,ID
ID-33,33,51302,-0.02367237,0.54398737,0.42136655,0.80476694,0.19523306,0.02439826,0.08683809,0.0056123,0.04499237,0.02646472,42585,0.12262082,0.56296386,0.39887253,0.16409133,-0.04147051,White,0.13144432,2,ID
ID-34,34,51700,-0.01609804,0.65606101,0.31323075,0.83179175,0.16820825,0.01474521,0.05319071,0.00527491,0.06943252,0.01908781,40759,0.34283026,0.67622523,0.29480579,0.38141944,-0.03858918,White,0.35069332,2,ID
ID-35,35,51663,-0.01680219,0.55706107,0.41517176,0.8630329,0.1369671,0.01666913,0.05831735,0.00312239,0.02829818,0.02461032,40674,0.14188931,0.58793,0.38545524,0.20247476,-0.06058545,White,0.15708446,2,ID
MD-1,1,129034,-0.01793978,0.38533457,0.58895799,0.73183877,0.26816123,0.1883959,0.03713649,0.0009918,0.02472024,0.01766533,106876,-0.20362342,0.40039909,0.57896237,-0.17856328,-0.02506014,White,-0.20027004,3,MD
MD-2A,2A,43495,-0.00689641,0.63694045,0.32896388,0.43965231,0.56034769,0.43756979,0.0760571,0.0017807,0.03757583,0.01955754,33133,0.30797657,0.66464646,0.30790665,0.35673981,-0.04876324,Minority,0.31923098,1,MD
MD-2B,2B,43086,-0.01623494,0.36945235,0.60558039,0.69252418,0.30747582,0.24361546,0.03538816,0.0015269,0.01281399,0.01835274,33401,-0.23612804,0.39203989,0.58395861,-0.19191872,-0.04420932,White,-0.2263916,1,MD
MD-2C,2C,42222,-0.0359623,0.49050052,0.48287699,0.75859361,0.24140639,0.14186006,0.06706218,0.001425,0.01805968,0.01570407,34386,0.00762353,0.49394112,0.48162004,0.01232108,-0.00469755,White,0.00418938,1,MD
MD-3,3,129693,-0.01292422,0.36381558,0.60963141,0.81043459,0.18956541,0.09918857,0.05162285,0.00162089,0.0178396,0.01944084,101796,-0.24581583,0.38050887,0.59287818,-0.21236931,-0.03344652,White,-0.23966699,3,MD
MD-4,4,130492,-0.00684314,0.29454541,0.67804917,0.87196567,0.12803433,0.04990106,0.0304755,0.00115593,0.01855371,0.02334398,102082,-0.38350376,0.30543308,0.66787339,-0.36244031,-0.02106345,White,-0.38148261,3,MD
MD-5,5,130716,-0.0051383,0.52164933,0.44735561,0.62362492,0.37637508,0.25420658,0.05934757,0.00245238,0.04579442,0.02131067,99903,0.07429372,0.53443803,0.4378046,0.09663343,-0.02233971,White,0.07674029,3,MD
MD-6,6,131980,0.00448183,0.39895114,0.57063975,0.77036575,0.22963425,0.11231739,0.0383877,0.00139361,0.05941858,0.01732758,102611,-0.17168861,0.40129725,0.57225886,-0.17096161,-0.000727,White,-0.17644628,3,MD
MD-7A,7A,43911,0.00260194,0.4765625,0.49813433,0.5689845,0.4310155,0.31696867,0.06471481,0.0011604,0.02457675,0.02773067,33609,-0.02157183,0.48257713,0.4938294,-0.01125227,-0.01031956,White,-0.02313198,1,MD
MD-7B,7B,42894,-0.0206188,0.35572938,0.61672684,0.69555243,0.30444757,0.11323871,0.12905298,0.00131531,0.03132265,0.03474856,32692,-0.26099746,0.37100915,0.60529261,-0.23428346,-0.026714,White,-0.25709279,1,MD
MD-7C,7C,43747,-0.0011426,0.3582967,0.61565934,0.72813267,0.27186733,0.15084691,0.06878714,0.00135978,0.02104703,0.03319637,33829,-0.25736264,0.38468762,0.59089654,-0.20620892,-0.05115372,White,-0.2453114,1,MD
MD-8,8,127530,-0.02938652,0.53305723,0.43103045,0.72738055,0.27261945,0.12699583,0.0591026,0.00103654,0.07232842,0.01335539,100334,0.10202678,0.54127948,0.42880163,0.11247785,-0.01045107,White,0.10051047,3,MD
MD-9A,9A,42864,-0.02130378,0.64147376,0.33228283,0.42075015,0.57924985,0.41630369,0.07014519,0.00093769,0.07955233,0.01814882,33060,0.30919093,0.65252827,0.32715376,0.32537451,-0.01618358,Minority,0.30958546,1,MD
MD-9B,9B,44707,0.02077669,0.53533698,0.43401639,0.62534309,0.37465691,0.19307525,0.03713975,0.0012866,0.12983188,0.01426693,34976,0.10132059,0.54123335,0.43431856,0.10691479,-0.0055942,White,0.09818532,1,MD
MD-9C,9C,42715,-0.02470584,0.64790616,0.32045478,0.53523747,0.46476253,0.34415409,0.05541388,0.00096007,0.05124359,0.01785125,33331,0.32745138,0.64676798,0.32268138,0.3240866,0.00336478,White,0.32132979,1,MD
MD-10,10,127932,-0.02632695,0.62952155,0.33398015,0.71967021,0.28032979,0.15091351,0.04185319,0.00111176,0.07833453,0.0099271,101641,0.2955414,0.64625226,0.32531762,0.32093464,-0.02539324,White,0.29900581,3,MD
MD-11,11,129333,-0.01566413,0.79643014,0.16673999,0.24668435,0.75331565,0.61370568,0.05808721,0.00167894,0.07784699,0.01465343,100659,0.62969015,0.83509945,0.14447392,0.69062553,-0.06093538,Black,0.64500194,3,MD
MD-12,12,129676,-0.0130536,0.67530515,0.28917609,0.39527153,0.60472847,0.45187663,0.07544668,0.00172748,0.06599576,0.01971537,99567,0.38612906,0.70157962,0.27294336,0.42863626,-0.0425072,Black,0.39529813,3,MD
MD-13,13,130792,-0.00455988,0.81743001,0.15130158,0.27802843,0.72197157,0.56361668,0.12829614,0.00135355,0.02297018,0.02176703,99738,0.66612843,0.841672,0.13848027,0.70319173,-0.0370633,Black,0.67348286,3,MD
MD-14,14,130010,-0.01051157,0.88743972,0.0796069,0.30776611,0.69223389,0.55743124,0.04813566,0.00124448,0.08255356,0.01387926,105265,0.80783282,0.9081391,0.07339613,0.83474297,-0.02691015,Black,0.81180287,3,MD
MD-15,15,129438,-0.01486499,0.81889407,0.14514065,0.26641281,0.73358719,0.63402973,0.04521767,0.00117886,0.04982083,0.01386563,106883,0.67375342,0.86073876,0.11870246,0.7420363,-0.06828288,Black,0.69151438,3,MD
MD-16,16,129376,-0.01533686,0.85256125,0.11519666,0.37206265,0.62793735,0.52094741,0.04903122,0.00098883,0.0526414,0.01362911,107197,0.73736459,0.87325722,0.10399677,0.76926045,-0.03189586,Black,0.74299654,3,MD
MD-17,17,130099,-0.00983421,0.67985795,0.28999401,0.42271832,0.57728168,0.46720982,0.05134465,0.00108827,0.05198192,0.0158338,101997,0.38986394,0.70133117,0.27419891,0.42713226,-0.03726832,Black,0.39728671,3,MD
MD-18,18,130024,-0.01040502,0.33811848,0.62958504,0.87467453,0.12532547,0.04250553,0.03709162,0.00104151,0.02291329,0.01784328,101775,-0.29146656,0.34112916,0.62346011,-0.28233095,-0.00913561,White,-0.29342136,3,MD
MD-19,19,129909,-0.01128027,0.75149713,0.20702201,0.49056472,0.50943528,0.25606768,0.08852266,0.00174005,0.15709471,0.01743052,99997,0.54447512,0.77600286,0.1957806,0.58022226,-0.03574714,Minority,0.55139083,3,MD
MD-20A,20A,42569,-0.02803939,0.66395462,0.28801897,0.48267694,0.51732306,0.13277327,0.0448473,0.00148438,0.32969081,0.00938003,31663,0.37593565,0.6865059,0.28592752,0.40057838,-0.02464273,Minority,0.37914989,1,MD
MD-20B,20B,44127,0.00753378,0.60684506,0.34634627,0.6276436,0.3723564,0.06954458,0.030882,0.00102139,0.25898222,0.01009373,33288,0.26049879,0.62057926,0.35090462,0.26967464,-0.00917585,White,0.25855741,1,MD
MD-20C,20C,43366,-0.00984182,0.58502442,0.36661241,0.65228536,0.34771464,0.08221124,0.03483632,0.0011118,0.21278567,0.01114886,32380,0.21841201,0.59429298,0.37488186,0.21941112,-0.00099911,White,0.21374505,1,MD
MD-21,21,132489,0.00835576,0.71550877,0.24471256,0.34482858,0.65517142,0.38977943,0.10915673,0.00199289,0.15056465,0.01986156,103869,0.47079621,0.74524431,0.22765678,0.51758753,-0.04679132,Black,0.48139332,3,MD
MD-22A,22A,41848,-0.04450169,0.46957148,0.49765934,0.65583516,0.34416484,0.17374565,0.08821265,0.00261804,0.05889057,0.02550282,32467,-0.02808786,0.47278247,0.49794196,-0.02515949,-0.00292837,White,-0.03211174,1,MD
MD-22B,22B,42540,-0.02870154,0.50090237,0.47033824,0.59086561,0.40913439,0.22405548,0.11588355,0.00176351,0.04656863,0.03039813,33456,0.03056413,0.51175459,0.4625,0.04925459,-0.01869046,White,0.03179428,1,MD
MD-22C,22C,44716,0.02098218,0.43470347,0.53689201,0.73894908,0.26105092,0.13886797,0.05190893,0.00199873,0.04643416,0.02288396,34522,-0.10218854,0.43204565,0.53880597,-0.10676032,0.00457178,White,-0.10871247,1,MD
MD-23,23,131170,-0.00168297,0.49596666,0.4681244,0.79119955,0.20880045,0.0998959,0.0444827,0.00193185,0.04266095,0.01724656,99904,0.02784226,0.49971214,0.46894311,0.03076903,-0.00292677,White,0.02381785,3,MD
MD-24,24,132636,0.00947455,0.61010308,0.35235795,0.60741801,0.39258199,0.22329586,0.07965763,0.00328055,0.07458769,0.02170131,100593,0.25774513,0.60874183,0.35959667,0.24914516,0.00859997,White,0.24987847,3,MD
MD-25,25,131866,0.00361419,0.55740997,0.40910421,0.73698043,0.26301957,0.11977337,0.09436747,0.00143789,0.03074799,0.01763558,105015,0.14830576,0.5702375,0.40373741,0.16650009,-0.01819433,White,0.14937054,3,MD
MD-26A,26A,45537,0.03972774,0.42780315,0.54486518,0.78027581,0.21972419,0.12655001,0.03641789,0.00257851,0.03079731,0.02306177,34516,-0.11706203,0.45393116,0.52265681,-0.06872565,-0.04833638,White,-0.1059499,1,MD
MD-26B,26B,44737,0.02146166,0.43225115,0.54345928,0.73223947,0.26776053,0.17995766,0.03746177,0.00188191,0.02349447,0.02572924,34008,-0.11120813,0.46243964,0.51243069,-0.04999105,-0.06121708,White,-0.09580244,1,MD
MD-26C,26C,44985,0.02712415,0.52783232,0.43564697,0.59545849,0.40454151,0.25143188,0.07547006,0.00344229,0.05956031,0.02600521,34570,0.09218535,0.54006653,0.42546114,0.11460539,-0.02242004,White,0.0946587,1,MD
MD-27A,27A,43267,-0.01210225,0.37963038,0.59073516,0.80292105,0.19707895,0.10205271,0.03451873,0.0025774,0.03718818,0.01920776,32591,-0.21110478,0.39010845,0.58037432,-0.19026587,-0.02083891,White,-0.20915848,1,MD
MD-27B,27B,45594,0.0410292,0.33732806,0.63697004,0.79476729,0.20523271,0.1266281,0.02790207,0.00179554,0.02225896,0.02627754,35087,-0.29964198,0.3419041,0.63389609,-0.29199199,-0.00764999,White,-0.30209198,1,MD
MD-27C,27C,45615,0.04150868,0.5992269,0.37157547,0.52357003,0.47642997,0.37223311,0.04765152,0.00312562,0.03602989,0.031995,35193,0.22765143,0.58136206,0.39557906,0.185783,0.04186843,White,0.20869529,1,MD
MD-28,28,133887,0.01899574,0.79957832,0.17404611,0.22922148,0.77077852,0.65669495,0.06423483,0.00196084,0.04556249,0.0264763,101487,0.62553221,0.81279634,0.16967974,0.6431166,-0.01758439,Black,0.62639367,3,MD
MD-29A,29A,45327,0.03493289,0.8013944,0.16335819,0.09118921,0.90881079,0.37912624,0.48926109,0.0022271,0.04744036,0.04152175,32778,0.63803621,0.86471794,0.10614027,0.75857767,-0.12054146,Hispanic,0.6732167,1,MD
MD-29B,29B,45281,0.03388259,0.82374457,0.13076278,0.13786168,0.86213832,0.45073701,0.39361549,0.00198259,0.02775623,0.03554291,34803,0.69298179,0.88412409,0.09011791,0.79400618,-0.10102439,Black,0.72165659,1,MD
MD-29C,29C,43540,-0.00586895,0.77596708,0.18962963,0.04031852,0.95968148,0.24367367,0.68843636,0.00198288,0.037895,0.08217928,31772,0.58633745,0.88063923,0.09885448,0.78178475,-0.1954473,Hispanic,0.64648655,1,MD
MD-30,30,133651,0.01719958,0.78735055,0.17354033,0.32111358,0.67888642,0.33286721,0.20565198,0.00175482,0.14044035,0.02069224,109413,0.61381022,0.82422764,0.14839323,0.67583441,-0.06202419,Black,0.62948495,3,MD
MD-31,31,133126,0.01320388,0.79990195,0.16466631,0.21111542,0.78888458,0.55931135,0.1614452,0.00161979,0.0714161,0.02235694,103100,0.63523564,0.83300289,0.14347889,0.689524,-0.05428836,Black,0.64833176,3,MD
MD-32,32,136031,0.03531344,0.88826125,0.0837109,0.0485752,0.9514248,0.73987976,0.19345032,0.00149567,0.02410675,0.01982502,102295,0.80455035,0.92714549,0.05220426,0.87494123,-0.07039088,Black,0.82301398,3,MD
MD-33,33,132864,0.01120983,0.89878646,0.07839588,0.07920379,0.92079621,0.84694352,0.04800805,0.00125238,0.03273276,0.01499065,105399,0.82039058,0.92114233,0.0633944,0.85774793,-0.03735735,Black,0.82784303,3,MD
MD-34,34,134594,0.02437663,0.90818463,0.06515093,0.05268569,0.94731431,0.85208206,0.0817826,0.00172601,0.01770337,0.01813723,106025,0.8430337,0.93616881,0.04633549,0.88983332,-0.04679962,Black,0.85363357,3,MD
MD-35,35,134455,0.02331872,0.88247893,0.09209852,0.0763737,0.9236263,0.74086227,0.1302653,0.00200049,0.05512554,0.01916354,106974,0.79038041,0.91248307,0.07027279,0.84221028,-0.05182987,Black,0.80265703,3,MD
MD-36,36,134569,0.02418635,0.74677785,0.21389893,0.31488242,0.68511758,0.21052683,0.32876672,0.00155349,0.14123153,0.02666175,102994,0.53287892,0.80783504,0.16773453,0.64010051,-0.10722159,Hispanic,0.56361945,3,MD
MD-37A,37A,44238,0.0100682,0.73319651,0.2279374,0.32424726,0.67575274,0.32661382,0.15279995,0.00202441,0.19012318,0.01893248,35072,0.50525911,0.78417525,0.19200383,0.59217142,-0.08691231,Black,0.52922988,1,MD
MD-37B,37B,44086,0.00659765,0.71470567,0.2523701,0.58036041,0.41963959,0.16541565,0.10075623,0.00157432,0.14351579,0.01217284,35571,0.46233557,0.73601529,0.24180023,0.49421506,-0.03187949,White,0.46796207,1,MD
MD-37C,37C,44724,0.02116484,0.5830678,0.37691738,0.66205917,0.33794083,0.10153873,0.12106987,0.00194152,0.10035063,0.01825611,34509,0.20615042,0.603851,0.36706856,0.23678244,-0.03063202,White,0.21136109,1,MD
MD-38,38,130839,-0.00420217,0.74722838,0.21404929,0.43878323,0.56121677,0.15572229,0.19041664,0.00168673,0.20165184,0.01753621,103158,0.53317909,0.78168137,0.19258052,0.58910085,-0.05592176,Minority,0.54681968,3,MD
MD-39,39,132168,0.00591267,0.72588308,0.23139897,0.57698274,0.42301726,0.07606166,0.07895094,0.00149312,0.25405274,0.00797945,103140,0.49448411,0.76406678,0.21276212,0.55130466,-0.05682055,White,0.50842429,3,MD
MD-40A,40A,45419,0.03703349,0.70913435,0.24708301,0.28063622,0.71936378,0.24570261,0.33524004,0.0020429,0.13576536,0.02842551,34265,0.46205134,0.7721137,0.2004129,0.5717008,-0.10964946,Hispanic,0.49360116,1,MD
MD-40B,40B,43035,-0.01739941,0.70756821,0.25341028,0.25975199,0.74024801,0.23004455,0.34279437,0.00310017,0.1650614,0.02648688,33224,0.45415793,0.76457923,0.20632382,0.55825541,-0.10409748,Hispanic,0.48385709,1,MD
MD-40C,40C,43192,-0.01381469,0.73016215,0.23379842,0.41626469,0.58373531,0.13998145,0.194094,0.00182437,0.24016698,0.01533704,32340,0.49636373,0.76949259,0.20495366,0.56453893,-0.0681752,Minority,0.5140888,1,MD
MD-41,41,132233,0.00640738,0.69318698,0.26572735,0.32816327,0.67183673,0.23626089,0.18200575,0.00183967,0.24888451,0.01770559,98387,0.42745963,0.74731305,0.22732734,0.51998571,-0.09252608,Minority,0.45330166,3,MD
MD-42,42,133592,0.01675054,0.82743691,0.13718454,0.68587353,0.31412647,0.09438573,0.09096617,0.00178706,0.11461332,0.01077066,103522,0.69025237,0.84893162,0.12854087,0.72039075,-0.03013838,White,0.6952985,3,MD
MD-43A,43A,44618,0.01874459,0.89383836,0.0730417,0.41738382,0.58261618,0.37310532,0.12939315,0.0019155,0.07928488,0.01746155,36022,0.82079666,0.92600945,0.05364965,0.8723598,-0.05156314,Minority,0.83298437,1,MD
MD-43B,43B,44672,0.01997755,0.78225149,0.18162433,0.25247104,0.74752896,0.29855679,0.35034261,0.00118246,0.10199503,0.03301801,32982,0.60062716,0.84955805,0.12795871,0.72159934,-0.12097218,Hispanic,0.63595122,1,MD
MD-43C,43C,45325,0.03488723,0.78997862,0.17581273,0.15059087,0.84940913,0.5805558,0.15203489,0.00191554,0.12598356,0.01550113,33933,0.61416589,0.85754338,0.12113838,0.736405,-0.12223911,Black,0.64991226,1,MD
MD-44,44,127541,-0.0293028,0.549622,0.42035091,0.68255168,0.31744832,0.12856443,0.12327396,0.0016954,0.04963641,0.02094738,97912,0.12927109,0.5515344,0.41913028,0.13240412,-0.00313303,White,0.12531543,3,MD
MD-45,45,129713,-0.012772,0.52968217,0.43661183,0.7256658,0.2743342,0.10062874,0.08494607,0.00153351,0.07031641,0.01908705,97815,0.09307034,0.53952642,0.43155548,0.10797094,-0.0149006,White,0.09303721,3,MD
MD-46A,46A,43801,0.00009036,0.52866619,0.43849741,0.66176335,0.33823665,0.21346313,0.07947671,0.00181187,0.02745447,0.02616467,32563,0.09016878,0.5495551,0.42422998,0.12532512,-0.03515634,White,0.09688756,1,MD
MD-46B,46B,43277,-0.01187392,0.34139844,0.63279032,0.85027678,0.14972322,0.06051021,0.04457722,0.00181589,0.02433881,0.0210292,34143,-0.29139188,0.34772953,0.62765203,-0.2799225,-0.01146938,White,-0.29256875,1,MD
MD-46C,46C,42524,-0.02906686,0.36822553,0.60172535,0.75519051,0.24480949,0.14985245,0.04875819,0.00112298,0.02554125,0.01788932,38291,-0.23349982,0.38179335,0.59526627,-0.21347292,-0.0200269,White,-0.23182419,1,MD
MD-47,47,130344,-0.00796955,0.26078595,0.71572651,0.88519632,0.11480368,0.06358129,0.01922701,0.00104232,0.0120797,0.01661191,107453,-0.45494056,0.2643399,0.71594769,-0.45160779,-0.00333277,White,-0.45882964,3,MD
ND-1,1,16188,-0.02343491,0.48970317,0.47876722,0.84307203,0.15692797,0.05148973,0.03977437,0.00065085,0.0424501,0.02509401,13828,0.01093595,0.49469708,0.46810984,0.02658724,-0.01565129,White,0.01115305,2,ND
ND-2,2,16058,-0.03127736,0.55298714,0.41461826,0.85032351,0.14967649,0.04500359,0.03386053,0.00150971,0.02997843,0.04069015,13910,0.13836888,0.5729543,0.37898539,0.19396891,-0.05560003,White,0.15190222,2,ND
ND-3,3,16444,-0.00799133,0.54863915,0.41893476,0.85119048,0.14880952,0.04918155,0.03221726,0.00141369,0.02559524,0.03816964,13440,0.12970439,0.57050104,0.39483033,0.17567071,-0.04596632,White,0.1400265,2,ND
ND-4,4,16803,0.01366587,0.52126669,0.44597951,0.7321362,0.2678638,0.10982788,0.03889427,0.00178824,0.08002384,0.03718054,13421,0.07528718,0.55163653,0.41413839,0.13749814,-0.06221096,White,0.09102417,2,ND
ND-5,5,16375,-0.01215386,0.4871134,0.48362644,0.76006776,0.23993224,0.12389312,0.03565104,0.001309,0.04774005,0.03272503,12987,0.00348696,0.50429062,0.4576659,0.04662472,-0.04313776,White,0.01286621,2,ND
ND-6,6,16254,-0.01945337,0.46553122,0.50619859,0.81359052,0.18640948,0.08372019,0.01944934,0.00248119,0.05546662,0.0231311,12494,-0.04066737,0.48301887,0.4815323,0.00148657,-0.04215394,White,-0.03161606,2,ND
ND-7,7,16994,0.02518823,0.43610548,0.53790568,0.80361208,0.19638792,0.08961906,0.03604492,0.00068296,0.04682046,0.02124753,13178,-0.1018002,0.47287785,0.4873706,-0.01449275,-0.08730745,White,-0.07769772,2,ND
ND-8,8,16880,0.01831101,0.42204635,0.55161108,0.88436814,0.11563186,0.03543431,0.02681091,0.00078394,0.02304798,0.02767325,12756,-0.12956473,0.43571844,0.52833042,-0.09261198,-0.03695275,White,-0.12224715,2,ND
ND-9,9,16938,0.02180995,0.36816501,0.60400856,0.8864779,0.1135221,0.04189821,0.01640646,0.00176414,0.03016671,0.02081679,11337,-0.23584355,0.3974203,0.56826478,-0.17084448,-0.06499907,White,-0.21917719,2,ND
ND-10,10,17238,0.03990789,0.41824053,0.55416381,0.85474635,0.14525365,0.06766675,0.02379224,0.00112912,0.0288733,0.02282442,12399,-0.13592328,0.43838694,0.52873699,-0.09035005,-0.04557323,White,-0.1257322,2,ND
ND-11,11,16636,0.00359135,0.31028701,0.65805306,0.94765678,0.05234322,0.00750169,0.01382333,0.00118004,0.00480445,0.01930209,11864,-0.34776605,0.32017064,0.6461387,-0.32596806,-0.02179799,White,-0.34550005,2,ND
ND-12,12,16529,-0.00286358,0.29935843,0.67497882,0.91317902,0.08682098,0.01153456,0.02486166,0.00272777,0.01028758,0.0337464,12831,-0.37562039,0.32130056,0.64925755,-0.32795699,-0.0476634,White,-0.36473259,2,ND
ND-13,13,17094,0.03122088,0.27756298,0.69677797,0.94,0.06,0.01174242,0.02219697,0.00075758,0.00893939,0.01257576,13200,-0.41921499,0.30370106,0.66392955,-0.36022849,-0.0589865,White,-0.40455282,2,ND
ND-14,14,16586,0.00057503,0.16376192,0.81749425,0.9503497,0.0496503,0.00814695,0.01437245,0.00215203,0.00453462,0.02044424,13011,-0.65373233,0.17026302,0.8101986,-0.63993558,-0.01379675,White,-0.65413341,2,ND
ND-15,15,16671,0.00570278,0.29499666,0.67685123,0.91267162,0.08732838,0.02625853,0.02588341,0.00142546,0.01102858,0.02310751,13329,-0.38185457,0.29738121,0.67157127,-0.37419006,-0.00766451,White,-0.38429973,2,ND
ND-16,16,16674,0.00588376,0.30361922,0.66996392,0.94064992,0.05935008,0.01602227,0.01241161,0.00097788,0.00782308,0.01865503,13294,-0.3663447,0.31693804,0.65128901,-0.33435097,-0.03199373,White,-0.36068012,2,ND
ND-17A,17A,8020,-0.03236323,0.25,0.72441315,0.93570705,0.06429295,0.00911239,0.02159973,0.00253122,0.00843739,0.01923726,5926,-0.47441315,0.26474963,0.70649479,-0.44174516,-0.03266799,White,-0.46852382,1,ND
ND-17B,17B,7997,-0.03513825,0.33025516,0.64398542,0.93051704,0.06948296,0.00994944,0.029359,0.00244658,0.00570869,0.01892024,6131,-0.31373026,0.36097679,0.60976789,-0.2487911,-0.06493916,White,-0.29708387,1,ND
ND-18,18,15916,-0.03984372,0.44938571,0.52569649,0.81031901,0.18968099,0.05084619,0.04440617,0.00254605,0.05653737,0.03706755,13354,-0.07631078,0.45644719,0.50771605,-0.05126886,-0.02504192,White,-0.07296347,2,ND
ND-19,19,16460,-0.00702611,0.44908507,0.52353681,0.82935285,0.17064715,0.05531587,0.03805855,0.00123267,0.03274268,0.04368259,12980,-0.07445174,0.46067272,0.50594705,-0.04527433,-0.02917741,White,-0.06972594,2,ND
ND-20,20,15876,-0.04225678,0.44295302,0.52813629,0.78306229,0.21693771,0.04924824,0.05062903,0.00184106,0.05592206,0.05975759,13036,-0.08518327,0.49069557,0.46034327,0.0303523,-0.11553557,White,-0.05167141,2,ND
ND-21,21,16898,0.01939689,0.35920019,0.61675791,0.84649263,0.15350737,0.04107944,0.03979821,0.00320307,0.04035874,0.02618514,12488,-0.25755772,0.36541935,0.60283871,-0.23741936,-0.02013836,White,-0.25584493,2,ND
ND-22,22,16098,-0.0288643,0.25164145,0.72252355,0.87488966,0.12511034,0.0097103,0.07671936,0.00040125,0.00674103,0.02889014,12461,-0.4708821,0.26612473,0.70748934,-0.44136461,-0.02951749,White,-0.46604294,2,ND
ND-23,23,16618,0.00250547,0.27056719,0.70822688,0.87332039,0.12667961,0.00792233,0.01584466,0.00194175,0.00792233,0.09273786,12875,-0.43765969,0.27930517,0.69370157,-0.4143964,-0.02326329,White,-0.43490526,2,ND
ND-24,24,15911,-0.04014535,0.25072816,0.72864078,0.91927459,0.08072541,0.00794415,0.0166105,0.00136415,0.00441342,0.0516771,12462,-0.47791262,0.25983616,0.71801085,-0.45817469,-0.01973793,White,-0.47633331,2,ND
ND-25,25,17143,0.03417688,0.54844202,0.43010387,0.32701588,0.67298412,0.0035097,0.00965166,0.00149162,0.00377292,0.65920856,11397,0.11833815,0.57726108,0.40424753,0.17301355,-0.0546754,Native,0.13156328,2,ND
ND-26,26,16979,0.02428333,0.19650459,0.78288147,0.92874469,0.07125531,0.00848999,0.01432686,0.00151607,0.00674651,0.03752274,13192,-0.58637688,0.2109624,0.76609305,-0.55513065,-0.03124623,White,-0.58096147,2,ND
ND-27,27,16952,0.02265452,0.17693193,0.79765764,0.93605116,0.06394884,0.00919265,0.01718625,0.00031974,0.00639488,0.02693845,12510,-0.62072571,0.18411432,0.78852332,-0.604409,-0.01631671,White,-0.62028681,2,ND
ND-28,28,16327,-0.01504953,0.30044198,0.67242265,0.89926784,0.10073216,0.02518304,0.01528683,0.00547108,0.02204522,0.0304932,12429,-0.37198067,0.29735984,0.67192595,-0.37456611,0.00258544,White,-0.37784248,2,ND
ND-29,29,16857,0.0169235,0.23692308,0.73876923,0.8872,0.1128,0.02176,0.03432,0.00184,0.01816,0.03632,12500,-0.50184615,0.24627695,0.7259391,-0.47966215,-0.022184,White,-0.49945148,2,ND
ND-30,30,16321,-0.01541149,0.29750032,0.66947287,0.85124731,0.14875269,0.03572528,0.03395442,0.00277179,0.01093317,0.06667693,12988,-0.37197255,0.31156765,0.65100759,-0.33943994,-0.03253261,White,-0.36612835,2,ND
ND-31,31,15858,-0.04334265,0.27843238,0.69492828,0.85898277,0.14101723,0.02132896,0.02846596,0.00287121,0.01320755,0.07374897,12190,-0.4164959,0.29106296,0.67431722,-0.38325426,-0.03324164,White,-0.41041535,2,ND
ND-32,32,16143,-0.0261496,0.36648466,0.60153406,0.84527838,0.15472162,0.03429714,0.03329745,0.00861273,0.01614888,0.06282682,13004,-0.2350494,0.38457584,0.5748072,-0.19023136,-0.04481804,White,-0.22511005,2,ND
ND-33,33,15950,-0.03779262,0.27222365,0.69801598,0.85838081,0.14161919,0.02222579,0.04148279,0.00304903,0.00906684,0.06531333,12463,-0.42579233,0.28859684,0.67582636,-0.38722952,-0.03856281,White,-0.41793806,2,ND
ND-34,34,16403,-0.01046472,0.17941476,0.79685911,0.92460252,0.07539748,0.00967055,0.02196361,0.00229471,0.0065563,0.03491231,12202,-0.61744435,0.18990412,0.78387432,-0.5939702,-0.02347415,White,-0.61461963,2,ND
ND-35A,35A,7957,-0.03996437,0.30079239,0.68050713,0.58805195,0.41194805,0.00606061,0.01419913,0.00190476,0.00450216,0.39428571,5775,-0.37971474,0.31908489,0.66255268,-0.34346779,-0.03624695,White,-0.37263242,1,ND
ND-35B,35B,8191,-0.01173158,0.55032781,0.43038951,0.25368627,0.74631373,0.02256173,0.05862498,0.00355303,0.01687689,0.67312134,5629,0.1199383,0.62056348,0.35931211,0.26125137,-0.14131307,Native,0.16204266,1,ND
ND-36,36,17059,0.02910945,0.16000416,0.82115345,0.93880495,0.06119505,0.00706097,0.0152608,0.00091109,0.00744059,0.02839572,13171,-0.66114929,0.16811624,0.80978205,-0.64166581,-0.01948348,White,-0.6596548,2,ND
ND-37,37,16681,0.00630604,0.27107152,0.70592927,0.84440843,0.15559157,0.04792776,0.04051864,0.00231535,0.02732114,0.03480744,12957,-0.43485775,0.28163755,0.68702494,-0.40538739,-0.02947036,White,-0.4300343,2,ND
ND-38,38,17025,0.02705835,0.28164986,0.69020021,0.80189706,0.19810294,0.05356865,0.05994402,0.00248795,0.02083657,0.06468667,12862,-0.40855035,0.27740291,0.68451042,-0.40710751,-0.00144284,White,-0.4130694,2,ND
ND-39,39,16575,-0.00008856,0.29289705,0.67821229,0.77211546,0.22788454,0.07196763,0.0792811,0.00614642,0.03625613,0.03843461,12853,-0.38531524,0.30194175,0.65517799,-0.35323624,-0.032079,White,-0.37962224,2,ND
ND-40,40,15835,-0.04473016,0.18714992,0.79406919,0.82013685,0.17986315,0.05180841,0.0663823,0.00550964,0.02692615,0.0298587,11253,-0.60691927,0.19257104,0.77541938,-0.58284834,-0.02407093,White,-0.60389563,2,ND
ND-41,41,16622,0.00274678,0.15768603,0.82202006,0.91081016,0.08918984,0.01065791,0.03037102,0.00216363,0.00889494,0.03421749,12479,-0.66433403,0.15799045,0.82052739,-0.66253694,-0.00179709,White,-0.668735,2,ND
ND-42,42,16835,0.01559632,0.1404147,0.83975991,0.71542444,0.28457556,0.0764237,0.11093763,0.00312269,0.02489933,0.06631605,12169,-0.69934521,0.14392775,0.82571099,-0.68178324,-0.01756197,White,-0.69849122,2,ND
ND-43,43,16786,0.01264032,0.17737003,0.79446322,0.79871764,0.20128236,0.04821037,0.06630955,0.00486973,0.02467332,0.05827449,12321,-0.61709319,0.17830381,0.78882834,-0.61052453,-0.00656866,White,-0.61990364,2,ND
ND-44,44,16556,-0.00123477,0.1096472,0.87263944,0.81960489,0.18039511,0.01866734,0.09618282,0.00133936,0.01816508,0.04068307,11946,-0.76299224,0.10628902,0.86904218,-0.76275316,-0.00023908,White,-0.76791255,2,ND
ND-45,45,17292,0.04316552,0.12382496,0.85964344,0.9278681,0.0721319,0.00969392,0.0223647,0.00267155,0.01038089,0.02702084,13101,-0.73581848,0.12596022,0.85509839,-0.72913817,-0.00668031,White,-0.73859171,2,ND
ND-46,46,17193,0.0371932,0.18975822,0.78945939,0.85236554,0.14763446,0.04338111,0.05563261,0.00346741,0.01849283,0.02689166,12978,-0.59970117,0.1895741,0.78207712,-0.59250302,-0.00719815,White,-0.60230179,2,ND
ND-47,47,17398,0.04956013,0.13941562,0.84126416,0.88375746,0.11624254,0.02034244,0.05552937,0.00227773,0.01178134,0.02356268,12732,-0.70184854,0.14074254,0.82868236,-0.68793982,-0.01390872,White,-0.7022123,2,ND
NJ-01,1,235383,0.01425226,0.38142734,0.60212382,0.74032755,0.25967245,0.09792073,0.1319848,0.00138105,0.01285553,0.02369853,194780,-0.22069648,0.41282611,0.57418862,-0.16136251,-0.05933397,White,-0.20591849,2,NJ
NJ-02,2,236840,0.0205304,0.49451405,0.48596241,0.55406965,0.44593035,0.1763301,0.17006828,0.00254854,0.09803063,0.01639721,187166,0.00855164,0.5518592,0.43544507,0.11641413,-0.10786249,White,0.0395058,2,NJ
NJ-03,3,233143,0.00460023,0.483763,0.49654212,0.76525363,0.23474637,0.1219902,0.06388351,0.00102107,0.03679739,0.01468344,180203,-0.01277912,0.51194093,0.47278482,0.03915611,-0.05193523,White,-0.00046738,2,NJ
NJ-04,4,232764,0.00296714,0.51653176,0.4680129,0.58322293,0.41677707,0.21193713,0.16959039,0.00157776,0.0293618,0.02169288,181903,0.04851886,0.55352234,0.43402532,0.11949702,-0.07097816,White,0.06717825,2,NJ
NJ-05,5,237087,0.02159471,0.6043927,0.37653373,0.70261318,0.29738682,0.15037101,0.09320357,0.00145715,0.04421981,0.01598021,185980,0.22785897,0.62640685,0.35884523,0.26756162,-0.03970265,White,0.23609319,2,NJ
NJ-06,6,235582,0.01510974,0.65371337,0.32821088,0.44935885,0.55064115,0.2223558,0.23446648,0.00229302,0.10237316,0.01657428,179676,0.32550249,0.70149444,0.2877711,0.41372334,-0.08822085,Minority,0.34990944,2,NJ
NJ-07,7,225832,-0.02690246,0.61746988,0.36567944,0.5905183,0.4094817,0.25089208,0.07883204,0.00116528,0.0661422,0.01596267,179356,0.25179044,0.63614419,0.3515475,0.28459669,-0.03280625,White,0.25772586,2,NJ
NJ-08,8,231398,-0.00291888,0.53265951,0.45142977,0.73316707,0.26683293,0.1235266,0.07047068,0.00207472,0.06244054,0.01560879,186049,0.08122974,0.54969405,0.43550878,0.11418527,-0.03295553,White,0.08721492,2,NJ
NJ-09,9,234326,0.00969771,0.34428543,0.64071191,0.86608322,0.13391678,0.03117744,0.06910333,0.00079423,0.01971418,0.01267737,197675,-0.29642648,0.36935875,0.61741793,-0.24805918,-0.0483673,White,-0.28530405,2,NJ
NJ-10,10,238142,0.02614064,0.2408883,0.74688348,0.79334294,0.20665706,0.04246495,0.12018739,0.00059625,0.02805006,0.0115057,152620,-0.50599518,0.29702089,0.69354771,-0.39652682,-0.10946836,White,-0.47450573,2,NJ
NJ-11,11,237693,0.02420593,0.36901754,0.61087116,0.85901101,0.14098899,0.02048326,0.06773743,0.00099829,0.03945601,0.00993064,191327,-0.24185362,0.40324835,0.58244095,-0.1791926,-0.06266102,White,-0.22596661,2,NJ
NJ-12,12,233157,0.00466055,0.35358209,0.62760481,0.76590307,0.23409693,0.05045359,0.1114826,0.00097492,0.05970708,0.01214521,181553,-0.27402272,0.41053795,0.57619013,-0.16565218,-0.10837054,White,-0.24289921,2,NJ
NJ-13,13,225612,-0.02785043,0.51996447,0.45858903,0.66336863,0.33663137,0.13241715,0.13969596,0.00110669,0.03906994,0.01479989,181623,0.06137544,0.56654884,0.41973871,0.14681013,-0.08543469,White,0.08485367,2,NJ
NJ-14,14,237144,0.02184032,0.61361557,0.36272234,0.56489513,0.43510487,0.10667932,0.13741437,0.00154285,0.18578351,0.01220495,188612,0.25089323,0.6533873,0.33210447,0.32128283,-0.0703896,White,0.26935643,2,NJ
NJ-15,15,233349,0.00548787,0.47542454,0.50281961,0.44121151,0.55878849,0.1460201,0.35285172,0.00191597,0.07111055,0.01686494,182153,-0.02739507,0.5662647,0.42191759,0.14434711,-0.17174218,Minority,0.02485232,2,NJ
NJ-16,16,231203,-0.00375912,0.49352275,0.47561887,0.56755269,0.43244731,0.06358029,0.07966608,0.00081192,0.28446021,0.0070675,183516,0.01790388,0.5651265,0.4241032,0.1410233,-0.12311942,White,0.05394369,2,NJ
NJ-17,17,228791,-0.0141523,0.53081457,0.43159594,0.45180723,0.54819277,0.12140228,0.23282575,0.0017905,0.18874386,0.0152722,179280,0.09921863,0.61295618,0.37246567,0.24049051,-0.14127188,Minority,0.14130926,2,NJ
NJ-18,18,230268,-0.00778799,0.55095477,0.41210262,0.35704083,0.64295917,0.12269401,0.12562251,0.00136223,0.39064422,0.0106055,181321,0.13885215,0.62642938,0.36054263,0.26588675,-0.1270346,Asian,0.17619702,2,NJ
NJ-19,19,241847,0.04210528,0.54824897,0.42641318,0.57173981,0.42826019,0.11616473,0.15361851,0.00125549,0.15653568,0.0103077,189567,0.12183579,0.59960852,0.38769183,0.21191669,-0.0900809,White,0.14686276,2,NJ
NJ-20,20,236511,0.01911275,0.59163133,0.3829072,0.46736292,0.53263708,0.153997,0.25509694,0.00138326,0.11966557,0.01604355,180010,0.20872413,0.64267054,0.34377721,0.29889333,-0.0901692,Minority,0.23378053,2,NJ
NJ-21,21,230846,-0.00529742,0.55651363,0.41168392,0.56408856,0.43591144,0.10900406,0.11162408,0.00116384,0.20975642,0.01059593,181296,0.14482971,0.60312052,0.38250258,0.22061794,-0.07578823,White,0.16509245,2,NJ
NJ-22,22,223104,-0.03865726,0.60611978,0.37424629,0.49768195,0.50231805,0.25085335,0.20969449,0.00170953,0.04069468,0.01756511,176657,0.23187349,0.64088902,0.34401902,0.29687,-0.06499651,Minority,0.24853899,2,NJ
NJ-23,23,238852,0.02919999,0.37957144,0.60000579,0.82583005,0.17416995,0.02718925,0.09206267,0.00062772,0.03910562,0.011989,192760,-0.22043435,0.41532806,0.56633235,-0.15100429,-0.06943006,White,-0.202291,2,NJ
NJ-24,24,242348,0.04426406,0.41387434,0.56429705,0.79141633,0.20858367,0.04914829,0.09525897,0.00099019,0.04960728,0.01187192,193903,-0.15042271,0.44117546,0.5408838,-0.09970834,-0.05071437,White,-0.13851792,2,NJ
NJ-25,25,230452,-0.00699514,0.50413001,0.46937168,0.58986993,0.41013007,0.04870692,0.1874042,0.00094709,0.16744952,0.0137137,182664,0.03475833,0.5591463,0.42674753,0.13239877,-0.09764044,White,0.06230514,2,NJ
NJ-26,26,228912,-0.01363091,0.5029913,0.47764726,0.75658342,0.24341658,0.03103046,0.07034968,0.00089516,0.13248425,0.00516702,176504,0.02534404,0.54516388,0.44300605,0.10215783,-0.07681379,White,0.04594864,2,NJ
NJ-27,27,228621,-0.01488482,0.40402432,0.56765341,0.76706548,0.23293452,0.03527418,0.12584655,0.00087439,0.06298302,0.01042747,184129,-0.16362909,0.45818044,0.52822484,-0.0700444,-0.09358469,White,-0.13743419,2,NJ
NJ-28,28,226298,-0.0248945,0.50184565,0.47908131,0.76326187,0.23673813,0.02474862,0.08887057,0.00088756,0.11638494,0.00698023,174636,0.02276434,0.54727233,0.44016635,0.10710598,-0.08434164,White,0.04587822,2,NJ
NJ-29,29,224159,-0.03411133,0.52183647,0.45575571,0.47990062,0.52009938,0.1334538,0.2156018,0.00217397,0.1789548,0.0106553,177095,0.06608076,0.61091307,0.37884802,0.23206505,-0.16598429,Minority,0.11640886,2,NJ
NJ-30,30,226978,-0.02196441,0.52567451,0.45572386,0.4709797,0.5290203,0.03520496,0.16547547,0.00118936,0.32606074,0.0093323,180770,0.06995065,0.59627716,0.39419735,0.20207981,-0.13212916,Minority,0.1089937,2,NJ
NJ-31,31,225623,-0.02780303,0.5237707,0.45799614,0.52434682,0.47565318,0.10136735,0.26247978,0.00150701,0.11205997,0.01388329,181153,0.06577456,0.58587729,0.40231463,0.18356266,-0.1177881,White,0.10003726,2,NJ
NJ-32,32,238601,0.02811845,0.85222819,0.13223708,0.29626042,0.70373958,0.5220418,0.14096902,0.00175678,0.04646428,0.01444826,182721,0.71999111,0.88396853,0.10744189,0.77652664,-0.05653553,Black,0.73383629,2,NJ
NJ-33,33,239352,0.03135446,0.78289628,0.20488957,0.07510024,0.92489976,0.52804996,0.37715119,0.00238771,0.0264788,0.0189609,177576,0.57800671,0.86742418,0.12615058,0.7412736,-0.16326689,Black,0.62742901,2,NJ
NJ-34,34,238534,0.02782975,0.71531948,0.26623265,0.19363953,0.80636047,0.53748036,0.21006545,0.00123248,0.04951992,0.01346042,185804,0.44908683,0.7917414,0.20109542,0.59064598,-0.14155915,Black,0.49127321,2,NJ
NJ-35,35,223207,-0.03821344,0.67182433,0.29195656,0.21629518,0.78370482,0.24695217,0.27287787,0.00302939,0.27541938,0.0168829,176273,0.37986777,0.77411723,0.21664954,0.55746769,-0.17759992,Asian,0.43406774,2,NJ
NJ-36,36,224363,-0.0332323,0.66212846,0.30556675,0.49431581,0.50568419,0.10239132,0.18221393,0.00214682,0.22028744,0.01075578,184459,0.35656171,0.73293882,0.25333379,0.47960503,-0.12304332,Minority,0.39257615,2,NJ
NJ-37,37,223090,-0.03871759,0.55882297,0.4170979,0.20037489,0.79962511,0.17051616,0.55480425,0.00209293,0.05587659,0.02113628,173919,0.14172507,0.68272043,0.30854028,0.37418015,-0.23245508,Hispanic,0.2142101,2,NJ
NJ-38,38,229286,-0.01201937,0.55376854,0.41585384,0.17882941,0.82117059,0.06192974,0.7059738,0.00202148,0.07715675,0.03589222,182045,0.1379147,0.69018568,0.30102884,0.38915684,-0.25124214,Hispanic,0.21666208,2,NJ
NJ-39,39,232590,0.00221738,0.52766549,0.44640952,0.3030964,0.6969036,0.13231657,0.51593735,0.00152909,0.0742675,0.02737177,177884,0.08125597,0.66091331,0.32943338,0.33147993,-0.25022396,Hispanic,0.15966396,2,NJ
NJ-40,40,231728,-0.00149693,0.55900319,0.40074457,0.21432006,0.78567994,0.22376526,0.51345797,0.00224395,0.07704417,0.02063632,174692,0.15825862,0.70379636,0.28670666,0.4170897,-0.25883108,Hispanic,0.23953565,2,NJ
SD-1,1,24450,-0.03486878,0.29921319,0.68002997,0.94711594,0.05288406,0.00861172,0.01491157,0.00104034,0.00768697,0.0144492,17302,-0.38081678,0.31391229,0.66231005,-0.34839776,-0.03241902,White,-0.37501044,2,SD
SD-2,2,24418,-0.03613194,0.32949014,0.64873174,0.87653344,0.12346656,0.03233648,0.04499972,0.00113065,0.01509413,0.02651365,17689,-0.3192416,0.34467649,0.62623532,-0.28155883,-0.03768277,White,-0.31168068,2,SD
SD-3,3,24351,-0.03877668,0.40268659,0.57708852,0.79360548,0.20639452,0.06754211,0.0422495,0.00028547,0.07479303,0.01929774,17515,-0.17440193,0.42788859,0.55216472,-0.12427613,-0.0501258,White,-0.16269333,2,SD
SD-4,4,25214,-0.0047109,0.47622522,0.49483157,0.73750186,0.26249814,0.08779666,0.06698707,0.00158549,0.02427786,0.0827429,20183,-0.01860635,0.47004921,0.49830307,-0.02825386,0.00964751,White,-0.02682219,2,SD
SD-5,5,24486,-0.03344773,0.41623058,0.56195153,0.8530803,0.1469197,0.03176033,0.05248339,0.00191463,0.02950783,0.02950783,17758,-0.14572095,0.42441567,0.54977299,-0.12535732,-0.02036363,White,-0.14393307,2,SD
SD-6,6,25335,0.00006541,0.50398535,0.46596295,0.72691013,0.27308987,0.10914271,0.07899508,0.0020202,0.03356643,0.05045325,19305,0.0380224,0.5128629,0.45169956,0.06116334,-0.02314094,White,0.04073605,2,SD
SD-7,7,24709,-0.0246451,0.5292923,0.44539916,0.87013742,0.12986258,0.04080338,0.03567653,0.00079281,0.01612051,0.03557082,18920,0.08389314,0.52736539,0.44360736,0.08375803,0.00013511,White,0.0788481,2,SD
SD-8,8,24251,-0.04272404,0.4928496,0.48152414,0.83467825,0.16532175,0.04960687,0.05214153,0.00129319,0.02048417,0.04091661,19332,0.01132546,0.49010969,0.47860097,0.01150872,-0.00018326,White,0.00638655,2,SD
SD-9,9,25768,0.01715751,0.32930945,0.64278297,0.90769822,0.09230178,0.00821207,0.02891034,0.00086443,0.01051722,0.03856313,20823,-0.31347352,0.3281024,0.63299103,-0.30488863,-0.00858489,White,-0.31561189,2,SD
SD-10A,10A,13191,0.04139435,0.84705075,0.12311385,0.04474002,0.95525998,0.00580411,0.02684401,0.00084643,0.00483676,0.94050786,8270,0.7239369,0.89430359,0.08231808,0.81198551,-0.08804861,Native,0.74828644,1,SD
SD-10B,10B,13181,0.04060487,0.61190476,0.36309524,0.17841061,0.82158939,0.00523305,0.01752464,0.0001217,0.00486796,0.80649872,8217,0.24880952,0.65431145,0.32767053,0.32664092,-0.0778314,Native,0.26975332,1,SD
SD-11,11,26546,0.04786803,0.22523215,0.75453954,0.89601288,0.10398712,0.00904442,0.01984089,0.00265177,0.00909177,0.05753386,21118,-0.52930739,0.23515053,0.74006384,-0.50491331,-0.02439408,White,-0.52617603,2,SD
SD-12,12,24616,-0.02831615,0.45178308,0.51287191,0.71676741,0.28323259,0.02356885,0.04652817,0.00213339,0.01940367,0.19617006,19687,-0.06108883,0.44988864,0.51011911,-0.06023047,-0.00085836,White,-0.06580271,2,SD
SD-13,13,24764,-0.02247405,0.36556669,0.61027569,0.87570419,0.12429581,0.01290587,0.03451808,0.00107549,0.01915395,0.05351839,19526,-0.244709,0.36261124,0.60960533,-0.24699409,0.00228509,White,-0.2504707,2,SD
SD-14,14,26297,0.03803908,0.3291812,0.64084039,0.80204896,0.19795104,0.02186869,0.04097917,0.00216717,0.02556272,0.11141211,20303,-0.31165919,0.33788458,0.6229747,-0.28509012,-0.02656907,White,-0.30780283,2,SD
SD-15,15,26015,0.02690751,0.34834835,0.62668919,0.76564266,0.23435734,0.02347683,0.05008733,0.00318504,0.01957259,0.14070687,19466,-0.27834084,0.3536876,0.61724056,-0.26355296,-0.01478788,White,-0.27841155,2,SD
SD-16,16,26127,0.03132856,0.25062735,0.72349435,0.87006537,0.12993463,0.02179091,0.03598034,0.00293924,0.01550702,0.0511833,19733,-0.472867,0.25790224,0.70403287,-0.44613063,-0.02673637,White,-0.46895488,2,SD
SD-17A,17A,12999,0.02623646,0.16260282,0.81624559,0.91931069,0.08068931,0.00375063,0.02574759,0.00243284,0.00364927,0.0376077,9865,-0.65364277,0.1687224,0.80737018,-0.63864778,-0.01499499,White,-0.65364444,1,SD
SD-17B,17B,12944,0.02189435,0.44732143,0.53013393,0.32719259,0.67280741,0.00768535,0.01152803,0.00192134,0.0045208,0.65675859,8848,-0.0828125,0.48296388,0.49651067,-0.01354679,-0.06926571,Native,-0.06472393,1,SD
SD-18,18,25275,-0.00230301,0.21836149,0.7632292,0.76032043,0.23967957,0.00683578,0.01217623,0.0024032,0.00566088,0.21612817,18725,-0.54486771,0.2299851,0.75386184,-0.52387674,-0.02099097,White,-0.54287072,2,SD
SD-19,19,25783,0.01774962,0.31701594,0.66000485,0.81628661,0.18371339,0.00828744,0.0199722,0.00097802,0.00859628,0.14541617,19427,-0.34298891,0.31846538,0.65681535,-0.33834997,-0.00463894,White,-0.3464426,2,SD
SD-20,20,24047,-0.05077667,0.20419707,0.77670301,0.92250548,0.07749452,0.00619956,0.01592646,0.00128267,0.00416867,0.05242905,18711,-0.57250594,0.21974854,0.76343397,-0.54368543,-0.02882051,White,-0.5678991,2,SD
SD-21,21,26543,0.04774961,0.35909864,0.62193878,0.87745699,0.12254301,0.02254791,0.03568453,0.00122543,0.02455762,0.03784128,20401,-0.26284014,0.37529927,0.60026418,-0.22496491,-0.03787523,White,-0.25521506,2,SD
SD-22,22,26344,0.03989435,0.36340005,0.61805736,0.77829656,0.22170344,0.00903027,0.03242689,0.00148794,0.01375064,0.16706003,19490,-0.25465731,0.39248259,0.58729759,-0.194815,-0.05984231,White,-0.23970987,2,SD
SD-23,23,24788,-0.02152668,0.29091062,0.68539987,0.92745571,0.07254429,0.00587064,0.02117622,0.00099591,0.01069294,0.03328441,19078,-0.39448925,0.29663212,0.67582038,-0.37918826,-0.01530099,White,-0.39438892,2,SD
SD-24,24,24174,-0.04576352,0.25485613,0.72515515,0.92684711,0.07315289,0.00241967,0.02768556,0.00213832,0.00461426,0.03522593,17771,-0.47029902,0.27388431,0.70571918,-0.43183487,-0.03846415,White,-0.46247764,2,SD
SD-25,25,26275,0.03717066,0.29323137,0.68291944,0.90183206,0.09816794,0.0043257,0.04025445,0.00045802,0.00783715,0.04335878,19650,-0.38968807,0.31842859,0.65842256,-0.33999397,-0.0496941,White,-0.37812337,2,SD
SD-26,26,26287,0.03764435,0.42689897,0.54701327,0.87379281,0.12620719,0.02642861,0.03354219,0.00131907,0.04004334,0.02515664,21227,-0.1201143,0.44606826,0.5219687,-0.07590044,-0.04421386,White,-0.11037635,2,SD
SD-27,27,24226,-0.04371089,0.26812272,0.70837233,0.79552373,0.20447627,0.01042959,0.09786898,0.0025933,0.07340174,0.02373436,17738,-0.44024961,0.27722056,0.69951401,-0.42229345,-0.01795616,White,-0.43926422,2,SD
SD-28,28,24458,-0.03455299,0.24155674,0.73907756,0.80277673,0.19722327,0.00990152,0.01888823,0.00290588,0.00495076,0.16439757,18583,-0.49752082,0.25380202,0.72898643,-0.47518441,-0.02233641,White,-0.49507535,2,SD
SD-29,29,25715,0.01506541,0.27723971,0.69895077,0.91799428,0.08200572,0.00898693,0.03222018,0.00178717,0.00791462,0.03073938,19584,-0.42171106,0.2942404,0.68388982,-0.38964942,-0.03206164,White,-0.41602385,2,SD
SD-30,30,24168,-0.04600036,0.27349483,0.70733055,0.92772917,0.07227083,0.00749878,0.03450524,0.00146715,0.00755312,0.01885562,18403,-0.43383572,0.28700159,0.69322169,-0.4062201,-0.02761562,White,-0.42963051,2,SD
SD-31,31,26101,0.03030224,0.40214111,0.57644777,0.89432283,0.10567717,0.02535838,0.02541013,0.00087978,0.03079232,0.01826838,19323,-0.17430666,0.41935003,0.5586613,-0.13931127,-0.03499539,White,-0.16764153,2,SD
SD-32,32,26558,0.04834171,0.35371596,0.62566811,0.92544197,0.07455803,0.01784342,0.01960031,0.00060393,0.01663556,0.01482376,18214,-0.27195215,0.36147221,0.61342216,-0.25194995,-0.0200022,White,-0.27028475,2,SD
SD-33,33,25086,-0.00976353,0.26421826,0.71206716,0.94491275,0.05508725,0.00595973,0.0178255,0.00075168,0.00590604,0.01820134,18625,-0.4478489,0.28198786,0.69177723,-0.40978937,-0.03805953,White,-0.44016239,2,SD
SD-34,34,25006,-0.01292142,0.3495921,0.62301417,0.89029988,0.10970012,0.01846185,0.04452264,0.000612,0.00749694,0.03819869,19608,-0.27342207,0.36132446,0.61128179,-0.24995733,-0.02346474,White,-0.27060049,2,SD
SD-35,35,26171,0.0330654,0.40999813,0.56789778,0.87824543,0.12175457,0.02207611,0.03071459,0.00206364,0.02644335,0.03560973,20837,-0.15789965,0.41957982,0.55545032,-0.1358705,-0.02202915,White,-0.1555566,2,SD
WA-01,1,157233,-0.00011213,0.50331159,0.46471005,0.31438413,0.68561587,0.01441168,0.58731515,0.00309543,0.01631303,0.09386424,108870,0.03860154,0.56387734,0.41071029,0.15316705,-0.11456551,Hispanic,0.07179004,2,WA
WA-02,2,157738,0.0030993,0.57583758,0.3887181,0.71754649,0.28245351,0.03579201,0.10562846,0.01787952,0.09565418,0.03230513,121312,0.18711948,0.56486566,0.40308237,0.16178329,0.02533619,White,0.17367408,2,WA
WA-03,3,156410,-0.00534581,0.59554627,0.36899969,0.73581951,0.26418049,0.04202294,0.11786262,0.01575655,0.05638583,0.03712873,121981,0.22654658,0.58548357,0.38069426,0.20478931,0.02175727,White,0.21429416,2,WA
WA-04,4,156983,-0.00170195,0.451655,0.51570125,0.80186223,0.19813777,0.02287761,0.07497788,0.01082789,0.05590057,0.03246682,118675,-0.06404625,0.43648005,0.53167353,-0.09519348,0.03114723,White,-0.07942866,2,WA
WA-05,5,155900,-0.00858904,0.36654674,0.60214722,0.84009861,0.15990139,0.01172219,0.06702107,0.00735362,0.02274004,0.04497698,119261,-0.23560048,0.37766599,0.59243621,-0.21477022,-0.02083026,White,-0.23365706,2,WA
WA-06,6,157531,0.00178293,0.55652354,0.404456,0.79763147,0.20236853,0.0333634,0.06551116,0.00796831,0.06307988,0.03250853,127505,0.15206754,0.55859107,0.40395069,0.15464038,-0.00257284,White,0.14792515,2,WA
WA-07,7,158109,0.00545859,0.52402626,0.43528011,0.78669719,0.21330281,0.03924168,0.06287505,0.0146845,0.04254328,0.05305057,124485,0.08874615,0.52602105,0.43152181,0.09449924,-0.00575309,White,0.08566385,2,WA
WA-08,8,157484,0.00148405,0.39854023,0.56599525,0.85056686,0.14943314,0.02169456,0.0508155,0.00752517,0.03112161,0.03387975,121459,-0.16745502,0.39576011,0.56723071,-0.1714706,0.00401558,White,-0.17379355,2,WA
WA-09,9,155943,-0.0083156,0.7044707,0.25589906,0.76998825,0.23001175,0.02243448,0.07629434,0.00796338,0.07287702,0.04957069,128463,0.44857164,0.69718783,0.26989507,0.42729276,0.02127888,White,0.43647868,2,WA
WA-10,10,157043,-0.00132039,0.43308563,0.52990092,0.75905729,0.24094271,0.011015,0.14522586,0.00570808,0.03687268,0.04094271,119655,-0.09681529,0.44068363,0.52624063,-0.085557,-0.01125829,White,-0.09806253,2,WA
WA-11,11,157795,0.00346178,0.58712943,0.37623524,0.80904017,0.19095983,0.02512792,0.069245,0.00774894,0.04914886,0.03568692,129179,0.21089419,0.5716273,0.39474122,0.17688608,0.03400811,White,0.19455815,2,WA
WA-12,12,156581,-0.00425838,0.4450844,0.51691602,0.76715774,0.23284226,0.02277462,0.08481554,0.00908827,0.06027306,0.05615637,120485,-0.07183162,0.45405045,0.50709921,-0.05304876,-0.01878286,White,-0.07057067,2,WA
WA-13,13,158484,0.00784332,0.61452078,0.34600949,0.62159576,0.37840424,0.06527875,0.14055733,0.01514168,0.12929231,0.03699859,123302,0.26851129,0.61840254,0.34408884,0.2743137,-0.00580241,White,0.26544543,2,WA
WA-14,14,156710,-0.00343803,0.49811483,0.46080705,0.7894785,0.2105215,0.02194198,0.08436342,0.00815749,0.05988263,0.032297,120135,0.03730778,0.50555857,0.45457796,0.05098061,-0.01367283,White,0.03686539,2,WA
WA-15,15,155866,-0.00880526,0.67630051,0.28452023,0.61830628,0.38169372,0.0618876,0.09045605,0.01086564,0.19697784,0.02572765,124613,0.39178028,0.68538844,0.28474403,0.40064441,-0.00886413,White,0.38973499,2,WA
WA-16,16,156616,-0.0040358,0.65910566,0.2983823,0.581622,0.418378,0.05159469,0.09123859,0.01075655,0.24296607,0.02396005,119741,0.36072336,0.67312748,0.29408213,0.37904535,-0.01832199,White,0.36183069,2,WA
WA-17,17,159062,0.01151898,0.74245815,0.21731478,0.64304681,0.35695319,0.04442662,0.07562472,0.00701135,0.20512615,0.02419478,124655,0.52514337,0.74694626,0.22294477,0.52400149,0.00114188,White,0.51976274,2,WA
WA-18,18,157233,-0.00011213,0.56224422,0.40400356,0.81734082,0.18265918,0.01671161,0.05779026,0.00594757,0.02624719,0.07164045,133500,0.15824066,0.54584903,0.42456173,0.1212873,0.03695336,White,0.14092287,2,WA
WA-19,19,155488,-0.01120907,0.53425658,0.42700896,0.79400287,0.20599713,0.02383721,0.07334342,0.00836254,0.04539662,0.05608474,125560,0.10724762,0.52924355,0.43521186,0.09403169,0.01321593,White,0.09784231,2,WA
WA-20,20,157103,-0.00093884,0.64248306,0.31792892,0.69523246,0.30476754,0.05765303,0.08904487,0.02190053,0.1046719,0.03986999,123376,0.32455414,0.63154254,0.33156069,0.29998185,0.02457229,White,0.31136338,2,WA
WA-21,21,157842,0.00376067,0.6225364,0.340556,0.75866662,0.24133338,0.03459471,0.06832794,0.01521944,0.0886604,0.03958809,125366,0.2819804,0.60897209,0.35142251,0.25754958,0.02443082,White,0.26883679,2,WA
WA-22,22,157586,0.00213269,0.52603937,0.43435544,0.7639074,0.2360926,0.04280116,0.07372588,0.01771547,0.06471344,0.04024657,126048,0.09168393,0.50543534,0.45030146,0.05513388,0.03655005,White,0.07450058,2,WA
WA-23,23,157399,0.00094351,0.6677792,0.29258828,0.70617825,0.29382175,0.08400923,0.08011761,0.01392095,0.08775268,0.03626466,128224,0.37519092,0.66477181,0.30185423,0.36291758,0.01227334,White,0.36609981,2,WA
WA-24,24,158326,0.00683856,0.59573081,0.36597352,0.54842936,0.45157064,0.14666425,0.13844848,0.03268179,0.12590645,0.03252522,121352,0.22975729,0.59579728,0.36373209,0.23206519,-0.0023079,White,0.22552659,2,WA
WA-25,25,158145,0.00568753,0.59611538,0.36626662,0.50858156,0.49141844,0.15330837,0.13756171,0.04013287,0.14222524,0.04635367,120724,0.22984876,0.60764226,0.35333312,0.25430914,-0.02446038,White,0.23300222,2,WA
WA-26,26,157831,0.00369072,0.86591334,0.09366985,0.60427892,0.39572108,0.0568399,0.07538686,0.0066844,0.23840534,0.02132714,133445,0.77224349,0.88023973,0.0926964,0.78754333,-0.01529984,White,0.77234344,2,WA
WA-27,27,157687,0.00277498,0.89320216,0.07049209,0.73355929,0.26644071,0.03805869,0.06394876,0.0053751,0.13525842,0.02156012,133951,0.82271007,0.90189209,0.07465846,0.82723363,-0.00452356,White,0.81921792,2,WA
WA-28,28,158147,0.00570025,0.87126431,0.08508393,0.60131268,0.39868732,0.06298503,0.07592603,0.00668033,0.23544912,0.0212381,145352,0.78618038,0.88471059,0.0883496,0.79636099,-0.01018061,White,0.78457392,2,WA
WA-29,29,157170,-0.00051277,0.86212779,0.09205601,0.47285525,0.52714475,0.15948459,0.07899892,0.00787511,0.27055699,0.02299812,129141,0.77007178,0.89075991,0.08856116,0.80219875,-0.03212697,Minority,0.77578077,2,WA
WA-30,30,158275,0.00651423,0.82183822,0.14168257,0.65177254,0.34822746,0.0718518,0.10259797,0.00936291,0.14147875,0.03057622,129447,0.68015565,0.82549303,0.15033484,0.67515819,0.00499746,White,0.67348983,2,WA
WA-31,31,158943,0.01076223,0.6802434,0.27938235,0.3913224,0.6086776,0.17930886,0.16794685,0.02607751,0.22266492,0.03435748,125242,0.40086105,0.71844155,0.25517303,0.46326852,-0.06240747,Minority,0.41666354,2,WA
WA-32,32,156734,-0.00328541,0.51687393,0.44275217,0.80079152,0.19920848,0.01533266,0.06787691,0.00499473,0.0687066,0.03650634,120527,0.07412176,0.52374439,0.44111826,0.08262613,-0.00850437,White,0.07195655,2,WA
WA-33,33,156062,-0.00755884,0.69554686,0.25649231,0.59274512,0.40725488,0.02310523,0.05680364,0.0044423,0.3056865,0.01419434,114130,0.43905455,0.70772432,0.2612299,0.44649442,-0.00743987,White,0.43653451,2,WA
WA-34,34,157192,-0.00037286,0.70950384,0.24630137,0.59360417,0.40639583,0.02895433,0.06631997,0.00450491,0.28541042,0.01580356,123643,0.46320247,0.72439135,0.24368734,0.48070401,-0.01750154,White,0.46403632,2,WA
WA-35,35,155970,-0.0081439,0.70378547,0.25328346,0.50432848,0.49567152,0.03068915,0.06255583,0.00465332,0.38590037,0.01316409,123138,0.45050201,0.72264741,0.24959953,0.47304788,-0.02254587,White,0.4530173,2,WA
WA-36,36,158389,0.00723919,0.67141284,0.28985626,0.5238726,0.4761274,0.07236954,0.10557583,0.01032922,0.27284253,0.02381978,123049,0.38155658,0.68192747,0.28782499,0.39410248,-0.0125459,White,0.38073855,2,WA
WA-37,37,156293,-0.00608985,0.56463167,0.39766756,0.61361327,0.38638673,0.07128344,0.08779208,0.01600914,0.19167795,0.02774297,118120,0.16696411,0.575991,0.39268686,0.18330414,-0.01634003,White,0.16741079,2,WA
WA-38,38,156329,-0.00586092,0.62433537,0.339378,0.40825818,0.59174182,0.15590347,0.17217769,0.0386356,0.21572311,0.03227288,119760,0.28495737,0.65479013,0.31567932,0.33911081,-0.05415344,Minority,0.29800852,2,WA
WA-39,39,156687,-0.00358429,0.55331891,0.41298039,0.5254299,0.4745701,0.09811455,0.14575012,0.03398551,0.17267788,0.03975696,118168,0.14033852,0.57232359,0.39802842,0.17429517,-0.03395665,White,0.1466574,2,WA
WA-40,40,156483,-0.00488159,0.49485138,0.46859076,0.7007066,0.2992934,0.05856699,0.09432141,0.02327033,0.09035979,0.03938312,120153,0.02626062,0.49982799,0.46325101,0.03657698,-0.01031636,White,0.02469941,2,WA
WA-41,41,157502,0.00159851,0.46097669,0.50427551,0.69122019,0.30877981,0.07498077,0.09081451,0.02859866,0.08869868,0.03724558,114376,-0.04329882,0.45671538,0.50815076,-0.05143538,0.00813656,White,-0.05101101,2,WA
WA-42,42,158316,0.00677496,0.35523134,0.60917103,0.80561119,0.19438881,0.02677019,0.07008217,0.01337685,0.03753431,0.04501809,121329,-0.25393969,0.35957112,0.60401931,-0.24444819,-0.0094915,White,-0.25577586,2,WA
WA-43,43,158740,0.0094713,0.36134896,0.6063904,0.78761226,0.21238774,0.01169477,0.12404697,0.00428862,0.02260613,0.0449215,123816,-0.24504144,0.3630824,0.60904841,-0.24596601,0.00092457,White,-0.25034963,2,WA
WA-44,44,158356,0.00702933,0.30380688,0.66619668,0.60613422,0.39386578,0.01231183,0.3263199,0.00311483,0.01945252,0.03969459,115255,-0.3623898,0.31878068,0.6534519,-0.33467122,-0.02771858,White,-0.35815027,2,WA
WA-45,45,157085,-0.0010533,0.41307574,0.55341174,0.68631797,0.31368203,0.00707877,0.22652057,0.00387017,0.01591896,0.06000413,120925,-0.140336,0.42495805,0.54844711,-0.12348906,-0.01684694,White,-0.13972035,2,WA
WA-46,46,157530,0.00177657,0.32441082,0.64338547,0.85009011,0.14990989,0.01478019,0.03845102,0.00659758,0.02313176,0.05959546,124288,-0.31897465,0.33271579,0.63652632,-0.30381053,-0.01516412,White,-0.31891994,2,WA
WA-47,47,159687,0.01549353,0.3564151,0.61166693,0.72273051,0.27726949,0.02136653,0.19350534,0.00643233,0.0237397,0.03702786,125149,-0.25525183,0.35980557,0.60731782,-0.24751225,-0.00773958,White,-0.25767197,2,WA
WA-48,48,154440,-0.01787359,0.35396161,0.6130874,0.70190608,0.29809392,0.01495307,0.21298455,0.00461786,0.02817335,0.03589617,113689,-0.25912579,0.35970172,0.60655483,-0.24685311,-0.01227268,White,-0.2600349,2,WA
WA-49,49,154823,-0.01543798,0.42575724,0.53895277,0.57890124,0.42109876,0.02435168,0.32233668,0.00504202,0.04559501,0.03152616,110670,-0.11319553,0.43758463,0.52285901,-0.08527438,-0.02792115,White,-0.10888848,2,WA
