Type,id,TotalPop,DemPct,RepPct,WhitePct,MinorityPct,BlackPct,HispanicPct,PacificPct,AsianPct,NativePct,TotalVAP,Margin,Majority
Fair,CO-01,721086,0.7666674,0.20543343,0.64375123,0.35624877,0.09619318,0.20192693,0.0015197,0.04158898,0.01220374,542211,0.56123397,White
Fair,CO-02,721623,0.68346351,0.28798389,0.83257818,0.16742182,0.01409335,0.10735965,0.00102259,0.03366942,0.00985261,565231,0.39547962,White
Fair,CO-03,722309,0.44413796,0.53054942,0.74692084,0.25307916,0.01316191,0.20302234,0.00049544,0.01057819,0.02521931,563140,-0.08641146,White
Fair,CO-04,720919,0.38339506,0.591132,0.75054911,0.24945089,0.01919122,0.19330896,0.00104294,0.02216526,0.01298149,542696,-0.20773694,White
Fair,CO-05,722130,0.44106124,0.53140437,0.72245656,0.27754344,0.06959474,0.14916438,0.0026645,0.03726263,0.01280467,544567,-0.09034313,White
Fair,CO-06,722266,0.50896858,0.46452892,0.7933244,0.2066756,0.0413099,0.09799929,0.00112216,0.05479049,0.00800684,547157,0.04443966,White
Fair,CO-07,722113,0.55257297,0.41899593,0.81290896,0.18709104,0.01759933,0.12452143,0.00053078,0.03141881,0.01188255,574624,0.13357704,White
Fair,CO-08,721268,0.57473239,0.39599628,0.52769028,0.47230972,0.10259575,0.30096142,0.00203135,0.05216951,0.01266754,475546,0.17873611,White
Fair,NE-01,654120,0.49981716,0.48685729,0.79199657,0.20800343,0.09589977,0.06804305,0.00021631,0.0273106,0.01496814,466925,0.01295987,White
Fair,NE-02,653945,0.46005544,0.52545912,0.83971831,0.16028169,0.04073867,0.07635869,0.0005367,0.0299268,0.01052563,475126,-0.06540368,White
Fair,NE-03,653439,0.2095905,0.77913332,0.88588212,0.11411788,0.0116636,0.07975077,0.00045399,0.00798929,0.01407778,471381,-0.56954282,White
Fair,NV-01,776028,0.60631896,0.3752594,0.31930604,0.68069396,0.19434224,0.3803781,0.00665183,0.07766236,0.01364715,445441,0.23105956,Hispanic
Fair,NV-02,776598,0.41854783,0.55808277,0.72306815,0.27693185,0.02810227,0.16807968,0.00387386,0.0460643,0.02708601,580558,-0.13953494,White
Fair,NV-03,776006,0.52190901,0.46073587,0.47108295,0.52891705,0.15164457,0.20028126,0.00906389,0.1461563,0.00984768,576684,0.06117314,Minority
Fair,NV-04,775982,0.42311427,0.55976901,0.62468832,0.37531168,0.07909861,0.14555427,0.00837602,0.11822267,0.01323733,620820,-0.13665474,White
Fair,GA-01,765246,0.44201594,0.55221272,0.5988094,0.4011906,0.31390431,0.05429181,0.00095934,0.01985578,0.00923173,588947,-0.11019678,White
Fair,GA-02,765388,0.55524323,0.44014845,0.42725679,0.57274321,0.50529573,0.03999815,0.00082415,0.01662874,0.00969981,563001,0.11509478,Black
Fair,GA-03,764645,0.30491608,0.68978128,0.71341267,0.28658733,0.21824741,0.04337345,0.00037347,0.01161492,0.01214457,589070,-0.3848652,White
Fair,GA-04,764382,0.81864331,0.17109462,0.33370842,0.66629158,0.55951021,0.04809916,0.0004576,0.0498283,0.00716227,533211,0.64754869,Black
Fair,GA-05,765188,0.74961877,0.24270527,0.27475329,0.72524671,0.64754401,0.04852564,0.00043558,0.02140627,0.00796419,573944,0.5069135,Black
Fair,GA-06,765083,0.56879686,0.4205185,0.55740977,0.44259023,0.29725803,0.08674381,0.00045588,0.0487517,0.00733675,539612,0.14827836,White
Fair,GA-07,764425,0.58599779,0.40118142,0.625915,0.374085,0.18261397,0.07083243,0.00036166,0.11103238,0.00475328,541941,0.18481637,White
Fair,GA-08,766006,0.28224129,0.714638,0.64840027,0.35159973,0.2834731,0.04726323,0.00035245,0.00858623,0.01132256,564625,-0.43239671,White
Fair,GA-09,765801,0.59638456,0.39144351,0.36054878,0.63945122,0.36856715,0.14663723,0.00045669,0.11407129,0.00772583,475159,0.20494105,Black
Fair,GA-10,764954,0.32366322,0.6698946,0.73148285,0.26851715,0.15362253,0.07773984,0.00022031,0.02499475,0.01091046,581002,-0.34623138,White
Fair,GA-11,765562,0.30724534,0.68441245,0.7734061,0.2265939,0.08838994,0.07499932,0.0008502,0.05326525,0.00650077,555165,-0.37716711,White
Fair,GA-12,765141,0.44997158,0.54490188,0.53248427,0.46751573,0.39551248,0.03842233,0.00093705,0.02195022,0.00918683,582682,-0.0949303,White
Fair,GA-13,764207,0.69604714,0.29805812,0.27871804,0.72128196,0.61458604,0.06293744,0.00048683,0.03126981,0.0109755,550499,0.39798902,Black
Fair,GA-14,765880,0.19263256,0.80259559,0.86671994,0.13328006,0.04498294,0.06133152,0.00051708,0.01086044,0.01510959,595648,-0.60996303,White
Fair,KS-01,734718,0.22865241,0.75372175,0.8505553,0.1494447,0.02266415,0.09264565,0.00055283,0.01062726,0.02221391,526382,-0.52506934,White
Fair,KS-02,734375,0.50286047,0.47796557,0.8066855,0.1933145,0.06724651,0.07484458,0.00087818,0.03072892,0.01815268,546586,0.0248949,White
Fair,KS-03,734207,0.49998722,0.48219961,0.7777371,0.2222629,0.08614098,0.0883413,0.0007001,0.03382196,0.0127264,529922,0.01778761,White
Fair,KS-04,734580,0.38792044,0.59469594,0.77500589,0.22499411,0.07485045,0.09525119,0.00038812,0.03413563,0.01875218,530765,-0.2067755,White
Fair,KY-01,750895,0.26951967,0.71715122,0.84006319,0.15993681,0.08471407,0.03488328,0.00205125,0.01609054,0.02075765,579160,-0.44763155,White
Fair,KY-02,750437,0.26415908,0.72109231,0.87996954,0.12003046,0.05293977,0.02818308,0.00168526,0.01378767,0.02141586,572613,-0.45693323,White
Fair,KY-03,751321,0.57472685,0.40723579,0.66076376,0.33923624,0.2172404,0.0677879,0.00165828,0.03680104,0.01868199,589766,0.16749106,White
Fair,KY-04,751315,0.45879246,0.52074509,0.78420624,0.21579376,0.10435841,0.05713307,0.00245894,0.03299262,0.01990456,583585,-0.06195263,White
Fair,KY-05,750765,0.15532497,0.83294128,0.94193174,0.05806826,0.01863545,0.01389914,0.00056829,0.00490407,0.01809626,584209,-0.67761631,White
Fair,KY-06,751103,0.30287205,0.68057816,0.90067825,0.09932175,0.03464174,0.02661657,0.0014846,0.01317514,0.01985669,574567,-0.37770611,White
Fair,MO-01,769756,0.68581702,0.29692005,0.54227218,0.45772782,0.39864301,0.02788189,0.0003581,0.02281512,0.00824491,580843,0.38889697,White
Fair,MO-02,768790,0.55197851,0.42888695,0.8207552,0.1792448,0.10241633,0.02736857,0.00017544,0.04336163,0.00603337,569997,0.12309156,White
Fair,MO-03,770262,0.36006833,0.62518407,0.89901745,0.10098255,0.04638261,0.0248536,0.00038829,0.01950426,0.00893723,600074,-0.26511574,White
Fair,MO-04,768662,0.27692771,0.71101964,0.89594051,0.10405949,0.04363413,0.03340786,0.0010967,0.00919229,0.01598099,589951,-0.43409193,White
Fair,MO-05,769505,0.6163527,0.36592189,0.65809533,0.34190467,0.22634724,0.07555281,0.0017448,0.02574198,0.01236049,571984,0.25043081,White
Fair,MO-06,769954,0.27207393,0.71597961,0.9147009,0.0852991,0.03683702,0.02720259,0.00090884,0.00809651,0.01112317,589760,-0.44390568,White
Fair,MO-07,769217,0.28076735,0.70688848,0.89651951,0.10348049,0.02396818,0.04157969,0.00084643,0.01443992,0.02112538,593078,-0.42612113,White
Fair,MO-08,768767,0.19709957,0.79399435,0.89854957,0.10145043,0.04669671,0.02363671,0.00070732,0.00860658,0.02050551,589549,-0.59689478,White
Fair,TX-01,766657,0.26984957,0.71963943,0.66791308,0.33208692,0.14834516,0.15617061,0.00072312,0.01207654,0.01361896,582203,-0.44978986,White
Fair,TX-02,766249,0.27226077,0.71773229,0.69040086,0.30959914,0.07464789,0.19252196,0.00073699,0.03194813,0.00849711,550893,-0.44547152,White
Fair,TX-03,767465,0.37653681,0.59766542,0.61895209,0.38104791,0.12547438,0.14260282,0.00084723,0.10081537,0.00957162,571272,-0.22112861,White
Fair,TX-04,767256,0.20652819,0.78643154,0.73230078,0.26769922,0.14639817,0.09281421,0.0006916,0.00896101,0.01847005,571141,-0.57990335,White
Fair,TX-05,766470,0.2425712,0.7475277,0.65636993,0.34363007,0.11606127,0.19292793,0.00055746,0.01773417,0.0155113,574033,-0.5049565,White
Fair,TX-06,766909,0.5873831,0.3960148,0.37000499,0.62999501,0.28023187,0.28475374,0.002769,0.05149346,0.00925069,483207,0.1913683,Minority
Fair,TX-07,766462,0.57201933,0.40802188,0.50126108,0.49873892,0.10724463,0.29720673,0.00036301,0.08561944,0.00641453,476574,0.16399745,White
Fair,TX-08,767578,0.36576051,0.61807612,0.54026606,0.45973394,0.16290084,0.21341088,0.0006629,0.07174728,0.00960737,532508,-0.25231561,White
Fair,TX-09,766724,0.54401741,0.43707439,0.31960555,0.68039445,0.32742469,0.24174435,0.0004384,0.10272493,0.00580363,526912,0.10694302,Black
Fair,TX-10,766981,0.56879439,0.41328663,0.48524023,0.51475977,0.09608198,0.37520838,0.00051027,0.0330279,0.00884715,550686,0.15550776,Minority
Fair,TX-11,767324,0.18513395,0.80601094,0.75270898,0.24729102,0.0361488,0.18571709,0.00035355,0.00987247,0.01443338,596811,-0.62087699,White
Fair,TX-12,767355,0.37381849,0.61249638,0.66012497,0.33987503,0.08638347,0.18151329,0.00080998,0.05780265,0.01027999,544456,-0.23867789,White
Fair,TX-13,767072,0.23095968,0.75917455,0.60688818,0.39311182,0.06246452,0.29755519,0.00097646,0.01886858,0.01228703,547895,-0.52821487,White
Fair,TX-14,767533,0.27404626,0.71814252,0.63973648,0.36026352,0.20306019,0.12415771,0.00067241,0.01663694,0.01544429,565128,-0.44409626,White
Fair,TX-15,767751,0.48398427,0.5066358,0.0982224,0.9017776,0.00935418,0.87686556,0.0004887,0.01268733,0.00227034,421523,-0.02265153,Hispanic
Fair,TX-16,766440,0.57308146,0.4119961,0.14105508,0.85894492,0.03976956,0.79601608,0.00125567,0.01492279,0.00675396,502520,0.16108536,Hispanic
Fair,TX-17,767351,0.47196715,0.5072591,0.65362695,0.34637305,0.0708223,0.1905762,0.00109802,0.07222532,0.00816892,573760,-0.03529195,White
Fair,TX-18,766954,0.75510616,0.23124372,0.1397154,0.8602846,0.51204972,0.29642817,0.00122405,0.04256738,0.00776018,466484,0.52386244,Black
Fair,TX-19,767255,0.49723666,0.47502663,0.57859308,0.42140692,0.13516234,0.14471466,0.00042525,0.12876132,0.00923477,538508,0.02221003,White
Fair,TX-20,767280,0.62590194,0.3591186,0.21712495,0.78287505,0.07181499,0.68659224,0.00138993,0.01479282,0.00601524,513695,0.26678334,Hispanic
Fair,TX-21,767450,0.39908724,0.58728767,0.53291077,0.46708923,0.07196449,0.34858096,0.0009295,0.0336542,0.00798481,583107,-0.18820043,White
Fair,TX-22,766323,0.54153739,0.42529682,0.24637531,0.75362469,0.25496521,0.23980887,0.00084676,0.24951317,0.00605654,433416,0.11624057,Black
Fair,TX-23,766949,0.20823402,0.78262879,0.46064404,0.53935596,0.04979094,0.46739031,0.00077881,0.01114197,0.01067873,494347,-0.57439477,Hispanic
Fair,TX-24,766229,0.53628954,0.44249073,0.58700681,0.41299319,0.1559018,0.16217803,0.00116856,0.08361176,0.01009098,546825,0.09379881,White
Fair,TX-25,766405,0.30058992,0.68786707,0.71190266,0.28809734,0.09495528,0.15502049,0.00113953,0.02276512,0.01125075,587961,-0.38727715,White
Fair,TX-26,767288,0.27258301,0.71622039,0.75609553,0.24390447,0.0675349,0.12642026,0.0008714,0.03263328,0.01502226,589858,-0.44363738,White
Fair,TX-27,767195,0.26904468,0.72194766,0.50254507,0.49745493,0.07096938,0.39946421,0.0005854,0.0158844,0.01068182,560298,-0.45290298,White
Fair,TX-28,767180,0.452246,0.53966976,0.11004826,0.88995174,0.01332398,0.86466114,0.0005515,0.00515131,0.00535574,420670,-0.08742376,Hispanic
Fair,TX-29,766434,0.52760358,0.46032202,0.21234893,0.78765107,0.17482291,0.56461717,0.00075505,0.03982212,0.00771481,419842,0.06728156,Hispanic
Fair,TX-30,766658,0.7219504,0.26223721,0.18849285,0.81150715,0.51287314,0.25195359,0.00033019,0.03616749,0.01065764,490634,0.45971319,Black
Fair,TX-31,767161,0.35821595,0.6290923,0.56241556,0.43758444,0.19148833,0.20326109,0.00348889,0.02410963,0.01168832,556624,-0.27087635,White
Fair,TX-32,766642,0.54844626,0.42686463,0.38133627,0.61866373,0.23563531,0.28880656,0.00030481,0.08435366,0.00940874,446181,0.12158163,Minority
Fair,TX-33,766976,0.57770426,0.39262864,0.30610113,0.69389887,0.17512331,0.42074421,0.00053111,0.08850952,0.00843928,393517,0.18507562,Hispanic
Fair,TX-34,767566,0.47200662,0.51860359,0.20022057,0.79977943,0.02595774,0.75511742,0.00070697,0.01323237,0.00456497,495074,-0.04659697,Hispanic
Fair,TX-35,767372,0.5466931,0.4391734,0.29870829,0.70129171,0.11396853,0.53621123,0.00136217,0.03873503,0.00676025,553530,0.1075197,Hispanic
Fair,TX-36,767373,0.33144733,0.65572382,0.60353212,0.39646788,0.11591777,0.22979819,0.00070635,0.04003501,0.0091299,550718,-0.32427649,White
Fair,TX-37,766517,0.72416167,0.25035672,0.60223653,0.39776347,0.08625128,0.22026585,0.00076464,0.07907398,0.00804331,581974,0.47380495,White
Fair,TX-38,766721,0.49399076,0.48603229,0.34735003,0.65264997,0.20151119,0.32115985,0.00034019,0.12061428,0.00786445,473269,0.00795847,Minority
WR,AL-01,558038,0.2338852,0.75334998,0.77855963,0.22144037,0.13184408,0.03546142,0.0012057,0.01932568,0.03077181,435431,-0.51946478,White
WR,AL-02,558927,0.5891416,0.40144955,0.42648284,0.57351716,0.51925991,0.02631399,0.00100805,0.01238105,0.01869559,439462,0.18769205,Black
WR,AL-03,558678,0.34760769,0.63949961,0.65659406,0.34340594,0.26512942,0.03371537,0.00147421,0.02483139,0.02028117,438880,-0.29189192,White
WR,AL-04,557320,0.17652044,0.81195857,0.83343614,0.16656386,0.07434575,0.05015766,0.00086082,0.00686353,0.03325891,434470,-0.63543813,White
WR,AL-05,559028,0.39949557,0.57818667,0.67998154,0.32001846,0.21022442,0.05040708,0.00206736,0.0302543,0.03010581,437756,-0.1786911,White
WR,AL-06,558172,0.25460144,0.73084386,0.76135024,0.23864976,0.14908696,0.04733557,0.00108981,0.0179457,0.02290235,428515,-0.47624242,White
WR,AL-07,558772,0.6431549,0.3397836,0.43986114,0.56013886,0.47564857,0.04668224,0.00107781,0.02574617,0.01494518,436997,0.3033713,Black
WR,AL-08,558086,0.46941828,0.5182297,0.50351637,0.49648363,0.41613693,0.03923764,0.00159783,0.02556987,0.01865208,434965,-0.04881142,White
WR,AL-09,557258,0.18167704,0.8061526,0.81891151,0.18108849,0.0820358,0.05443591,0.00084283,0.00897629,0.0360143,430690,-0.62447556,White
WR,CO-01,577941,0.76991009,0.20181743,0.70550949,0.29449051,0.06324306,0.1749433,0.00172531,0.03968887,0.01215915,451512,0.56809266,White
WR,CO-02,577552,0.6049072,0.36876137,0.8272797,0.1727203,0.01262705,0.11466809,0.00073829,0.03207771,0.01120416,446977,0.23614583,White
WR,CO-03,576509,0.51687478,0.45638173,0.73264318,0.26735682,0.01435075,0.21404575,0.0006768,0.0110202,0.02687149,449175,0.06049305,White
WR,CO-04,576825,0.29256403,0.68374928,0.78030914,0.21969086,0.03066441,0.15218382,0.00112699,0.01845836,0.0164648,445435,-0.39118525,White
WR,CO-05,577998,0.4757294,0.49564764,0.70745947,0.29254053,0.07365068,0.16027038,0.00280231,0.03641405,0.01284069,436425,-0.01991824,White
WR,CO-06,576775,0.61443942,0.35574737,0.50772809,0.49227191,0.18656552,0.21967378,0.00171529,0.06875758,0.01151846,376613,0.25869205,White
WR,CO-07,577816,0.58286567,0.38856689,0.80790789,0.19209211,0.01577037,0.13149908,0.00061715,0.03244221,0.01065023,453699,0.19429878,White
WR,CO-08,577498,0.5407601,0.43147441,0.56515039,0.43484961,0.03963148,0.33938218,0.00158668,0.03939792,0.01248528,393904,0.10928569,White
WR,CO-09,576859,0.54590753,0.42555223,0.81750862,0.18249138,0.01399598,0.12596821,0.00093219,0.03045889,0.00983714,458060,0.1203553,White
WR,CO-10,577941,0.50061697,0.47364401,0.82225084,0.17774916,0.02586316,0.09254982,0.00105329,0.04802062,0.00798201,443372,0.02697296,White
WR,CT-01,600799,0.62257673,0.36203662,0.47882271,0.52117729,0.22947553,0.24990218,0.00208392,0.04511045,0.01596111,470268,0.26054011,Minority
WR,CT-02,601107,0.53735987,0.44520732,0.79044188,0.20955812,0.05929736,0.08388482,0.00209585,0.04523603,0.02204104,490494,0.09215255,White
WR,CT-03,601075,0.58607123,0.39257297,0.63453563,0.36546437,0.14989555,0.15319293,0.00137339,0.05778348,0.01543931,484931,0.19349826,White
WR,CT-04,601333,0.63335936,0.35197701,0.52554232,0.47445768,0.16919301,0.23636866,0.00149997,0.06048247,0.01372014,467342,0.28138235,White
WR,CT-05,600902,0.50067832,0.48357912,0.77819859,0.22180141,0.04619344,0.10505329,0.00094629,0.04378028,0.0115747,474483,0.0170992,White
WR,CT-06,600728,0.53599731,0.446451,0.78544308,0.21455692,0.05921002,0.07770251,0.00097569,0.06282216,0.01450876,481709,0.08954631,White
WR,IL-01,582159,0.66860662,0.30564503,0.37952368,0.62047632,0.50160542,0.09592945,0.00088102,0.0197306,0.0129217,459692,0.36296159,Black
WR,IL-02,581945,0.71780057,0.2661106,0.29967784,0.70032216,0.52503999,0.15889427,0.00106863,0.01185126,0.01828992,446366,0.45168997,Black
WR,IL-03,582147,0.69482439,0.27994608,0.38880903,0.61119097,0.05454557,0.49664505,0.00185445,0.06256487,0.03685664,460514,0.41487831,Hispanic
WR,IL-04,582289,0.65346945,0.32283913,0.14610997,0.85389003,0.06692377,0.70942269,0.00130769,0.07945004,0.05511099,435884,0.33063032,Hispanic
WR,IL-05,582757,0.82645969,0.15090462,0.63205616,0.36794384,0.10587891,0.13159323,0.00149872,0.12015814,0.01595748,495755,0.67555507,White
WR,IL-06,582094,0.69042991,0.28603743,0.43039045,0.56960955,0.32493902,0.21091178,0.00102651,0.03072384,0.01913323,448121,0.40439248,Minority
WR,IL-07,582302,0.83686841,0.14221255,0.30630741,0.69369259,0.50186101,0.085004,0.00138169,0.10393916,0.01214551,479848,0.69465586,Black
WR,IL-08,582455,0.51921968,0.44336543,0.59255439,0.40744561,0.04733004,0.1986707,0.00127157,0.15131641,0.01978751,453771,0.07585425,White
WR,IL-09,582744,0.64455681,0.33111495,0.6945279,0.3054721,0.04698189,0.09237393,0.00138839,0.1568837,0.01115311,456644,0.31344186,White
WR,IL-10,582644,0.57797602,0.39495872,0.56576658,0.43423342,0.086035,0.23979694,0.00192312,0.09563482,0.02425801,443029,0.1830173,White
WR,IL-11,582741,0.55313407,0.4080169,0.70906873,0.29093127,0.05640913,0.09957952,0.00117132,0.1221755,0.01251248,451629,0.14511717,White
WR,IL-12,581905,0.24171228,0.73996513,0.89975968,0.10024032,0.04265037,0.02143821,0.00096349,0.00925522,0.02054276,455635,-0.49825285,White
WR,IL-13,582234,0.4692921,0.50569562,0.72579454,0.27420546,0.18985739,0.03795784,0.00149958,0.02124258,0.0219528,454794,-0.03640352,White
WR,IL-14,582187,0.50913809,0.46406867,0.61507603,0.38492397,0.11372551,0.18299686,0.0008325,0.07632703,0.01817092,437237,0.04506942,White
WR,IL-15,582497,0.27457771,0.70461773,0.91101432,0.08898568,0.03108848,0.02613058,0.00113243,0.00894204,0.01796233,460074,-0.43004002,White
WR,IL-16,582303,0.34298416,0.63583621,0.8560656,0.1439344,0.04318342,0.06843814,0.00082138,0.00966396,0.01877886,451678,-0.29285205,White
WR,IL-17,582548,0.47654146,0.50026848,0.74230105,0.25769895,0.10788437,0.10441368,0.00085446,0.02525502,0.02040794,454088,-0.02372702,White
WR,IL-18,582322,0.55257301,0.42658129,0.65785947,0.34214053,0.0287374,0.14245104,0.0008977,0.16226994,0.01466902,461176,0.12599172,White
WR,IL-19,582578,0.54295384,0.44053748,0.58374202,0.41625798,0.06747156,0.29078593,0.00114864,0.0464309,0.02747027,432686,0.10241636,White
WR,IL-20,582978,0.46421035,0.51342235,0.78715644,0.21284356,0.0310804,0.12576886,0.00089784,0.03625079,0.01929459,447742,-0.049212,White
WR,IL-21,582106,0.44090249,0.5327819,0.80435018,0.19564982,0.11394536,0.03211499,0.00129662,0.02705664,0.01864299,452717,-0.09187941,White
WR,IL-22,582573,0.4891934,0.48379665,0.73428774,0.26571226,0.12479881,0.05106768,0.00112948,0.07107251,0.01742874,460389,0.00539675,White
WR,LA-01,582006,0.30078514,0.68041803,0.73902513,0.26097487,0.13531631,0.0874121,0.00202112,0.02452069,0.01106221,426497,-0.37963289,White
WR,LA-02,582543,0.75319256,0.22315299,0.34204397,0.65795603,0.5451444,0.06759229,0.00019033,0.03598372,0.01032525,420329,0.53003957,Black
WR,LA-03,582144,0.30874402,0.67768133,0.66504267,0.33495733,0.25818991,0.03795832,0.00034783,0.01187799,0.02620725,425493,-0.36893731,White
WR,LA-04,581684,0.39086954,0.59586937,0.56142707,0.43857293,0.37749916,0.03205452,0.00049062,0.01303543,0.01569509,425993,-0.20499983,White
WR,LA-05,582965,0.25689092,0.7264079,0.75609487,0.24390513,0.18067711,0.03749451,0.00036782,0.01600701,0.01017478,434997,-0.46951698,White
WR,LA-06,582472,0.57425892,0.41006319,0.40615619,0.59384381,0.54144823,0.02919372,0.00072593,0.01357332,0.00945814,428414,0.16419573,Black
WR,LA-07,582417,0.29772716,0.69094533,0.62826164,0.37173836,0.32885018,0.02337319,0.00053567,0.00612095,0.01456697,433103,-0.39321817,White
WR,LA-08,581526,0.22068285,0.76627584,0.75485013,0.24514987,0.184461,0.03474443,0.0007536,0.0129758,0.011688,419319,-0.54559299,White
WR,MO-01,559666,0.80915482,0.17261803,0.40260354,0.59739646,0.54448817,0.0238494,0.00029755,0.02004847,0.00998944,416740,0.63653679,Black
WR,MO-02,559515,0.59107955,0.390105,0.81426884,0.18573116,0.11252775,0.02868392,0.00022849,0.03860039,0.00538274,415773,0.20097455,White
WR,MO-03,559460,0.43482164,0.54862009,0.87176233,0.12823767,0.05255006,0.03060172,0.00024677,0.03842782,0.00566864,425499,-0.11379845,White
WR,MO-04,559658,0.27888892,0.70902856,0.93826372,0.06173628,0.02249636,0.01899754,0.0003318,0.00762464,0.01115322,437004,-0.43013964,White
WR,MO-05,558884,0.3574728,0.62647968,0.86326683,0.13673317,0.06744497,0.03580598,0.00087751,0.01879211,0.01313706,430766,-0.26900688,White
WR,MO-06,559268,0.67185964,0.30980748,0.60348606,0.39651394,0.27585081,0.08072851,0.00157693,0.02623185,0.01262508,416631,0.36205216,White
WR,MO-07,560438,0.42908967,0.55597426,0.84348301,0.15651699,0.07177537,0.05024656,0.00178001,0.0186057,0.01154271,420785,-0.12688459,White
WR,MO-08,559601,0.2363027,0.75267812,0.92338738,0.07661262,0.03460144,0.02227837,0.00097564,0.00676166,0.01160478,427410,-0.51637542,White
WR,MO-09,559286,0.19706878,0.79275843,0.92023546,0.07976454,0.0146931,0.03060965,0.00077136,0.00797459,0.02531268,429113,-0.59568965,White
WR,MO-10,559523,0.29855512,0.68917647,0.90344335,0.09655665,0.02515564,0.03822771,0.00062781,0.01523173,0.01564266,438033,-0.39062135,White
WR,MO-11,559614,0.19761341,0.79359031,0.88274828,0.11725172,0.05673923,0.02685493,0.00085384,0.01007762,0.02135762,427482,-0.5959769,White
WR,MS-01,591682,0.29975542,0.68560074,0.6808661,0.3191339,0.27405295,0.02479974,0.00092905,0.00919044,0.01068625,449924,-0.38584532,White
WR,MS-02,592403,0.67580636,0.31292943,0.27846847,0.72153153,0.69866895,0.01293018,0.00007982,0.00408705,0.00771398,425980,0.36287693,Black
WR,MS-03,592741,0.33415749,0.65578033,0.65227198,0.34772802,0.30773791,0.01688357,0.00060848,0.01037309,0.01267104,448661,-0.32162284,White
WR,MS-04,592121,0.29318976,0.6954452,0.70489075,0.29510925,0.21699183,0.04078349,0.00057162,0.01949239,0.01484661,453100,-0.40225544,White
WR,MS-05,592332,0.3353434,0.65651083,0.60138654,0.39861346,0.36193981,0.01247665,0.00029261,0.00608414,0.0189907,444270,-0.32116743,White
WR,NY-01,576761,0.4407396,0.54647774,0.78761342,0.21238658,0.05316426,0.10737346,0.00015951,0.04594685,0.00503277,432565,-0.10573814,White
WR,NY-02,576945,0.42129591,0.56764571,0.69178104,0.30821896,0.08459623,0.18049216,0.00016784,0.03830098,0.00514632,369390,-0.1463498,White
WR,NY-03,577118,0.41039484,0.5780067,0.72799448,0.27200552,0.06205754,0.12698424,0.00034591,0.07833186,0.00348042,422076,-0.16761186,White
WR,NY-04,577495,0.48401596,0.49915582,0.70936253,0.29063747,0.04650247,0.10087903,0.00033405,0.13807815,0.00387501,419096,-0.01513986,White
WR,NY-05,577638,0.55084111,0.43690005,0.48146585,0.51853415,0.24566689,0.18855675,0.00042196,0.07724576,0.00482169,405252,0.11394106,Minority
WR,NY-06,577122,0.70191823,0.28786989,0.18619263,0.81380737,0.56549112,0.13849792,0.00050958,0.09366991,0.0101891,398367,0.41404834,Black
WR,NY-07,576607,0.51438956,0.46482551,0.32444304,0.67555696,0.08039249,0.15429596,0.00127192,0.42863334,0.00684078,355369,0.04956405,Asian
WR,NY-08,577053,0.57122166,0.40586167,0.41375763,0.58624237,0.0573747,0.23287465,0.0008277,0.28679072,0.00721581,338285,0.16535999,Minority
WR,NY-09,576900,0.70842815,0.26349574,0.34599452,0.65400548,0.13554289,0.35718753,0.00072963,0.15047493,0.00576221,374162,0.44493241,Hispanic
WR,NY-10,577234,0.66377737,0.32659491,0.28686794,0.71313206,0.49049255,0.13712158,0.00038183,0.07926962,0.00413189,366660,0.33718246,Black
WR,NY-11,577273,0.68802178,0.29217348,0.33342471,0.66657529,0.49114558,0.09767136,0.00060419,0.07261437,0.00560552,357505,0.3958483,Black
WR,NY-12,577176,0.87758784,0.09603398,0.41491428,0.58508572,0.35894301,0.14638215,0.00042601,0.07010188,0.00648164,415481,0.78155386,Minority
WR,NY-13,577358,0.47382266,0.50393857,0.51024869,0.48975131,0.03778818,0.16806203,0.00042961,0.27679026,0.00525495,290964,-0.03011591,White
WR,NY-14,577089,0.3707728,0.61067744,0.62322201,0.37677799,0.08704374,0.16675127,0.00005668,0.11877889,0.00381226,405796,-0.23990464,White
WR,NY-15,576708,0.66480738,0.3132852,0.30296648,0.69703352,0.14935927,0.3805129,0.0010869,0.15863655,0.00593938,310975,0.35152218,Hispanic
WR,NY-16,577114,0.80212733,0.17710197,0.59430381,0.40569619,0.07321783,0.14334453,0.00033041,0.18181596,0.0048851,408589,0.62502536,White
WR,NY-17,577440,0.81019915,0.16949481,0.7286592,0.2713408,0.05578383,0.10353867,0.00058631,0.10561739,0.00376253,412754,0.64070434,White
WR,NY-18,577675,0.78869497,0.19508077,0.19552958,0.80447042,0.29688162,0.45559842,0.00017923,0.04446003,0.00615105,384975,0.5936142,Hispanic
WR,NY-19,577001,0.67447245,0.31153852,0.12842517,0.87157483,0.25664735,0.53617428,0.00198876,0.06977435,0.00732253,339910,0.36293393,Hispanic
WR,NY-20,577211,0.71734605,0.27166868,0.12598369,0.87401631,0.3161991,0.52823937,0.00036449,0.0225897,0.00633982,334710,0.44567737,Hispanic
WR,NY-21,577298,0.6875517,0.30567425,0.28668643,0.71331357,0.38139923,0.27875064,0.0002149,0.04611819,0.00623198,390887,0.38187745,Black
WR,NY-22,578070,0.53740295,0.45600851,0.74570473,0.25429527,0.05848362,0.15201161,0.00015187,0.03960059,0.00397043,414817,0.08139444,White
WR,NY-23,577201,0.54171228,0.45058093,0.65376718,0.34623282,0.11203102,0.15048667,0.00039324,0.07902529,0.00359722,378904,0.09113135,White
WR,NY-24,577154,0.50321918,0.49118691,0.66410437,0.33589563,0.12818435,0.16767772,0.00021751,0.03224388,0.00550464,418374,0.01203227,White
WR,NY-25,576610,0.52060979,0.47033186,0.84475524,0.15524476,0.05294457,0.07260112,0.00043502,0.02117043,0.00704738,459745,0.05027793,White
WR,NY-26,577526,0.55700124,0.4292654,0.76480524,0.23519476,0.11677957,0.06739243,0.00069431,0.04359456,0.00692083,449368,0.12773584,White
WR,NY-27,577398,0.48400146,0.51057236,0.91976777,0.08023223,0.0250919,0.02664681,0.00041813,0.01615882,0.01173583,459192,-0.0265709,White
WR,NY-28,576969,0.33406896,0.66160507,0.92273901,0.07726099,0.02756504,0.03122309,0.00090832,0.00948886,0.00698254,443678,-0.32753611,White
WR,NY-29,577859,0.51545175,0.47597898,0.85406857,0.14593143,0.05115957,0.04665427,0.00023974,0.04109276,0.00600254,442146,0.03947277,White
WR,NY-30,577236,0.56252005,0.43162269,0.82470661,0.17529339,0.09318504,0.0436227,0.00020521,0.0265129,0.01038353,438579,0.13089736,White
WR,NY-31,576652,0.52127382,0.4679783,0.89981178,0.10018822,0.03426199,0.03297978,0.00024667,0.02795981,0.00419997,450003,0.05329552,White
WR,NY-32,576738,0.53936522,0.45172864,0.70228907,0.29771093,0.17235728,0.09723477,0.0001047,0.01989307,0.00837603,439349,0.08763658,White
WR,NY-33,577734,0.33928015,0.65436635,0.92818482,0.07181518,0.02874855,0.02402381,0.0003012,0.00873695,0.00997096,444892,-0.3150862,White
WR,NY-34,576553,0.5303652,0.45693739,0.83938909,0.16061091,0.07762927,0.04371465,0.00014038,0.02993266,0.00934323,448774,0.07342781,White
WR,NY-35,577333,0.5265562,0.46009421,0.74754411,0.25245589,0.15580525,0.06046759,0.00041045,0.02745476,0.00878951,440980,0.06646199,White
WR,OR-01,604789,0.64938003,0.30927976,0.64753876,0.35246124,0.03101171,0.15310149,0.0108971,0.13507624,0.03012602,468565,0.34010027,White
WR,OR-02,605091,0.41360791,0.5518642,0.79445126,0.20554874,0.01025375,0.12139776,0.00523578,0.01898076,0.04599281,472900,-0.13825629,White
WR,OR-03,605197,0.84488279,0.11148066,0.70557753,0.29442247,0.06644806,0.09224476,0.00870252,0.09786823,0.03268347,505026,0.73340213,White
WR,OR-04,605623,0.5746526,0.38728811,0.81263375,0.18736625,0.01723077,0.07678717,0.00612345,0.03943937,0.04403599,495799,0.18736449,White
WR,OR-05,605711,0.53465576,0.4277753,0.74575797,0.25424203,0.0334742,0.10650113,0.00875535,0.07349319,0.03445126,471826,0.10688046,White
WR,OR-06,605347,0.48471718,0.47781853,0.71343922,0.28656078,0.01687675,0.18289631,0.01016922,0.03771948,0.04437787,467981,0.00689865,White
WR,OR-07,605498,0.36899829,0.6000816,0.82320926,0.17679074,0.01081147,0.08135829,0.00535457,0.02089632,0.05220088,488555,-0.23108331,White
WR,TN-01,575764,0.20760729,0.78235638,0.91201712,0.08798288,0.02664473,0.02341279,0.00079562,0.00991517,0.02352891,465045,-0.57474909,White
WR,TN-02,575841,0.38026228,0.60436815,0.81650983,0.18349017,0.08157193,0.04554149,0.00128688,0.02788532,0.02578371,455365,-0.22410587,White
WR,TN-03,575528,0.19852692,0.79141772,0.88485693,0.11514307,0.02429604,0.04938861,0.00119478,0.01045323,0.02789132,456988,-0.5928908,White
WR,TN-04,576458,0.34377084,0.64191957,0.76960007,0.23039993,0.12741307,0.05385322,0.00119308,0.02130179,0.02710019,455126,-0.29814873,White
WR,TN-05,575004,0.22721725,0.76285907,0.86487326,0.13512674,0.05117365,0.04452931,0.00110329,0.01238191,0.02446901,447750,-0.53564182,White
WR,TN-06,576265,0.34163794,0.64424399,0.73454961,0.26545039,0.12340589,0.07423424,0.00142678,0.04415589,0.02201879,431041,-0.30260605,White
WR,TN-07,575894,0.66944193,0.31034692,0.53297263,0.46702737,0.27732267,0.12942029,0.00148649,0.04553487,0.02106984,459472,0.35909501,White
WR,TN-08,576248,0.21001342,0.78025277,0.85597418,0.14402582,0.0593281,0.04649052,0.00097241,0.00909738,0.02620375,448371,-0.57023935,White
WR,TN-09,576011,0.31359213,0.67409992,0.72339095,0.27660905,0.17864111,0.05374408,0.00323122,0.01967482,0.02389868,438225,-0.36050779,White
WR,TN-10,576483,0.33148835,0.65405211,0.80636188,0.19363812,0.10648826,0.03874813,0.00117912,0.02663823,0.01879454,448641,-0.32256376,White
WR,TN-11,576223,0.350644,0.63545385,0.69453531,0.30546469,0.20033747,0.04723841,0.00135886,0.03673198,0.01983847,444490,-0.28480985,White
WR,TN-12,575121,0.80802245,0.17325485,0.20206056,0.79793944,0.69331895,0.07565692,0.00097475,0.02334552,0.01313027,433959,0.6347676,Black
WR,UT-01,546033,0.34845543,0.6205408,0.81468473,0.18531527,0.01758817,0.10978051,0.01074966,0.0314141,0.02031082,376105,-0.27208537,White
WR,UT-02,544388,0.37199594,0.60020982,0.7031912,0.2968088,0.01677777,0.19810132,0.02240017,0.04083468,0.0262133,380265,-0.22821388,White
WR,UT-03,546119,0.22764605,0.74929314,0.82521943,0.17478057,0.00857797,0.10011246,0.01082716,0.01638035,0.04145758,386805,-0.52164709,White
WR,UT-04,544421,0.34309803,0.62759685,0.82930662,0.17069338,0.01269586,0.08866205,0.01330321,0.04034981,0.01633439,358936,-0.28449882,White
WR,UT-05,544910,0.32448585,0.64230389,0.78598585,0.21401415,0.01439002,0.1429961,0.01244206,0.0283102,0.02165361,393745,-0.31781804,White
WR,UT-06,545745,0.67493777,0.29757492,0.69559196,0.30440804,0.03116104,0.17080536,0.0188559,0.06298999,0.0250867,428195,0.37736285,White
WR,WI-01,589582,0.45861607,0.52335384,0.76936546,0.23063454,0.075613,0.10679305,0.0010832,0.02909414,0.01933011,459749,-0.06473777,White
WR,WI-02,588631,0.74103329,0.24140098,0.79650198,0.20349802,0.05542717,0.06053306,0.00124716,0.0698196,0.01504266,469066,0.49963231,White
WR,WI-03,589356,0.4231378,0.56048678,0.91881291,0.08118709,0.01351076,0.02770188,0.00101506,0.01627373,0.01741567,457117,-0.13734898,White
WR,WI-04,588876,0.78991176,0.190593,0.40140198,0.59859802,0.3784224,0.15967862,0.0014997,0.0534984,0.02067688,442088,0.59931876,Minority
WR,WI-05,590090,0.44446032,0.53787145,0.84220882,0.15779118,0.03374536,0.06512707,0.00098593,0.04023998,0.01561121,464538,-0.09341113,White
WR,WI-06,589216,0.41951228,0.56495733,0.88628655,0.11371345,0.02139456,0.04599906,0.00094716,0.02435308,0.01704456,461379,-0.14544505,White
WR,WI-07,589957,0.41404453,0.56920925,0.91197473,0.08802527,0.01150575,0.01717898,0.00113634,0.01584935,0.03599132,470808,-0.15516472,White
WR,WI-08,589558,0.4257474,0.55979459,0.8629966,0.1370034,0.02274973,0.0527555,0.00102096,0.0261318,0.03247182,457412,-0.13404719,White
WR,WI-09,588731,0.39722016,0.58705466,0.89438398,0.10561602,0.01740187,0.02878414,0.00098651,0.02668915,0.02777409,467306,-0.1898345,White
WR,WI-10,589721,0.40398068,0.58040926,0.87984755,0.12015245,0.02717371,0.05655339,0.00092473,0.01643775,0.01472009,462837,-0.17642858,White
CR,MO-01,473647,0.65462973,0.32554735,0.61565501,0.38434499,0.27886724,0.03825549,0.00106417,0.04763528,0.0180987,384337,0.15462973,White
CR,MO-02,472971,0.75082424,0.23291719,0.42231607,0.57768393,0.47492746,0.03618189,0.00106593,0.0505883,0.01724255,367753,0.25082424,Black
CR,MO-03,473588,0.52150356,0.45918652,0.83811212,0.16188788,0.04841569,0.03142244,0.00095782,0.05966202,0.01608655,371677,0.02150356,White
CR,MO-04,473132,0.32745042,0.65986012,0.87645766,0.12354234,0.04562437,0.02552895,0.0011885,0.02131468,0.02354346,357594,-0.17254958,White
CR,MO-05,473454,0.36823045,0.61577366,0.84565132,0.15434868,0.06763958,0.02777553,0.00155493,0.02600193,0.02568609,370434,-0.13176955,White
CR,MO-06,474009,0.27136699,0.7172305,0.88752179,0.11247821,0.04364424,0.01869108,0.00082117,0.01152626,0.02818345,367769,-0.22863301,White
CR,MO-07,474432,0.25948736,0.72852155,0.87519391,0.12480609,0.03719728,0.0368156,0.0028326,0.01064337,0.03109043,366801,-0.24051264,White
CR,MO-08,474208,0.50396743,0.48032119,0.69394781,0.30605219,0.17888478,0.06969902,0.00481383,0.02119364,0.03319623,359589,0.00396743,White
CR,MO-09,472948,0.63930841,0.34237986,0.61183359,0.38816641,0.21502001,0.10479778,0.00449284,0.04088514,0.02914254,369254,0.13930841,White
CR,MO-10,473468,0.29202172,0.69587194,0.88976374,0.11023626,0.03270984,0.03150274,0.00228527,0.01315472,0.02612014,364508,-0.20797828,White
CR,MO-11,473083,0.19794249,0.79136643,0.86627618,0.13372382,0.01410238,0.04705175,0.00505773,0.01188805,0.04983644,357670,-0.30205751,White
CR,MO-12,473441,0.31937961,0.66783469,0.860398,0.139602,0.03153212,0.04044734,0.00274893,0.02139277,0.03841249,372509,-0.18062039,White
CR,MO-13,472532,0.1780088,0.81355803,0.86399593,0.13600407,0.05161368,0.02884744,0.00210819,0.01445653,0.03395795,365717,-0.3219912,White
CR,MS-01,493427,0.33266086,0.65180543,0.65264291,0.34735709,0.30211613,0.02428073,0.00043656,0.00998799,0.01087169,377954,-0.31914457,White
CR,MS-02,492927,0.68316754,0.30518543,0.27160285,0.72839715,0.70482707,0.01292689,0.00006767,0.00429957,0.00785199,354687,0.37798211,Black
CR,MS-03,493816,0.34843111,0.64179284,0.62318907,0.37681093,0.34145782,0.01734441,0.0007561,0.0097267,0.00797956,370321,-0.29336173,White
CR,MS-04,494417,0.31943645,0.6689332,0.68498118,0.31501882,0.23064765,0.04344103,0.00067133,0.02205354,0.01531642,378352,-0.34949675,White
CR,MS-05,493175,0.32313957,0.66765428,0.63612561,0.36387439,0.32036461,0.01539315,0.0007303,0.00603987,0.02304238,369710,-0.34451471,White
CR,MS-06,493517,0.31473618,0.67645192,0.63638986,0.36361014,0.32831057,0.01604428,0.00032622,0.00697202,0.01288719,370911,-0.36171574,White
CR,LA-01,466292,0.36425617,0.61667569,0.58266623,0.41733377,0.21230014,0.14568034,0.00109714,0.04392987,0.02079612,362760,-0.25241952,White
CR,LA-02,465714,0.80478329,0.16879911,0.32568884,0.67431116,0.54164591,0.09093904,0.00130947,0.041846,0.01597232,367323,0.63598418,Black
CR,LA-03,465527,0.31617072,0.66788731,0.65087212,0.34912788,0.25572194,0.05263904,0.00120537,0.02515103,0.01631073,352590,-0.35171659,White
CR,LA-04,465738,0.38319812,0.60411077,0.55422458,0.44577542,0.3521108,0.04527373,0.00221683,0.02003641,0.0290736,353207,-0.22091265,White
CR,LA-05,465042,0.30235662,0.68510519,0.63021748,0.36978252,0.30782646,0.03182876,0.00086208,0.01069655,0.018373,352637,-0.38274857,White
CR,LA-06,466456,0.38161083,0.59823416,0.60451027,0.39548973,0.26570994,0.07523535,0.0009121,0.03889098,0.01615274,358515,-0.21662333,White
CR,LA-07,466396,0.34305485,0.64489093,0.602954,0.397046,0.29713487,0.05408256,0.00091961,0.01393193,0.03462454,355586,-0.30183608,White
CR,LA-08,465677,0.38752206,0.60001237,0.57064734,0.42935266,0.38103,0.02754537,0.00087771,0.00786237,0.01370144,350912,-0.21249031,White
CR,LA-09,465860,0.28914437,0.69871676,0.62022565,0.37977435,0.30077597,0.04283625,0.00108558,0.01289962,0.02307143,361096,-0.40957239,White
CR,LA-10,465055,0.29212644,0.69304748,0.69759105,0.30240895,0.2064413,0.05702935,0.00116599,0.01575907,0.02178286,355922,-0.40092104,White
CR,NY-01,480638,0.46065198,0.52631558,0.7190377,0.2809623,0.06644036,0.1524919,0.00097722,0.05253305,0.01536286,388860,-0.0656636,White
CR,NY-02,481405,0.42280442,0.56756101,0.59162183,0.40837817,0.09657529,0.27588695,0.00103208,0.03420463,0.01983243,376908,-0.14475659,White
CR,NY-03,480651,0.45553478,0.52780968,0.67261322,0.32738678,0.10166312,0.1583239,0.00113222,0.06288928,0.01334493,380669,-0.0722749,White
CR,NY-04,481026,0.39434697,0.595894,0.77372085,0.22627915,0.03687207,0.12029038,0.00087218,0.06223246,0.00803075,386390,-0.20154703,White
CR,NY-05,481506,0.47021485,0.51471275,0.61351744,0.38648256,0.04436989,0.12806643,0.00093754,0.20701996,0.00799016,379717,-0.0444979,White
CR,NY-06,481469,0.57416261,0.41229669,0.38590398,0.61409602,0.28182473,0.25060122,0.00158376,0.08555242,0.01594923,376319,0.16186592,Minority
CR,NY-07,481183,0.70721743,0.283766,0.17393255,0.82606745,0.61936673,0.1502578,0.00303202,0.06008825,0.01933115,376646,0.42345143,Black
CR,NY-08,480867,0.5168971,0.46392169,0.2547445,0.7452555,0.07626295,0.13580108,0.00227074,0.52481779,0.0099201,398988,0.05297541,Asian
CR,NY-09,480967,0.57968574,0.39696347,0.22741877,0.77258123,0.15607893,0.22333962,0.00500494,0.35536371,0.02767498,385619,0.18272227,Asian
CR,NY-10,480644,0.58040599,0.39474201,0.33031032,0.66968968,0.04329326,0.2993844,0.00209228,0.32929817,0.02089004,397175,0.18566398,Minority
CR,NY-11,481285,0.72405867,0.24910239,0.3461244,0.6538756,0.1520327,0.39752637,0.00342627,0.12242571,0.0268623,381464,0.47495628,Hispanic
CR,NY-12,480798,0.6729141,0.31799938,0.26927977,0.73072023,0.5184214,0.1555094,0.00218615,0.08629718,0.0127233,376003,0.35491472,Black
CR,NY-13,480803,0.67899591,0.30548322,0.28974308,0.71025692,0.51702963,0.10283364,0.00162111,0.1043146,0.01160168,378135,0.37351269,Black
CR,NY-14,481101,0.87244986,0.10010562,0.2646374,0.7353626,0.5461905,0.14944257,0.0021151,0.06498743,0.01602391,389106,0.77234424,Black
CR,NY-15,480560,0.44778235,0.52600823,0.36870091,0.63129909,0.03383124,0.19329819,0.00144048,0.40795058,0.01802327,375570,-0.07822588,Asian
CR,NY-16,480968,0.71221887,0.2627168,0.59781609,0.40218391,0.08416666,0.15433178,0.00213199,0.15480678,0.01469748,362103,0.44950207,White
CR,NY-17,480968,0.34419025,0.64075197,0.59332618,0.40667382,0.11543585,0.17341331,0.00164197,0.12344443,0.0144414,377595,-0.29656172,White
CR,NY-18,480557,0.64630848,0.33178086,0.2453933,0.7546067,0.12126769,0.48603545,0.00254065,0.16068002,0.03488558,387696,0.31452762,Hispanic
CR,NY-19,481021,0.80738105,0.17205721,0.55170097,0.44829903,0.07869978,0.14626505,0.00504354,0.22574633,0.01020372,428667,0.63532384,White
CR,NY-20,481461,0.78876732,0.1908662,0.68574254,0.31425746,0.05249699,0.09478676,0.00216394,0.15818687,0.00773346,419605,0.59790112,White
CR,NY-21,480469,0.85516415,0.12634419,0.31455399,0.68544601,0.33857379,0.29615906,0.00261899,0.09361894,0.02278471,403209,0.72881996,Black
CR,NY-22,480849,0.70640825,0.27856693,0.18321315,0.81678685,0.24086293,0.61005366,0.00373658,0.05391843,0.02919829,381632,0.42784132,Hispanic
CR,NY-23,480879,0.66345229,0.32177734,0.14474786,0.85525214,0.30861209,0.51233811,0.00360661,0.09625453,0.02899064,370154,0.34167495,Hispanic
CR,NY-24,481246,0.73139435,0.26035614,0.03244491,0.96755509,0.42098698,0.63271524,0.00418444,0.02019289,0.03256318,355125,0.47103821,Hispanic
CR,NY-25,481153,0.71067255,0.28224442,0.20772211,0.79227789,0.47926589,0.29718888,0.00228086,0.04887439,0.01922853,377928,0.42842813,Black
CR,NY-26,480590,0.64000137,0.35455723,0.58185427,0.41814573,0.10250376,0.22226675,0.00122108,0.08898309,0.014731,371801,0.28544414,White
CR,NY-27,481257,0.52036503,0.47212166,0.70133742,0.29866258,0.07822283,0.16859432,0.00112628,0.04473758,0.0146756,382676,0.04824337,White
CR,NY-28,481472,0.42137589,0.57142062,0.63016968,0.36983032,0.11407504,0.17692558,0.00131778,0.06427789,0.01341763,337690,-0.15004473,White
CR,NY-29,481203,0.51201776,0.48310335,0.65573089,0.34426911,0.12473166,0.1786636,0.00142243,0.03284132,0.02259148,382445,0.02891441,White
CR,NY-30,480994,0.53856942,0.45074095,0.77133933,0.22866067,0.09824896,0.07393297,0.00119169,0.0360185,0.02079708,391882,0.08782847,White
CR,NY-31,481205,0.5884912,0.39634862,0.70063534,0.29936466,0.13282841,0.06956112,0.00212212,0.07443501,0.01877782,385934,0.19214258,White
CR,NY-32,481545,0.35202913,0.64335747,0.9338617,0.0661383,0.02090173,0.0282396,0.00061917,0.00950893,0.00651055,379538,-0.14797087,White
CR,NY-33,481092,0.49068931,0.50379665,0.88871351,0.11128649,0.02850929,0.02927794,0.00098459,0.02351181,0.02082541,388996,-0.01310734,White
CR,NY-34,480555,0.38930253,0.60539533,0.8695166,0.1304834,0.04305566,0.03497215,0.00182659,0.01393599,0.03136656,378301,-0.2160928,White
CR,NY-35,480411,0.56305653,0.43042323,0.73295017,0.26704983,0.13396641,0.05748971,0.00122932,0.05826695,0.0195501,378259,0.1326333,White
CR,NY-36,481441,0.56811215,0.42364217,0.86035787,0.13964213,0.04641324,0.04382981,0.00021462,0.04007404,0.00827342,372760,0.06811215,White
CR,NY-37,480895,0.36269969,0.63113998,0.91672247,0.08327753,0.02954042,0.03309121,0.00022142,0.00996112,0.01065237,370340,-0.13730031,White
CR,NY-38,481574,0.44866767,0.54259745,0.90705226,0.09294774,0.03695519,0.03613544,0.00020958,0.01380845,0.00531645,376943,-0.05133233,White
CR,NY-39,480639,0.41033296,0.58234797,0.87168936,0.12831064,0.06367627,0.03978556,0.00013187,0.01418318,0.01001434,371567,-0.08966704,White
CR,NY-40,480185,0.43085232,0.55779763,0.90725045,0.09274955,0.04340935,0.02884991,0.00055379,0.01274512,0.00734961,379204,-0.06914768,White
CR,NY-41,481037,0.67619513,0.31090079,0.67718526,0.32281474,0.18189761,0.09700168,0.000172,0.03771241,0.00679277,366272,0.17619513,White
CR,NY-42,480680,0.66721835,0.31551243,0.65446852,0.34553148,0.21092273,0.07619164,0.00014458,0.049876,0.00870237,359672,0.16721835,White
CR,TN-01,493042,0.2198913,0.76938304,0.90555201,0.09444799,0.03035632,0.02514372,0.00079404,0.01081846,0.02367587,399225,-0.54949174,White
CR,TN-02,494611,0.20396602,0.78568316,0.89169344,0.10830656,0.02305533,0.04331654,0.00079108,0.01052741,0.02768263,394399,-0.58171714,White
CR,TN-03,493204,0.40643891,0.5774375,0.80140522,0.19859478,0.09079351,0.04926483,0.00137908,0.03105487,0.02519763,390116,-0.17099859,White
CR,TN-04,493741,0.36803553,0.61719876,0.74708062,0.25291938,0.14399263,0.05820788,0.00127811,0.0234551,0.02726377,389638,-0.24916323,White
CR,TN-05,493240,0.19773161,0.79262643,0.88591339,0.11408661,0.03327526,0.0412973,0.00087878,0.00846656,0.02692598,389178,-0.59489482,White
CR,TN-06,494141,0.35334397,0.63277056,0.71953477,0.28046523,0.1383886,0.08101589,0.00152034,0.03772647,0.02307372,372285,-0.27942659,White
CR,TN-07,494200,0.35385867,0.63109756,0.82653591,0.17346409,0.06879209,0.04977678,0.00125734,0.03052477,0.02180995,392894,-0.27723889,White
CR,TN-08,492928,0.68603119,0.29364801,0.51122565,0.48877435,0.30257145,0.13003655,0.0014588,0.04159868,0.02144996,393474,0.39238318,White
CR,TN-09,493368,0.17745142,0.813881,0.90191496,0.09808504,0.02576067,0.03643947,0.00133872,0.0084476,0.02512097,387684,-0.63642958,White
CR,TN-10,494286,0.32042047,0.66685631,0.73362959,0.26637041,0.14053212,0.07314482,0.00380591,0.02571692,0.02626294,369951,-0.34643584,White
CR,TN-11,493122,0.2808761,0.70557469,0.83269588,0.16730412,0.06609653,0.04568803,0.00106529,0.0312511,0.02042476,368915,-0.42469859,White
CR,TN-12,493569,0.26521183,0.7258084,0.72527194,0.27472806,0.21702,0.02895477,0.00104877,0.00829198,0.01899406,387121,-0.46059657,White
CR,TN-13,493941,0.42402461,0.55960472,0.62794998,0.37205002,0.23351007,0.06906919,0.00144775,0.05028281,0.01931739,378519,-0.13558011,White
CR,TN-14,493447,0.85142561,0.13002178,0.15118009,0.84881991,0.76180492,0.06560686,0.00088931,0.01725532,0.01214044,371074,0.72140383,Black
CR,UT-01,466956,0.23458541,0.74224681,0.83045673,0.16954327,0.00840395,0.09873425,0.01116888,0.01544362,0.0379936,329845,-0.5076614,White
CR,UT-02,468105,0.37385105,0.5988127,0.65291653,0.34708347,0.02019738,0.23785134,0.02697317,0.04161627,0.03039584,330736,-0.22496165,White
CR,UT-03,467035,0.68674327,0.28593362,0.72567719,0.27432281,0.03018769,0.14597053,0.01508711,0.06217872,0.02368059,370979,0.40080965,White
CR,UT-04,467151,0.34025477,0.62886767,0.82752843,0.17247157,0.01636521,0.09762334,0.01108165,0.03192721,0.01907914,318725,-0.2886129,White
CR,UT-05,467393,0.30645029,0.66291622,0.80345736,0.19654264,0.01466368,0.13046123,0.00586366,0.02146095,0.02927314,332045,-0.35646593,White
CR,UT-06,466871,0.32509255,0.64251846,0.7899005,0.2100995,0.01353711,0.12518018,0.01819373,0.03888034,0.01915675,328135,-0.31742591,White
CR,UT-07,468105,0.38431506,0.58693768,0.79465282,0.20534718,0.0149911,0.1138922,0.0154535,0.04558877,0.01695548,313586,-0.20262262,White
