,id,TotalPop,PopDevPct,DemPct,RepPct,WhitePct,MinorityPct,BlackPct,HispanicPct,PacificPct,AsianPct,NativePct,TotalVAP,Margin,Majority
0,1,733391,0,0.43006525,0.53122894,0.61476201,0.38523799,0.04271638,0.06036249,0.02018762,0.07835156,0.19085998,554003,-0.10116368999999997,White
1,1,557753,-0.00089605,0.21956787,0.76824952,0.78177359,0.21822641,0.12697439,0.03841717,0.00132433,0.01734321,0.03211621,433426,-0.54868165,White
2,2,558525,0.00048684,0.54912916,0.43997489,0.47097795,0.52902205,0.46542786,0.02950047,0.00111593,0.01635481,0.02006396,439993,0.10915427,Minority
3,3,558678,0.00076091,0.34760769,0.63949961,0.65659406,0.34340594,0.26512942,0.03371537,0.00147421,0.02483139,0.02028117,438880,-0.29189191999999997,White
4,4,557320,-0.00167168,0.17652044,0.81195857,0.83343614,0.16656386,0.07434575,0.05015766,0.00086082,0.00686353,0.03325891,434470,-0.63543813,White
5,5,559028,0.00138786,0.39949557,0.57818667,0.67998154,0.32001846,0.21022442,0.05040708,0.00206736,0.0302543,0.03010581,437756,-0.1786911,White
6,6,558172,-0.00014549,0.25460144,0.73084386,0.76135024,0.23864976,0.14908696,0.04733557,0.00108981,0.0179457,0.02290235,428515,-0.47624242,White
7,7,558772,0.00092929,0.6431549,0.3397836,0.43986114,0.56013886,0.47564857,0.04668224,0.00107781,0.02574617,0.01494518,436997,0.30337129999999995,Black
8,8,558773,0.00093108,0.52744193,0.46118581,0.45682444,0.54317556,0.47381192,0.03308824,0.00137018,0.0235199,0.01599307,436439,0.06625611999999997,Black
9,9,557258,-0.00178274,0.18167704,0.8061526,0.81891151,0.18108849,0.0820358,0.05443591,0.00084283,0.00897629,0.0360143,430690,-0.62447556,White
10,1,602896,0.00098156,0.22956823,0.74156225,0.82716419,0.17283581,0.0927409,0.033368,0.00212572,0.01045526,0.02943292,461490,-0.5119940199999999,White
11,2,601558,-0.0012399,0.57871185,0.39408763,0.49524519,0.50475481,0.40780682,0.05518245,0.00116296,0.0234136,0.02243946,466054,0.18462422,Minority
12,3,602221,-0.00013913,0.38362483,0.58619528,0.71058335,0.28941665,0.03204232,0.14703771,0.01577,0.04189996,0.05518721,449905,-0.20257044999999996,White
13,4,602368,0.00010493,0.28964966,0.6830093,0.72988275,0.27011725,0.17456912,0.05296727,0.00146727,0.0094945,0.03051971,467534,-0.39335964000000007,White
14,5,602481,0.00029254,0.25851545,0.71352253,0.81382653,0.18617347,0.04919001,0.06413148,0.00211646,0.02078367,0.04659419,467290,-0.45500708,White
15,1,596446,0.00081801,0.52460534,0.45955653,0.48195924,0.51804076,0.03851013,0.19257034,0.00529222,0.02164761,0.27297449,457464,0.06504881000000001,Minority
16,2,587049,-0.01494987,0.48388568,0.50085607,0.67887773,0.32112227,0.039504,0.21146673,0.0041821,0.04461334,0.02920682,471294,-0.016970390000000002,White
17,3,563110,-0.05511877,0.59029445,0.3936893,0.27644733,0.72355267,0.07721286,0.58349576,0.00514719,0.02933948,0.05214676,397110,0.19660515,Hispanic
18,4,596556,0.00100259,0.30314855,0.68294138,0.75685461,0.24314539,0.01410218,0.16522379,0.00375385,0.01964809,0.04192671,494959,-0.37979283,White
19,5,595853,-0.00017703,0.3731034,0.61033485,0.73595235,0.26404765,0.03864219,0.16390782,0.00520353,0.03264371,0.02928994,454115,-0.23723145,White
20,6,595114,-0.00141704,0.56600007,0.4169207,0.58301505,0.41698495,0.07505669,0.25893565,0.00404811,0.05074881,0.04242604,467873,0.14907937,White
21,7,596412,0.00076096,0.73216555,0.25210834,0.23417543,0.76582457,0.12412789,0.58053414,0.00433007,0.04065624,0.04725801,426552,0.48005721000000007,Hispanic
22,8,596271,0.00052437,0.40198936,0.58574179,0.70485195,0.29514805,0.05246939,0.17840019,0.00413168,0.04226208,0.02493338,467606,-0.18375243000000002,White
23,9,596270,0.00052269,0.59597574,0.38492348,0.57265911,0.42734089,0.0716348,0.23995719,0.00582875,0.06978855,0.05712551,479348,0.21105226,White
24,10,637453,0.06962649,0.65658319,0.32852146,0.4357261,0.5642739,0.0486671,0.4513996,0.00356397,0.03466806,0.05036546,502249,0.32806173,Hispanic
25,11,595658,-0.00050423,0.48619544,0.49785187,0.64437286,0.35562714,0.05688123,0.16904085,0.00505871,0.10529068,0.02784322,443591,-0.011656429999999995,White
26,12,595310,-0.00108816,0.42206917,0.56614787,0.78701791,0.21298209,0.02946761,0.09381741,0.00275731,0.06686327,0.01903025,479815,-0.1440787,White
27,1,578044,0.00116493,0.81772655,0.16018793,0.57233925,0.42766075,0.09518667,0.2635772,0.00359773,0.05077751,0.03425666,466683,0.6575386200000001,White
28,2,577344,-4.746e-05,0.5800698,0.39233555,0.7911578,0.2088422,0.01442938,0.13830384,0.00261333,0.02662277,0.02672842,463776,0.18773425,White
29,3,576834,-0.00093077,0.43181032,0.54426891,0.69583738,0.30416262,0.01596764,0.22920385,0.00266529,0.01447841,0.05225673,456611,-0.11245858999999997,White
30,4,576897,-0.00082165,0.29878025,0.67477517,0.75776383,0.24223617,0.02550319,0.15977819,0.00295948,0.02343133,0.03321098,441631,-0.37599491999999995,White
31,5,577635,0.00045655,0.46603968,0.4945973,0.66724208,0.33275792,0.08606769,0.17001128,0.00833907,0.04842277,0.03699982,444894,-0.028557620000000006,White
32,6,577694,0.00055874,0.6489981,0.32500849,0.54786237,0.45213763,0.1509811,0.19833148,0.00536068,0.08521943,0.03054145,444347,0.32398961000000004,White
33,7,577005,-0.0006346,0.5850705,0.38682103,0.7566669,0.2433331,0.02015158,0.15022733,0.00236673,0.04410454,0.03181987,465621,0.19824947000000004,White
34,8,577818,0.00077351,0.58041841,0.39102632,0.53138367,0.46861633,0.03856738,0.34775794,0.00339421,0.05895582,0.03988426,431323,0.18939209000000007,White
35,9,577862,0.00084971,0.5015497,0.4731575,0.80510688,0.19489312,0.0220688,0.08938736,0.00276115,0.05775307,0.02291821,441483,0.02839219999999998,White
36,10,576581,-0.00136896,0.647323,0.32803987,0.73258357,0.26741643,0.01829848,0.17354983,0.00233447,0.0484613,0.0267957,453207,0.31928312999999997,White
37,1,601209,0.00036329,0.69721001,0.28851084,0.50674122,0.49325878,0.21593079,0.2106011,0.00172067,0.0688772,0.01548396,477139,0.40869917000000006,White
38,2,600315,-0.00112425,0.55309978,0.42735694,0.80882659,0.19117341,0.04748211,0.07913685,0.00203276,0.04301453,0.02101948,489974,0.12574284000000002,White
39,3,601561,0.00094899,0.59124598,0.39570507,0.63418262,0.36581738,0.15056409,0.15392116,0.00137588,0.05661983,0.01572348,484053,0.19554090999999996,White
40,4,601333,0.00056962,0.67880253,0.30828123,0.52554232,0.47445768,0.16919301,0.23636866,0.00149997,0.06048247,0.01372014,467342,0.3705213,White
41,5,600071,-0.00153025,0.52428123,0.4576161,0.83332162,0.16667838,0.04071563,0.06505984,0.0009488,0.04156521,0.01473221,483770,0.06666513000000002,White
42,6,601455,0.00077261,0.54354426,0.44234131,0.68525899,0.31474101,0.0883544,0.16059356,0.00139416,0.04497922,0.01254955,466949,0.10120295000000001,White
43,1,495264,0.00058589,0.69539868,0.28995062,0.55924015,0.44075985,0.26509226,0.09963168,0.00119124,0.06921935,0.01681485,392867,0.40544806000000005,White
44,2,494684,-0.00058589,0.48486625,0.50143475,0.68987857,0.31012143,0.18995536,0.07362623,0.00150764,0.02734747,0.02309075,390676,-0.01656850000000004,White
45,1,581684,-0.00073498,0.35374773,0.6260664,0.70283893,0.29716107,0.1548065,0.06481994,0.00380029,0.04372941,0.03206143,460491,-0.27231867000000004,White
46,2,582099,-2.205e-05,0.25999752,0.72488036,0.76387838,0.23612162,0.11801854,0.06046068,0.00264268,0.02585009,0.02990407,461275,-0.46488284,White
47,3,581681,-0.00074013,0.56808651,0.41803633,0.52953992,0.47046008,0.33379184,0.08405465,0.00190004,0.04025351,0.01856733,459463,0.15005017999999998,White
48,4,582589,0.00081971,0.35852189,0.62754178,0.77708276,0.22291724,0.07534791,0.0758195,0.00225753,0.04891031,0.01854278,458022,-0.26901989000000004,White
49,5,582455,0.00058951,0.57417776,0.40950585,0.4679605,0.5320395,0.35776551,0.10432751,0.00281027,0.05889989,0.01838696,457607,0.16467190999999998,Minority
50,6,582403,0.00050018,0.26267767,0.72580883,0.76131201,0.23868799,0.11131906,0.07946652,0.00237029,0.02219355,0.02464841,461125,-0.46313116,White
51,7,581784,-0.00056319,0.5011146,0.4855855,0.64350495,0.35649505,0.15884219,0.13185142,0.00165757,0.04941954,0.01877454,474792,0.015529099999999962,White
52,8,582846,0.0012612,0.38258251,0.60728478,0.73625618,0.26374382,0.10247311,0.11926914,0.00171994,0.02216482,0.01937489,478506,-0.22470226999999998,White
53,9,582399,0.00049331,0.40938839,0.578209,0.74253831,0.25746169,0.10952611,0.10139885,0.00192759,0.02546116,0.02144499,484542,-0.16882060999999998,White
54,10,582560,0.00076989,0.41559095,0.570983,0.74471175,0.25528825,0.09410262,0.10716099,0.00192016,0.0338494,0.01871484,480688,-0.15539205,White
55,11,581417,-0.00119365,0.52289311,0.46252817,0.60995083,0.39004917,0.12037177,0.19808448,0.0021495,0.06184018,0.01776253,462434,0.060364940000000034,White
56,12,581761,-0.0006027,0.60061778,0.38440157,0.38806762,0.61193238,0.15540542,0.39661178,0.00297866,0.06445461,0.01953445,461953,0.21621620999999996,Hispanic
57,13,582741,0.00108083,0.58737352,0.40119462,0.30375851,0.69624149,0.13356209,0.51714256,0.00315306,0.05127514,0.01884935,449087,0.18617889999999998,Hispanic
58,14,582285,0.00029747,0.61372226,0.37435636,0.38172113,0.61827887,0.31105984,0.21443399,0.00255902,0.06565894,0.01649527,440793,0.23936589999999996,Minority
59,15,582024,-0.0001509,0.34549255,0.64519949,0.77975412,0.22024588,0.06709159,0.11077701,0.00143428,0.02156094,0.01917251,491537,-0.29970694,White
60,16,582390,0.00047785,0.39222584,0.59486711,0.73225793,0.26774207,0.0676732,0.14582786,0.00170889,0.03516562,0.02102748,464630,-0.20264127000000004,White
61,17,582524,0.00070805,0.52441862,0.46191282,0.72154953,0.27845047,0.12365588,0.08753944,0.0017208,0.04695056,0.01789791,492795,0.06250579999999994,White
62,18,581717,-0.00067829,0.45906189,0.52800833,0.71768336,0.28231664,0.06656667,0.15339894,0.00183834,0.0460859,0.01693361,478693,-0.06894644000000005,White
63,19,581747,-0.00062675,0.55068777,0.43435055,0.45082958,0.54917042,0.22363648,0.25623077,0.00228736,0.06659568,0.02095744,449864,0.11633722000000002,Minority
64,20,582485,0.00064105,0.55326036,0.43207968,0.46861941,0.53138059,0.1701469,0.31465727,0.0022205,0.04570988,0.01738275,461607,0.12118067999999999,Minority
65,21,582637,0.00090217,0.426765,0.56019136,0.58570933,0.41429067,0.15414385,0.22401537,0.00177926,0.02414613,0.02169334,455808,-0.13342636000000002,White
66,22,581490,-0.00106824,0.46090452,0.52879771,0.77509445,0.22490555,0.06199646,0.12316654,0.00112597,0.02218554,0.01455511,497351,-0.06789318999999999,White
67,23,581161,-0.00163343,0.34410806,0.64515493,0.70944148,0.29055852,0.08366647,0.16395547,0.00147982,0.02570754,0.01866533,459515,-0.30104687,White
68,24,581301,-0.00139292,0.36211467,0.62950692,0.77409329,0.22590671,0.05256699,0.13686987,0.00120251,0.01832537,0.01583197,486484,-0.26739224999999994,White
69,25,581310,-0.00137746,0.41052111,0.5818134,0.71195279,0.28804721,0.07734681,0.17408113,0.00115795,0.02348552,0.01243158,487066,-0.17129229,White
70,26,582324,0.00036447,0.43890258,0.5526385,0.67642622,0.32357378,0.13023287,0.15426596,0.00159317,0.02335726,0.01666893,472016,-0.11373592000000005,White
71,27,582261,0.00025624,0.56943756,0.42175859,0.49339816,0.50660184,0.24440387,0.21912741,0.00177401,0.0370061,0.0168445,463356,0.14767897000000002,Minority
72,28,582258,0.00025109,0.59727052,0.39488004,0.54622399,0.45377601,0.17307842,0.24205081,0.00155511,0.03139802,0.01271787,476495,0.20239048000000004,White
73,29,582452,0.00058436,0.57666714,0.41590445,0.54726871,0.45273129,0.14760722,0.21790948,0.00152177,0.05168035,0.00967272,468534,0.16076268999999999,White
74,30,582067,-7.703e-05,0.71827491,0.27420598,0.32291062,0.67708938,0.45356707,0.18482119,0.00196127,0.02713415,0.01156049,463475,0.44406893,Black
75,31,582188,0.00013084,0.60182067,0.3903273,0.3243091,0.6756909,0.17629588,0.42991916,0.00176452,0.07157136,0.01056079,456216,0.21149336999999996,Hispanic
76,32,581986,-0.00021617,0.5834101,0.40861938,0.44829481,0.55170519,0.11325546,0.39428475,0.00142202,0.03274148,0.01204705,485928,0.17479072000000007,Minority
77,33,581733,-0.0006508,0.80834649,0.18421765,0.06262964,0.93737036,0.56697066,0.37812197,0.00142637,0.01950252,0.00938969,452198,0.62412884,Black
78,34,582764,0.00112034,0.5517337,0.44036888,0.19151952,0.80848048,0.09842815,0.69173425,0.00095061,0.02843712,0.00996685,479690,0.11136481999999998,Hispanic
79,35,582171,0.00010163,0.38856077,0.60551119,0.04742189,0.95257811,0.03733279,0.9168776,0.0006747,0.01509907,0.0058083,477248,-0.21695041999999998,Hispanic
80,36,581736,-0.00064565,0.36512865,0.6275477,0.29053913,0.70946087,0.05595517,0.63849857,0.00082309,0.01581548,0.01074855,475041,-0.26241905000000004,Hispanic
81,37,582746,0.00108942,0.51128173,0.48060673,0.19913535,0.80086465,0.13198115,0.65594461,0.00112387,0.02457949,0.01386184,452898,0.030675000000000008,Hispanic
82,1,564506,0.00127951,0.50215,0.48308722,0.5551699,0.4448301,0.32085577,0.0720731,0.00351888,0.03629932,0.0198337,437639,0.01906278,White
83,2,562975,-0.00143607,0.55099332,0.4401709,0.42489829,0.57510171,0.4904661,0.05462758,0.00262179,0.02086855,0.01523629,434817,0.11082242000000003,Black
84,3,563178,-0.001076,0.30548055,0.68307671,0.69196707,0.30803293,0.22575638,0.04480525,0.00101867,0.01707252,0.02063901,432918,-0.37759616,White
85,4,564299,0.00091235,0.78921295,0.19874251,0.32746898,0.67253102,0.46353496,0.11489237,0.00128919,0.09001975,0.01755205,439037,0.59047044,Black
86,5,563747,-6.675e-05,0.83989872,0.15023816,0.15683063,0.84316937,0.76780313,0.0610559,0.00125215,0.01393864,0.01479587,430458,0.68966056,Black
87,6,563305,-0.00085074,0.50249415,0.48331903,0.47421171,0.52578829,0.17202601,0.12353679,0.00148526,0.22105881,0.01534614,419454,0.01917511999999999,Minority
88,7,562861,-0.00163827,0.64813332,0.33943099,0.28267778,0.71732222,0.34321555,0.24944084,0.00163019,0.12390654,0.02344853,412222,0.30870233,Black
89,8,564150,0.00064806,0.30156168,0.68956396,0.6290268,0.3709732,0.27367863,0.06870159,0.00140326,0.01392291,0.01753964,428287,-0.38800228,White
90,9,564242,0.00081125,0.20157143,0.78643254,0.82651188,0.17348812,0.06694945,0.06113825,0.00096741,0.01860396,0.02522922,443454,-0.58486111,White
91,10,564366,0.00103119,0.39529152,0.59078609,0.67031485,0.32968515,0.21140666,0.06110351,0.00193569,0.03887158,0.01906214,437569,-0.19549457000000003,White
92,11,563210,-0.00101924,0.61028923,0.37370911,0.4657749,0.5342251,0.30955532,0.1392572,0.00132109,0.06839267,0.01975185,434491,0.23658012,Minority
93,12,564115,0.00058598,0.60059723,0.38857891,0.41655689,0.58344311,0.50724307,0.04365247,0.00193833,0.02294494,0.01537197,438005,0.21201831999999998,Black
94,13,564068,0.00050262,0.6528141,0.33644309,0.30529335,0.69470665,0.54716652,0.09401226,0.00131143,0.04901101,0.01810287,423966,0.31637100999999995,Black
95,14,564284,0.00088574,0.21958865,0.7684101,0.78364995,0.21635005,0.06808035,0.11002233,0.00095555,0.01236644,0.02932738,431167,-0.5488214499999999,White
96,15,563670,-0.00020333,0.30673289,0.68242048,0.65002587,0.34997413,0.26661624,0.05225877,0.00137352,0.01738943,0.01639873,431009,-0.37568759,White
97,16,563178,-0.001076,0.72221493,0.26779881,0.33126478,0.66873522,0.58302844,0.05504139,0.00142814,0.02408526,0.01587464,429931,0.45441612000000003,Black
98,17,564054,0.00047779,0.63540528,0.35083322,0.61199281,0.38800719,0.18180995,0.09042176,0.00148201,0.10320972,0.01424839,463561,0.28457205999999996,White
99,18,564228,0.00078641,0.2793534,0.70474993,0.71956912,0.28043088,0.06340593,0.14966219,0.00110555,0.04461873,0.02406454,423320,-0.42539653,White
100,19,563472,-0.00055452,0.3637219,0.62069853,0.69017342,0.30982658,0.1743809,0.08206887,0.00134742,0.03083906,0.02355881,428969,-0.25697663,White
101,1,485115,5.085e-05,0.66263028,0.31382518,0.34962347,0.65037653,0.01786095,0.08928915,0.264607,0.41966214,0.0309236,384302,0.34880510000000003,Asian
102,2,485355,0.0005456,0.67236734,0.31151547,0.18120447,0.81879553,0.02883297,0.05820939,0.16209384,0.66780759,0.01746531,401138,0.36085186999999996,Asian
103,3,484801,-0.00059645,0.56634924,0.41377711,0.18510521,0.81489479,0.03658645,0.09567166,0.26383059,0.58681657,0.02493893,370465,0.15257212999999997,Asian
104,1,531275,-0.00085225,0.53154852,0.44689754,0.82250067,0.17749933,0.06213877,0.05968491,0.00106753,0.03566072,0.01670366,414041,0.08465097999999999,White
105,2,531927,0.00037394,0.53461051,0.4413659,0.83162301,0.16837699,0.06500122,0.04638231,0.00569573,0.03712463,0.01468127,415223,0.09324461000000006,White
106,3,531266,-0.00086918,0.55155906,0.4266588,0.78719206,0.21280794,0.06789133,0.07547766,0.00144063,0.04960352,0.01648889,401907,0.12490025999999999,White
107,4,532481,0.00141582,0.36328442,0.6178509,0.90781865,0.09218135,0.01573919,0.03556848,0.00193572,0.01781654,0.01678283,402435,-0.25456648,White
108,5,532665,0.00176187,0.32143788,0.6613409,0.857522,0.142478,0.02447229,0.07894255,0.00336142,0.01638164,0.01833567,404294,-0.33990302,White
109,6,530755,-0.0018302,0.39114015,0.59115183,0.92067258,0.07932742,0.01917502,0.03291582,0.00267829,0.00980342,0.01191403,412203,-0.20001168000000003,White
110,1,613834,0.00130281,0.28689682,0.68709942,0.85383511,0.14616489,0.00672226,0.07623562,0.00319223,0.01542067,0.03744115,473650,-0.4002026,White
111,2,612514,-0.00085041,0.24392606,0.72289081,0.79789364,0.20210636,0.01091087,0.13716095,0.00404249,0.01813106,0.03379486,440570,-0.47896475,White
112,3,612758,-0.00045239,0.45078806,0.51737989,0.79085854,0.20914146,0.01743044,0.11935177,0.00526418,0.03693366,0.02791553,462180,-0.06659182999999996,White
113,1,582159,-0.00039102,0.72462147,0.26230832,0.37952368,0.62047632,0.50160542,0.09592945,0.00088102,0.0197306,0.0129217,459692,0.46231315,Black
114,2,581945,-0.00075848,0.75615996,0.23103344,0.29967784,0.70032216,0.52503999,0.15889427,0.00106863,0.01185126,0.01828992,446366,0.5251265199999999,Black
115,3,582147,-0.00041163,0.75368839,0.22754664,0.38880903,0.61119097,0.05454557,0.49664505,0.00185445,0.06256487,0.03685664,460514,0.52614175,Hispanic
116,4,582289,-0.0001678,0.78079421,0.20083792,0.14610997,0.85389003,0.06692377,0.70942269,0.00130769,0.07945004,0.05511099,435884,0.57995629,Hispanic
117,5,582757,0.00063578,0.8442803,0.13724362,0.63205616,0.36794384,0.10587891,0.13159323,0.00149872,0.12015814,0.01595748,495755,0.70703668,White
118,6,582094,-0.00050263,0.73948263,0.24493861,0.43039045,0.56960955,0.32493902,0.21091178,0.00102651,0.03072384,0.01913323,448121,0.49454402000000003,Minority
119,7,582302,-0.00014548,0.87838454,0.10604775,0.30630741,0.69369259,0.50186101,0.085004,0.00138169,0.10393916,0.01214551,479848,0.77233679,Black
120,8,582455,0.00011723,0.57240475,0.40857124,0.59255439,0.40744561,0.04733004,0.1986707,0.00127157,0.15131641,0.01978751,453771,0.16383351000000002,White
121,9,582744,0.00061346,0.67349334,0.31134701,0.6945279,0.3054721,0.04698189,0.09237393,0.00138839,0.1568837,0.01115311,456644,0.36214633000000007,White
122,10,582644,0.00044176,0.60210461,0.37768724,0.56576658,0.43423342,0.086035,0.23979694,0.00192312,0.09563482,0.02425801,443029,0.22441737000000006,White
123,11,582741,0.00060831,0.57837378,0.40003938,0.70906873,0.29093127,0.05640913,0.09957952,0.00117132,0.1221755,0.01251248,451629,0.17833439999999995,White
124,12,582058,-0.00056445,0.25217163,0.73110015,0.8986708,0.1013292,0.04296381,0.02265595,0.00102852,0.00956307,0.02018093,456966,-0.47892851999999997,White
125,13,581520,-0.00148823,0.48603409,0.49066458,0.73245955,0.26754045,0.14035191,0.0425843,0.0010176,0.06468159,0.01802037,458925,-0.004630490000000043,White
126,14,582187,-0.00034295,0.5499656,0.43248764,0.61507603,0.38492397,0.11372551,0.18299686,0.0008325,0.07632703,0.01817092,437237,0.11747796000000005,White
127,15,583040,0.00112172,0.27044191,0.70924059,0.91799831,0.08200169,0.02799562,0.02250307,0.0010046,0.00745589,0.01838858,457893,-0.43879867999999994,White
128,16,582702,0.00054135,0.35761773,0.62141172,0.85146607,0.14853393,0.04670447,0.06949253,0.00082303,0.00990285,0.01865303,451991,-0.26379399,White
129,17,582320,-0.00011458,0.48795404,0.49055987,0.74675101,0.25324899,0.1045744,0.10326818,0.00084727,0.02512698,0.02051993,453218,-0.002605830000000031,White
130,18,582322,-0.00011114,0.58131797,0.40113391,0.65785947,0.34214053,0.0287374,0.14245104,0.0008977,0.16226994,0.01466902,461176,0.18018405999999998,White
131,19,582578,0.00032843,0.56672494,0.41169949,0.58374202,0.41625798,0.06747156,0.29078593,0.00114864,0.0464309,0.02747027,432686,0.15502544999999995,White
132,20,582978,0.00101526,0.47682717,0.50152312,0.78715644,0.21284356,0.0310804,0.12576886,0.00089784,0.03625079,0.01929459,447742,-0.024695949999999967,White
133,21,582292,-0.00016265,0.46889028,0.50574445,0.80025374,0.19974626,0.10075551,0.04335496,0.00147721,0.03468485,0.01798555,455588,-0.03685417000000002,White
134,22,582234,-0.00026224,0.4721614,0.50601397,0.72579454,0.27420546,0.18985739,0.03795784,0.00149958,0.02124258,0.0219528,454794,-0.033852570000000026,White
135,1,565812,0.00062132,0.54482066,0.44009927,0.58038534,0.41961466,0.22133292,0.16484887,0.00084201,0.01897761,0.02111964,432299,0.10472138999999997,White
136,2,566060,0.0010599,0.49428107,0.48757024,0.74717494,0.25282506,0.11271631,0.0924752,0.00130898,0.0233671,0.02170799,436982,0.006710830000000001,White
137,3,565044,-0.00073686,0.26274068,0.71792048,0.87819682,0.12180318,0.01233852,0.07698429,0.00090467,0.00985424,0.0192443,422255,-0.45517979999999997,White
138,4,564733,-0.00128686,0.36692693,0.61121575,0.80265136,0.19734864,0.08543172,0.05687713,0.00114834,0.03444545,0.01910505,422349,-0.24428881999999996,White
139,5,565919,0.00081055,0.44800143,0.53102905,0.81972313,0.18027687,0.04825676,0.04859531,0.00699024,0.06002222,0.01873357,451916,-0.08302762000000002,White
140,6,565490,5.188e-05,0.39633636,0.58204535,0.83674657,0.16325343,0.06103615,0.04016177,0.0011116,0.03928196,0.01785178,422815,-0.18570899000000002,White
141,7,565246,-0.00037963,0.31384697,0.66575062,0.86643808,0.13356192,0.05456109,0.04361321,0.00089389,0.01160024,0.02065425,443008,-0.35190364999999996,White
142,8,565466,9.43e-06,0.61921228,0.3620858,0.60622781,0.39377219,0.23408502,0.10103797,0.00117243,0.0447848,0.01689782,429878,0.25712647999999994,White
143,9,565074,-0.00068381,0.59851054,0.38261165,0.56475887,0.43524113,0.26472843,0.10007385,0.0015878,0.05326089,0.02159691,423857,0.21589889,White
144,10,565379,-0.00014443,0.28518186,0.69301961,0.8935438,0.1064562,0.02269325,0.03053601,0.00108645,0.02888441,0.01953308,433521,-0.40783775,White
145,11,565826,0.00064608,0.32493674,0.65706838,0.8935114,0.1064886,0.04535155,0.02591779,0.00171885,0.01231804,0.01785224,436920,-0.33213164,White
146,12,565479,3.242e-05,0.29840778,0.68348832,0.89887105,0.10112895,0.03337386,0.0321673,0.00106232,0.01028209,0.02189437,436779,-0.38508054,White
147,1,587454,-0.00020763,0.24402083,0.73596266,0.7825952,0.2174048,0.02594482,0.1489533,0.00207361,0.01382704,0.02980191,444636,-0.49194183,White
148,2,587760,0.00031315,0.29690703,0.68022662,0.83548564,0.16451436,0.04294332,0.05745224,0.00298387,0.01884164,0.04165437,450757,-0.38331959,White
149,3,587489,-0.00014807,0.54768153,0.42821971,0.67706493,0.32293507,0.11814006,0.13651661,0.00232917,0.03295675,0.0403038,447799,0.11946182,White
150,4,587497,-0.00013445,0.41964688,0.55634445,0.69980636,0.30019364,0.09090289,0.12462669,0.00225916,0.04844018,0.04082403,439986,-0.13669757,White
151,5,587680,0.000177,0.53600979,0.44315278,0.78073825,0.21926175,0.05464901,0.07507318,0.00148833,0.06325845,0.02210078,446138,0.09285701000000002,White
152,1,562914,-0.00056016,0.2753401,0.70978467,0.85261035,0.14738965,0.0846444,0.0301883,0.00138306,0.00885202,0.02092504,435268,-0.43444457000000003,White
153,2,563678,0.0007963,0.31935836,0.66290583,0.83819616,0.16180384,0.0736234,0.03771046,0.00298731,0.02528156,0.02128373,429483,-0.34354747,White
154,3,563537,0.00054596,0.35428053,0.62775044,0.84203376,0.15796624,0.06859449,0.04722633,0.00130977,0.01793437,0.02138213,429845,-0.27346991000000004,White
155,4,563161,-0.00012162,0.65179561,0.32994479,0.62271225,0.37728775,0.25327816,0.06620794,0.00161521,0.0420202,0.01756739,445143,0.32185082,White
156,5,562771,-0.00081406,0.22151562,0.76343461,0.91794411,0.08205589,0.02783839,0.02196925,0.00245424,0.00895696,0.02007081,437202,-0.54191899,White
157,6,563325,0.00016956,0.32808033,0.65387596,0.88971334,0.11028666,0.03892622,0.03072298,0.00176735,0.01530071,0.01998326,427758,-0.32579563000000006,White
158,7,563231,2.66e-06,0.21218107,0.77527094,0.94272645,0.05727355,0.02089956,0.01083891,0.0005922,0.00544101,0.01744391,440727,-0.56308987,White
159,8,563219,-1.864e-05,0.50164995,0.47748113,0.7706409,0.2293591,0.11509234,0.06030688,0.00112663,0.03334975,0.01967962,438474,0.024168820000000035,White
160,1,586722,0.00152875,0.61651195,0.36112029,0.69063439,0.30936561,0.08967634,0.18582595,0.00189258,0.02883783,0.01775606,467615,0.25539166,White
161,2,585554,-0.00046501,0.6022249,0.37017195,0.81942912,0.18057088,0.03783897,0.0803989,0.00131499,0.04080661,0.01610914,476810,0.23205294999999992,White
162,3,585057,-0.00131339,0.60616523,0.36805306,0.71936834,0.28063166,0.07077761,0.1047006,0.00113322,0.07855849,0.01275795,461516,0.23811217,White
163,4,586466,0.00109176,0.70679145,0.26807579,0.75729468,0.24270532,0.04198807,0.06656618,0.00106033,0.08964801,0.00939835,456463,0.43871566,White
164,5,586666,0.00143316,0.60878985,0.36840595,0.63335139,0.36664861,0.06233564,0.19724001,0.00166875,0.10373546,0.01183195,457828,0.24038389999999998,White
165,6,585064,-0.00130144,0.63634595,0.34137893,0.77115454,0.22884546,0.05288555,0.12932608,0.00114871,0.03423287,0.01281945,468351,0.29496702,White
166,7,585229,-0.00101978,0.73211916,0.24725557,0.73810958,0.26189042,0.04130897,0.05719277,0.00096524,0.14145931,0.00701509,468276,0.48486359,White
167,8,586604,0.00132733,0.80074058,0.17919262,0.55535519,0.44464481,0.0985256,0.16098741,0.00158215,0.15304247,0.01179075,497424,0.62154796,White
168,9,585777,-8.435e-05,0.8275839,0.15430164,0.45542074,0.54457926,0.25751296,0.17471988,0.00192929,0.12232925,0.01284839,493447,0.67328226,Minority
169,10,585595,-0.00039503,0.55570133,0.42138433,0.82054857,0.17945143,0.0670079,0.04886154,0.00110049,0.03884768,0.01105429,466154,0.13431700000000002,White
170,11,586113,0.00048919,0.63186669,0.34688501,0.67236335,0.32763665,0.15118109,0.04984707,0.00133939,0.0980199,0.00953025,465885,0.28498167999999996,White
171,12,585070,-0.0012912,0.59407003,0.38506099,0.83510003,0.16489997,0.04981259,0.05707981,0.00131417,0.01646437,0.01502209,483954,0.20900904000000003,White
172,1,561205,-0.00034459,0.38970852,0.58514856,0.77008659,0.22991341,0.14411537,0.04368521,0.00131181,0.02204252,0.01910891,445185,-0.19544004000000004,White
173,2,561860,0.00082214,0.58858765,0.38382962,0.60274853,0.39725147,0.27989228,0.04817669,0.00115509,0.05731034,0.01455371,438926,0.20475803000000004,White
174,3,562253,0.00152217,0.56301368,0.40777524,0.650842,0.349158,0.19313835,0.08111733,0.00221181,0.05776762,0.02044785,437650,0.15523843999999998,White
175,4,561139,-0.00046216,0.90961653,0.06823409,0.15147178,0.84852822,0.54446035,0.25303705,0.00172919,0.05553042,0.02778252,433150,0.84138244,Black
176,5,561838,0.00078295,0.65554417,0.32264042,0.44527052,0.55472948,0.43331928,0.06690297,0.00229397,0.04180975,0.02433317,434181,0.33290375,Minority
177,6,561356,-7.562e-05,0.46623703,0.50804081,0.74796613,0.25203387,0.10894901,0.07183606,0.00143527,0.05339068,0.0190485,441032,-0.04180378000000001,White
178,7,560895,-0.00089679,0.86985156,0.10946623,0.30410645,0.69589355,0.56993197,0.06924941,0.0012495,0.05127618,0.01631242,449780,0.76038533,Black
179,8,560985,-0.00073647,0.78873638,0.18651545,0.47366201,0.52633799,0.13415803,0.18523699,0.00184589,0.19649902,0.01618672,433936,0.60222093,Minority
180,9,560938,-0.00082019,0.54347162,0.43094901,0.59780987,0.40219013,0.26831037,0.05934145,0.00148732,0.05697963,0.02086614,435682,0.11252261000000002,White
181,10,562043,0.00114811,0.85468429,0.12467147,0.22560643,0.77439357,0.52883577,0.156917,0.00149082,0.08974807,0.01908382,438015,0.73001282,Black
182,11,560891,-0.00090391,0.69128976,0.28026973,0.51142132,0.48857868,0.20187296,0.09287643,0.00174903,0.18259385,0.01631651,427665,0.41102003,White
183,1,681292,0.00016515,0.59166657,0.37942439,0.90388975,0.09611025,0.02952566,0.01855749,0.00105939,0.02069255,0.01810553,553146,0.21224218,White
184,2,681067,-0.00016515,0.46697628,0.5045038,0.92922385,0.07077615,0.01010524,0.01327075,0.00100909,0.01178765,0.02655587,556939,-0.037527519999999925,White
185,1,593515,0.00123436,0.41754472,0.56681486,0.89923767,0.10076233,0.01574663,0.01643459,0.00111768,0.00922651,0.05103504,484040,-0.14927014000000005,White
186,2,592212,-0.00096375,0.35955007,0.62484276,0.9130022,0.0869978,0.01408602,0.03066424,0.00080197,0.00883849,0.02499784,475081,-0.26529269000000005,White
187,3,593632,0.00143173,0.35913195,0.62273817,0.88093836,0.11906164,0.03708067,0.03652398,0.00097745,0.01342543,0.0248269,463449,-0.26360622,White
188,4,592705,-0.00013208,0.5440452,0.43585801,0.72809932,0.27190068,0.11179198,0.10143335,0.00118895,0.04157788,0.02047902,453342,0.10818718999999999,White
189,5,592526,-0.00043404,0.41079798,0.57119523,0.82773059,0.17226941,0.05646963,0.06832376,0.00097407,0.02092268,0.02171824,453766,-0.16039725000000005,White
190,6,592012,-0.00130114,0.49177897,0.48979126,0.78863774,0.21136226,0.10211143,0.05443656,0.00107666,0.024188,0.02556639,460683,0.001987709999999976,White
191,7,592631,-0.00025691,0.37646297,0.60633565,0.86140615,0.13859385,0.05793204,0.04003353,0.00066586,0.00998791,0.0249687,464061,-0.22987268,White
192,8,592564,-0.00036994,0.65109906,0.33546339,0.70539556,0.29460444,0.14280086,0.04784058,0.00137891,0.08017997,0.02032109,477189,0.31563567,White
193,9,592676,-0.000181,0.53426199,0.44813783,0.79270949,0.20729051,0.08476975,0.05429948,0.0011922,0.04318287,0.02227573,470557,0.08612415999999995,White
194,10,593265,0.00081262,0.52621493,0.45936415,0.71990045,0.28009955,0.1927436,0.04675864,0.00082021,0.01469242,0.02352432,462075,0.06685077999999994,White
195,11,592393,-0.00065841,0.33103303,0.65515654,0.89818693,0.10181307,0.03042527,0.02995537,0.00062653,0.01330515,0.01999528,466060,-0.32412351,White
196,12,593079,0.00049884,0.50689884,0.47947324,0.73904276,0.26095724,0.15897605,0.02313276,0.00089691,0.05666718,0.01769878,476078,0.02742559999999994,White
197,13,593086,0.00051065,0.46407742,0.52163719,0.78621731,0.21378269,0.09449224,0.05163792,0.00079558,0.04271494,0.01913048,466324,-0.057559769999999955,White
198,14,593269,0.00081936,0.6120917,0.37580906,0.69230415,0.30769585,0.17199324,0.02887383,0.00076827,0.08977201,0.01330545,477699,0.23628264000000004,White
199,15,592365,-0.00070564,0.56098885,0.42547796,0.71592313,0.28407687,0.11350488,0.03299096,0.00079092,0.11606473,0.01668364,470341,0.13551089,White
200,16,592413,-0.00062467,0.78064845,0.20808676,0.4150393,0.5849607,0.519087,0.03557744,0.00090089,0.01749407,0.0162861,442893,0.57256169,Black
201,17,592984,0.00033858,0.78991961,0.19913208,0.33742311,0.66257689,0.51735623,0.09633849,0.00114422,0.03934256,0.01940518,450962,0.5907875300000001,Black
202,1,571018,0.00064646,0.45111566,0.52522148,0.85866062,0.14133938,0.03544872,0.05109945,0.00155095,0.03435326,0.01392213,439085,-0.07410582000000004,White
203,2,570533,-0.00020345,0.53867532,0.43676939,0.77725103,0.22274897,0.06868099,0.06567564,0.00149917,0.06571072,0.0182496,427571,0.10190592999999998,White
204,3,570150,-0.00087462,0.65315885,0.32400182,0.77413754,0.22586246,0.07743285,0.05195269,0.00124326,0.07719752,0.01541197,450429,0.32915702999999996,White
205,4,571380,0.00128082,0.71014172,0.2661781,0.64514356,0.35485644,0.12476753,0.06868934,0.00165615,0.14148963,0.02184891,441990,0.44396362,White
206,5,570472,-0.00031035,0.82462613,0.15246668,0.60066322,0.39933678,0.1990317,0.08566565,0.00162488,0.09134943,0.02894504,452340,0.67215945,White
207,6,571324,0.00118269,0.38683772,0.58907061,0.87804976,0.12195024,0.03985539,0.02905949,0.00111731,0.02952919,0.01531495,421549,-0.20223289000000005,White
208,7,570118,-0.00093069,0.33818784,0.64115899,0.90968676,0.09031324,0.01719881,0.02408979,0.001113,0.01025746,0.03270981,436658,-0.30297114999999997,White
209,8,570157,-0.00086235,0.45285985,0.52417294,0.89024029,0.10975971,0.01794579,0.01554709,0.001097,0.01211369,0.05542835,449409,-0.07131309000000002,White
210,9,571167,0.00090756,0.54315321,0.43214488,0.78930709,0.21069291,0.07318027,0.044693,0.00128878,0.06892985,0.01921364,432193,0.11100833000000004,White
211,10,570172,-0.00083607,0.35053874,0.62771542,0.88069145,0.11930855,0.02237749,0.06090826,0.00167883,0.01726564,0.01550002,437806,-0.27717668,White
212,1,591933,-0.00054503,0.29508688,0.69004168,0.71010054,0.28989946,0.2241756,0.03391144,0.00088484,0.0137512,0.01650891,455451,-0.3949548,White
213,2,591786,-0.00079324,0.55945339,0.42845422,0.42247977,0.57752023,0.53418762,0.02111305,0.00068445,0.01277717,0.01216707,457300,0.13099917000000005,Black
214,3,592094,-0.00027319,0.31540478,0.67277184,0.64872799,0.35127201,0.29010884,0.02828908,0.00086804,0.01080816,0.02243985,449290,-0.35736706,White
215,4,592484,0.00038531,0.30407871,0.68057969,0.68676312,0.31323688,0.21511377,0.04746697,0.00181267,0.02512313,0.02404912,456233,-0.37650098,White
216,5,592982,0.00122616,0.5590646,0.42775488,0.42245469,0.57754531,0.54037991,0.01996625,0.00061177,0.00934632,0.01076362,459325,0.13130972000000002,Black
217,1,542200,0.00016141,0.47658545,0.49675185,0.88142474,0.11857526,0.00978689,0.03817188,0.00225585,0.01613696,0.04355318,433539,-0.020166399999999973,White
218,2,542025,-0.00016141,0.32750688,0.64875872,0.82917491,0.17082509,0.00767912,0.03206796,0.00237647,0.01094377,0.1134273,416584,-0.32125184,White
219,1,580145,0.00030864,0.56401898,0.42614284,0.46356552,0.53643448,0.45106865,0.05831435,0.00123595,0.01210014,0.02196597,458755,0.13787613999999992,Minority
220,2,579697,-0.00046382,0.6250431,0.3562971,0.55138464,0.44861536,0.27655397,0.11802266,0.00141945,0.04269223,0.01999243,441017,0.268746,White
221,3,579824,-0.00024484,0.36349754,0.61996068,0.70497166,0.29502834,0.17500418,0.07246676,0.00389487,0.02431416,0.0243663,460349,-0.25646314000000003,White
222,4,579814,-0.00026208,0.71820063,0.26736145,0.5384141,0.4615859,0.27939819,0.10580805,0.00113858,0.0626089,0.02062165,463736,0.45083918,White
223,5,580145,0.00030864,0.2776283,0.70986886,0.79430764,0.20569236,0.10049775,0.06892446,0.00083105,0.01451376,0.02176296,456050,-0.43224056000000005,White
224,6,580338,0.00064142,0.56784773,0.41802861,0.58085206,0.41914794,0.28155093,0.08862381,0.00113407,0.03432906,0.0219004,455882,0.14981911999999997,White
225,7,580350,0.00066211,0.41780633,0.56848212,0.74189044,0.25810956,0.15196944,0.06537602,0.00150277,0.01384381,0.02654194,470463,-0.15067578999999998,White
226,8,580460,0.00085177,0.52177007,0.46356679,0.40742944,0.59257056,0.36000509,0.09389522,0.00503529,0.02941036,0.12452241,440491,0.05820327999999997,Minority
227,9,580404,0.00075522,0.38376483,0.60226524,0.67842522,0.32157478,0.17268868,0.09375007,0.00117325,0.03572339,0.02178899,435541,-0.21850041000000003,White
228,10,579251,-0.00123283,0.32146903,0.66588173,0.74812872,0.25187128,0.13818345,0.06832582,0.00100579,0.02262488,0.02337978,454367,-0.34441269999999996,White
229,11,579827,-0.00023967,0.47684019,0.5068279,0.84307227,0.15692773,0.04153357,0.05934689,0.00199282,0.01408652,0.03822763,475206,-0.02998771,White
230,12,580460,0.00085177,0.71652464,0.26717138,0.36297048,0.63702952,0.42318586,0.1420279,0.00152232,0.06605397,0.01967051,442744,0.44935326000000003,Black
231,13,580232,0.00045865,0.30328114,0.68313693,0.73954327,0.26045673,0.12488526,0.09467592,0.00157394,0.01775887,0.02582783,446650,-0.37985578999999997,White
232,14,579999,5.69e-05,0.6057724,0.37404453,0.65527946,0.34472054,0.11588884,0.07693491,0.00148204,0.13576629,0.01632282,441958,0.23172787,White
233,15,579563,-0.00069487,0.40490894,0.58252004,0.60499669,0.39500331,0.25224565,0.11297669,0.00153113,0.0139185,0.02190985,440852,-0.17761110000000002,White
234,16,579979,2.242e-05,0.57203339,0.41263773,0.54577202,0.45422798,0.28556098,0.10943067,0.00147004,0.04580638,0.02203735,451007,0.15939566,White
235,17,579713,-0.00043623,0.60655905,0.37554627,0.60545433,0.39454567,0.18839266,0.11840459,0.00127114,0.07389926,0.01790036,449991,0.23101277999999997,White
236,18,579187,-0.00134318,0.29596376,0.69156298,0.85538252,0.14461748,0.04872139,0.05837588,0.0017424,0.01340311,0.02350226,470040,-0.39559922000000003,White
237,1,779094,0,0.31777451,0.65120268,0.84408473,0.15591527,0.03597425,0.03624099,0.0022832,0.02213077,0.05876768,596093,-0.33342817,White
238,1,653675,-0.0002442,0.53944961,0.43972894,0.69935425,0.30064575,0.1109204,0.11727746,0.00219831,0.0512953,0.02429626,487647,0.09972067000000001,White
239,2,653849,2.192e-05,0.428618,0.54792517,0.83986354,0.16013646,0.03412392,0.06844423,0.00143136,0.03462196,0.02035895,493935,-0.11930716999999996,White
240,3,653980,0.00022228,0.21778503,0.76264326,0.83587742,0.16412258,0.01558402,0.1097979,0.00171471,0.01057336,0.02782355,494545,-0.54485823,White
241,1,688457,-0.00044645,0.53252151,0.45197012,0.85981788,0.14018212,0.02531041,0.05144487,0.00117055,0.04132825,0.01445412,557004,0.08055139000000006,White
242,2,689072,0.00044645,0.52488526,0.45772294,0.9168902,0.0831098,0.0136142,0.019772,0.0009988,0.01916349,0.0199636,563676,0.06716232,White
243,1,579905,-0.00048863,0.64905504,0.33808257,0.59263791,0.40736209,0.19335205,0.14596944,0.00175203,0.0654492,0.01647888,450334,0.31097247,White
244,2,580748,0.00096434,0.48145125,0.50468035,0.70504112,0.29495888,0.13151103,0.12551327,0.00128059,0.02575053,0.02051765,461505,-0.023229100000000003,White
245,3,580838,0.00111946,0.5773712,0.40905518,0.65481352,0.34518648,0.17057529,0.08979702,0.0015078,0.07439116,0.01500679,463590,0.16831601999999996,White
246,4,580438,0.00043003,0.38169156,0.60626599,0.79633725,0.20366275,0.03888396,0.10099314,0.00088657,0.05048242,0.01099956,424108,-0.22457443000000005,White
247,5,579264,-0.00159345,0.51307983,0.4743326,0.73694883,0.26305117,0.02882539,0.10554517,0.00122367,0.1214858,0.00811531,455189,0.03874723000000002,White
248,6,580650,0.00079543,0.53797381,0.44890202,0.58050499,0.41949501,0.10893404,0.20871655,0.00138185,0.09477437,0.01391632,460251,0.08907178999999998,White
249,7,579833,-0.00061273,0.43710211,0.54496354,0.80949038,0.19050962,0.0362534,0.0906013,0.0008094,0.04849316,0.0115098,465777,-0.10786143000000004,White
250,8,580128,-0.00010428,0.70409667,0.28514542,0.28454535,0.71545465,0.10621408,0.50994265,0.00214045,0.1119096,0.02417711,458781,0.41895125,Hispanic
251,9,579969,-0.00037833,0.67367627,0.31700842,0.23483284,0.76516716,0.16462361,0.53537639,0.00224926,0.07406186,0.02385718,439700,0.35666784999999995,Hispanic
252,10,579873,-0.00054379,0.88660971,0.10642405,0.11717997,0.88282003,0.5686011,0.19944548,0.00225247,0.12067588,0.0151668,447952,0.78018566,Black
253,11,579872,-0.00054551,0.64160002,0.34634656,0.5977647,0.4022353,0.11819242,0.14561484,0.00116799,0.13339177,0.01116768,452914,0.29525346,White
254,12,580336,0.00025423,0.60915853,0.37807833,0.45675244,0.54324756,0.09618392,0.1553364,0.00140354,0.28772059,0.01133356,455991,0.23108019999999996,Minority
255,13,579709,-0.00082646,0.43718245,0.54962458,0.72803059,0.27196941,0.09119062,0.11943677,0.00154309,0.05242687,0.01478016,471781,-0.11244213000000003,White
256,14,579896,-0.00050415,0.64041746,0.34743441,0.51156157,0.48843843,0.19194589,0.20163432,0.00126662,0.08969121,0.01257911,447647,0.29298304999999997,White
257,15,580802,0.00105741,0.60793682,0.38184238,0.45020942,0.54979058,0.10281137,0.25771541,0.00127536,0.19575208,0.01295511,466534,0.22609444000000006,Minority
258,16,580755,0.00097641,0.67337271,0.31239319,0.44714059,0.55285941,0.18339009,0.17255953,0.00160695,0.19451243,0.01401179,459256,0.36097952,Minority
259,1,529175,-0.00038819,0.63869529,0.3375235,0.35573194,0.64426806,0.04329189,0.51341379,0.00293816,0.035514,0.07735131,413865,0.30117179000000005,Hispanic
260,2,529660,0.00052798,0.37332602,0.60654629,0.42039572,0.57960428,0.03344416,0.50021957,0.00254194,0.01794161,0.04149907,398515,-0.23322027000000006,Hispanic
261,3,529494,0.0002144,0.55164896,0.42557225,0.3680826,0.6319174,0.01624596,0.31458425,0.00238271,0.01895032,0.29808839,404162,0.12607670999999998,Minority
262,4,529193,-0.00035419,0.57238233,0.40605175,0.4747057,0.5252943,0.02038362,0.44453387,0.00239557,0.02773129,0.04604128,422447,0.16633058000000006,Minority
263,1,621250,0.00052857,0.66732572,0.31068382,0.23677122,0.76322878,0.17762573,0.50009463,0.01274241,0.075068,0.03363645,454388,0.3566419,Hispanic
264,2,620511,-0.0006616,0.47332199,0.49827193,0.65897577,0.34102423,0.02958353,0.20216664,0.00968015,0.06793533,0.03957372,493484,-0.02494993999999995,White
265,3,620890,-5.121e-05,0.54051293,0.43972858,0.44621646,0.55378354,0.12472549,0.20759484,0.02277922,0.20086986,0.02541615,489964,0.10078435000000002,Minority
266,4,621072,0.0002419,0.54809105,0.43170318,0.46192574,0.53807426,0.15410917,0.21672615,0.0161739,0.15047671,0.02437974,487823,0.11638787,Minority
267,5,620891,-4.96e-05,0.35956304,0.61814533,0.67444178,0.32555822,0.06404165,0.15370119,0.01066917,0.06944493,0.03879697,487667,-0.25858229000000005,White
268,1,576761,-0.00071981,0.47787012,0.50767439,0.74362129,0.25637871,0.05767195,0.13710829,0.00091669,0.05204516,0.01356785,465807,-0.02980427000000002,White
269,2,576945,-0.00040102,0.47819098,0.50790495,0.59883721,0.40116279,0.09640423,0.26163233,0.00107617,0.04108218,0.0188495,452532,-0.029713970000000034,White
270,3,577118,-0.00010128,0.46717368,0.51927502,0.68255827,0.31744173,0.07596193,0.14436728,0.00105339,0.09236137,0.01058618,459467,-0.05210134000000005,White
271,4,577495,0.0005519,0.55611567,0.43028546,0.65307486,0.34692514,0.05151205,0.13126321,0.00091633,0.1573049,0.0093852,455078,0.12583020999999994,White
272,5,577638,0.00079966,0.61605442,0.37112128,0.45485936,0.54514064,0.23975643,0.22966981,0.00147952,0.07736075,0.01466566,455554,0.24493314,Minority
273,6,577122,-9.435e-05,0.79141898,0.2009709,0.15346648,0.84653352,0.57282239,0.15918548,0.00412818,0.09894622,0.02439401,453226,0.59044808,Black
274,7,576607,-0.00098663,0.63639684,0.35308459,0.2482675,0.7517325,0.08017419,0.14381195,0.00246162,0.52047101,0.01079827,474891,0.28331225,Asian
275,8,577053,-0.0002139,0.66838566,0.31931498,0.34136337,0.65863663,0.05764366,0.25304845,0.00220497,0.34747188,0.01770096,473929,0.34907067999999997,Asian
276,9,576900,-0.00047898,0.80535688,0.18223472,0.30359938,0.69640062,0.1424056,0.39869264,0.00398938,0.16087643,0.03047517,469497,0.6231221600000001,Hispanic
277,10,577234,9.97e-05,0.7274698,0.26472632,0.27663825,0.72336175,0.50222376,0.14806395,0.00209243,0.09902199,0.01256784,453061,0.46274348000000004,Black
278,11,577273,0.00016727,0.74794336,0.24296673,0.30408306,0.69591694,0.50172672,0.11021709,0.00160569,0.0977225,0.01241686,450275,0.5049766299999999,Black
279,12,577176,-7.9e-07,0.91423252,0.07375734,0.38954255,0.61045745,0.38522912,0.15213576,0.00236409,0.09010618,0.01524108,458104,0.84047518,Minority
280,13,577358,0.00031454,0.58120394,0.40685309,0.40392282,0.59607718,0.03449308,0.19696201,0.00155501,0.36174591,0.01869749,427651,0.17435085,Minority
281,14,577089,-0.00015153,0.44626612,0.54162574,0.59247125,0.40752875,0.10341479,0.17500203,0.00165235,0.13365809,0.01477668,455109,-0.09535961999999998,White
282,15,576708,-0.00081164,0.78330668,0.20500044,0.23802219,0.76197781,0.13392524,0.47521093,0.00258175,0.16911843,0.0341862,466738,0.5783062400000001,Hispanic
283,16,577114,-0.00010821,0.85846839,0.1265138,0.55548321,0.44451679,0.07797094,0.13941014,0.00477139,0.22808999,0.00992566,514525,0.73195459,White
284,17,577375,0.00034399,0.84793112,0.13739476,0.6814266,0.3185734,0.06060413,0.10285636,0.00179432,0.14740133,0.00868052,501583,0.7105363600000001,White
285,18,577675,0.00086376,0.87950059,0.10966616,0.16824284,0.83175716,0.34744541,0.51094914,0.00340174,0.05262834,0.02838383,471818,0.7698344300000001,Hispanic
286,19,577001,-0.00030399,0.79409599,0.19725757,0.12623245,0.87376755,0.31779532,0.54208353,0.00362531,0.08354545,0.03153429,440790,0.59683842,Hispanic
287,20,577211,5.985e-05,0.84059668,0.15052241,0.10104249,0.89895751,0.37591703,0.58034045,0.00409516,0.03772905,0.02903549,433194,0.69007427,Hispanic
288,21,577298,0.00021058,0.75471383,0.23657943,0.25469642,0.74530358,0.42874992,0.29136431,0.0021441,0.05267704,0.01918674,453803,0.5181344,Black
289,22,577715,0.00093306,0.67058313,0.31745893,0.63701361,0.36298639,0.07747134,0.19906131,0.00109291,0.08095568,0.01307244,447430,0.35312420000000005,White
290,23,577981,0.00139393,0.48057913,0.50667422,0.63735852,0.36264148,0.11386416,0.17470593,0.00142083,0.06078619,0.01463112,413844,-0.026095089999999932,White
291,24,576686,-0.00084975,0.53104855,0.45214113,0.63588187,0.36411813,0.13544442,0.18601245,0.00129712,0.03817794,0.01995517,459480,0.07890741999999995,White
292,25,576315,-0.00149254,0.51302428,0.46611977,0.81916746,0.18083254,0.0581495,0.07402353,0.00121601,0.02442861,0.02057863,470391,0.04690451000000001,White
293,26,577856,0.00117736,0.60529547,0.37128395,0.70661523,0.29338477,0.13235411,0.06908391,0.00191062,0.07062404,0.01918375,464247,0.23401151999999997,White
294,27,577398,0.00038384,0.5015121,0.47760253,0.88049216,0.11950784,0.03179201,0.029438,0.00106767,0.02211226,0.02841535,466438,0.02390956999999999,White
295,28,576969,-0.00035943,0.34738896,0.63176147,0.89049959,0.10950041,0.0338189,0.0322983,0.00147432,0.01210305,0.02107455,453770,-0.28437251,White
296,29,577859,0.00118255,0.52288025,0.45415319,0.8073774,0.1926226,0.05974176,0.04840523,0.00129334,0.06138569,0.01851298,467780,0.06872706000000006,White
297,30,577236,0.00010316,0.5696504,0.40768136,0.78391232,0.21608768,0.10871316,0.04485438,0.00135388,0.04057507,0.02145314,459420,0.16196904,White
298,31,576769,-0.00070595,0.37351807,0.60374704,0.88490433,0.11509567,0.03448193,0.03374845,0.00102115,0.01268422,0.02668825,455369,-0.23022897000000003,White
299,32,577587,0.0007113,0.4104589,0.56399544,0.87124072,0.12875928,0.04774977,0.04150831,0.00091939,0.01637197,0.01731725,463353,-0.15353654,White
300,33,577197,3.559e-05,0.64746432,0.3272779,0.65812087,0.34187913,0.18655788,0.09228718,0.00134417,0.05694603,0.01491678,458276,0.32018641999999997,White
301,34,577004,-0.00029879,0.44609071,0.53488561,0.89509765,0.10490235,0.04221328,0.02465276,0.00064377,0.0162902,0.01706962,464451,-0.08879490000000001,White
302,35,576453,-0.00125344,0.66810226,0.31432266,0.62831634,0.37168366,0.22043018,0.07131359,0.00118765,0.07285775,0.01455799,457206,0.35377959999999997,White
303,1,590211,0.00040544,0.67139323,0.31327821,0.58819482,0.41180518,0.3171233,0.04145506,0.00146713,0.03797606,0.01618833,460764,0.35811501999999995,White
304,2,589690,-0.00047765,0.31947822,0.66541567,0.87927966,0.12072034,0.02991421,0.02198678,0.00123929,0.04262747,0.02004218,449452,-0.34593745000000004,White
305,3,589934,-6.407e-05,0.70826344,0.27645878,0.47946755,0.52053245,0.39713002,0.06043671,0.00142935,0.04868807,0.02139277,442860,0.43180465999999995,Minority
306,4,590483,0.00086648,0.26522205,0.7187958,0.92218934,0.07781066,0.02714926,0.0206678,0.00083917,0.00658084,0.01856326,452830,-0.45357375,White
307,5,590111,0.00023594,0.23528369,0.74942553,0.90282977,0.09717023,0.03315233,0.03428574,0.00153631,0.0088725,0.01652746,451733,-0.51414184,White
308,6,589833,-0.00023527,0.29742527,0.68856408,0.91937377,0.08062623,0.03191949,0.01532509,0.00069929,0.00784902,0.02007179,471906,-0.39113881,White
309,7,590348,0.00063766,0.55470589,0.43483724,0.81614903,0.18385097,0.08220452,0.03492994,0.00083152,0.05162534,0.01166641,476239,0.11986865000000002,White
310,8,589794,-0.00030137,0.35614328,0.62915123,0.80702734,0.19297266,0.09213976,0.03985955,0.00150513,0.03786448,0.02043847,453116,-0.27300794999999994,White
311,9,589957,-2.509e-05,0.53385553,0.44903037,0.74499745,0.25500255,0.15347108,0.05917198,0.0008065,0.02207102,0.01975588,460015,0.08482515999999996,White
312,10,590393,0.00071393,0.50319335,0.48031052,0.70813481,0.29186519,0.20357832,0.03324454,0.00160475,0.03309787,0.021677,463625,0.022882829999999965,White
313,11,589771,-0.00034036,0.81119313,0.17818517,0.34112406,0.65887594,0.54410951,0.08164593,0.00144171,0.02898989,0.01645326,462644,0.63300796,Black
314,12,589917,-9.289e-05,0.46606095,0.51844092,0.81169729,0.18830271,0.07058306,0.028827,0.00109415,0.06640046,0.01756511,443265,-0.05237997,White
315,13,589925,-7.933e-05,0.54539425,0.44065487,0.76906298,0.23093702,0.14406537,0.02066603,0.00090693,0.04370451,0.018455,470821,0.10473937999999999,White
316,14,589172,-0.00135566,0.38623373,0.60011432,0.89780084,0.10219916,0.03752242,0.02636861,0.00074088,0.01271458,0.01760825,468360,-0.21388058999999998,White
317,15,590319,0.0005885,0.61186434,0.37173513,0.75740348,0.24259652,0.09188562,0.05946004,0.00133766,0.073448,0.0172384,469475,0.24012920999999998,White
318,16,590570,0.00101395,0.26566302,0.72162106,0.9244281,0.0755719,0.03139789,0.01022221,0.00067886,0.00604863,0.02283463,458120,-0.45595804,White
319,17,589248,-0.00122684,0.30772745,0.6753638,0.87379185,0.12620815,0.05726493,0.02123124,0.00116387,0.02203428,0.020536,454519,-0.36763634999999995,White
320,18,590576,0.00102412,0.48899036,0.49651865,0.82669629,0.17330371,0.0707285,0.06756175,0.0008466,0.01620484,0.0184333,468934,-0.007528289999999993,White
321,19,589823,-0.00025222,0.33994568,0.64544116,0.90320293,0.09679707,0.04035803,0.01844758,0.00090487,0.01241802,0.01855417,459735,-0.30549548,White
322,20,589373,-0.00101496,0.46659051,0.52032096,0.80216733,0.19783267,0.13139109,0.03374195,0.00085687,0.01069809,0.01906004,469149,-0.05373045000000004,White
323,1,565193,-0.00075593,0.44926656,0.52363299,0.5817298,0.4182702,0.13551075,0.13458315,0.00255031,0.04260909,0.11745396,430143,-0.07436642999999998,White
324,2,565155,-0.00082312,0.23709912,0.74197818,0.65485839,0.34514161,0.02929866,0.0469239,0.00151817,0.0163907,0.25571815,430122,-0.50487906,White
325,3,565784,0.00028894,0.22558476,0.75583872,0.690627,0.309373,0.0548482,0.04429264,0.00199637,0.01071749,0.20455765,432284,-0.53025396,White
326,4,565695,0.00013159,0.21330553,0.76489041,0.72666693,0.27333307,0.04303041,0.10547683,0.00593132,0.01580223,0.10961743,432787,-0.55158488,White
327,5,565544,-0.00013538,0.24425551,0.7337142,0.70453675,0.29546325,0.07022342,0.08040873,0.00346324,0.0249076,0.12334915,425613,-0.48945869,White
328,6,565818,0.00034905,0.36523268,0.60839263,0.71991198,0.28008802,0.0669065,0.0730304,0.00232615,0.05005297,0.09102022,429465,-0.24315995,White
329,7,566164,0.00096077,0.56350997,0.40879828,0.48777552,0.51222448,0.20233846,0.20257551,0.00310957,0.04273457,0.08185989,430284,0.15471169,Minority
330,1,604934,-0.00064145,0.62121731,0.34375248,0.67257741,0.32742259,0.02777448,0.1422389,0.0093118,0.12013026,0.03304651,472304,0.27746483,White
331,2,604682,-0.00105776,0.30377103,0.66798804,0.79357667,0.20642333,0.01050495,0.11321862,0.00520635,0.01655631,0.05711045,476918,-0.36421701,White
332,3,605842,0.00085857,0.85141738,0.12076815,0.7055918,0.2944082,0.06668895,0.09210209,0.00868007,0.09792375,0.03250476,505526,0.73064923,White
333,4,605179,-0.00023671,0.57796803,0.38956797,0.80249109,0.19750891,0.01663393,0.08419977,0.00640874,0.04200087,0.04467318,499942,0.18840005999999998,White
334,5,605185,-0.0002268,0.54815286,0.41994348,0.73964859,0.26035141,0.03289814,0.11495486,0.00867068,0.07140647,0.03497096,471820,0.12820937999999998,White
335,6,605672,0.00057773,0.54077827,0.42404731,0.70468145,0.29531855,0.01902423,0.18108284,0.01150528,0.04808951,0.04209929,465091,0.11673096,White
336,7,605762,0.00072641,0.4785885,0.48901293,0.82564696,0.17435304,0.01237447,0.08580506,0.00543575,0.02628739,0.03974525,479051,-0.01042443000000004,White
337,1,565376,7.291e-05,0.51889335,0.47054744,0.84850377,0.15149623,0.0405209,0.04653116,0.00085988,0.04845089,0.01063404,450064,0.04834591000000005,White
338,2,565789,0.00080345,0.6085904,0.38318655,0.55737616,0.44262384,0.13543057,0.19955204,0.00184362,0.10507952,0.0131597,444235,0.22540384999999996,White
339,3,565534,0.00035239,0.88541144,0.10805978,0.28429247,0.71570753,0.51303953,0.12942496,0.00230122,0.07673271,0.01484223,449326,0.7773516600000001,Black
340,4,565690,0.00062833,0.88299846,0.11147024,0.33583164,0.66416836,0.50401833,0.05668735,0.00140979,0.10275561,0.01322545,459644,0.77152822,Black
341,5,564784,-0.00097426,0.61021532,0.37951992,0.76872716,0.23127284,0.09458515,0.04068075,0.00075455,0.08378412,0.00961659,446624,0.2306954,White
342,6,564782,-0.0009778,0.62320835,0.36760585,0.67597786,0.32402214,0.20584113,0.03960493,0.00100631,0.06833355,0.0107173,440223,0.25560249999999995,White
343,7,565127,-0.00036754,0.56860655,0.4198993,0.79246561,0.20753439,0.06208155,0.06729354,0.0008515,0.06270415,0.01180195,436877,0.14870725000000007,White
344,8,565364,5.168e-05,0.60237459,0.38603424,0.65915705,0.34084295,0.10708013,0.17781279,0.00187073,0.05585157,0.01670372,436729,0.21634035000000007,White
345,9,565644,0.00054696,0.55493196,0.43342029,0.66158631,0.33841369,0.0919921,0.20416115,0.00137881,0.04488334,0.01422155,445310,0.12151167000000002,White
346,10,565663,0.00058057,0.52173573,0.46757753,0.7754556,0.2245444,0.09016803,0.09837032,0.0012387,0.02766734,0.01426161,454507,0.054158199999999934,White
347,11,565958,0.00110239,0.3278817,0.65841609,0.88855494,0.11144506,0.02660915,0.06018985,0.0009406,0.01193572,0.01157276,451837,-0.33053439,White
348,12,565452,0.00020734,0.48728383,0.49827659,0.74728194,0.25271806,0.11690466,0.06521106,0.00132036,0.05915847,0.01421014,446090,-0.010992760000000046,White
349,13,565176,-0.00028086,0.40857919,0.57651961,0.82364729,0.17635271,0.04818446,0.09315033,0.00102608,0.028353,0.01193798,434663,-0.16794041999999998,White
350,14,564538,-0.0014094,0.36305234,0.62187117,0.83133057,0.16866943,0.06277394,0.07441152,0.00098127,0.0171056,0.01633864,443305,-0.25881883000000006,White
351,15,565966,0.00111654,0.30735437,0.68026091,0.88468666,0.11531334,0.02345088,0.06293312,0.00091564,0.01088226,0.01558122,455420,-0.37290654,White
352,16,565040,-0.00052143,0.37387073,0.61158877,0.87589059,0.12410941,0.04060271,0.03228083,0.00130543,0.03429635,0.01288332,461915,-0.23771804000000002,White
353,17,565196,-0.00024549,0.22973276,0.75931324,0.93353061,0.06646939,0.02352199,0.01619747,0.00071312,0.00707348,0.01359379,450132,-0.52958048,White
354,18,565340,9.23e-06,0.28399451,0.70283854,0.93558105,0.06441895,0.01882948,0.01231167,0.00069095,0.0101574,0.01390701,454447,-0.41884403000000003,White
355,19,566141,0.00142609,0.35730612,0.63121593,0.92295784,0.07704216,0.03422123,0.0124557,0.00061055,0.01056558,0.01198371,461877,-0.27390981,White
356,20,565257,-0.00013759,0.37385074,0.61519501,0.89901322,0.10098678,0.05156456,0.01530454,0.0010034,0.00973667,0.01512528,457446,-0.24134426999999997,White
357,21,564635,-0.00123782,0.41669903,0.57017866,0.87587646,0.12412354,0.06062348,0.02331228,0.0007258,0.01656919,0.0150288,450535,-0.15347962999999992,White
358,22,565441,0.00018788,0.57994707,0.40876283,0.77290648,0.22709352,0.14682381,0.0214494,0.00083543,0.04414209,0.01233198,456050,0.17118424,White
359,23,564807,-0.00093358,0.65202628,0.33612919,0.75375301,0.24624699,0.13851406,0.02769724,0.00092646,0.0652531,0.01102314,466292,0.31589708999999994,White
360,1,548989,0.00054585,0.68668875,0.29395445,0.58764487,0.41235513,0.1272998,0.23045071,0.00251955,0.04703457,0.02263716,438571,0.3927343,White
361,2,548390,-0.00054585,0.52478934,0.45475251,0.85677348,0.14322652,0.03237251,0.05549604,0.00122488,0.03634112,0.0149636,449023,0.07003683,White
362,1,568179,-0.00094052,0.49498664,0.48911065,0.71919154,0.28080846,0.18148362,0.06335809,0.00139989,0.01978758,0.01500969,460036,0.005875989999999998,White
363,2,569104,0.00068595,0.35708439,0.62725756,0.6967254,0.3032746,0.20320039,0.05916029,0.00137147,0.02015244,0.02240138,443321,-0.27017317,White
364,3,567914,-0.00140649,0.26524317,0.71917558,0.80392501,0.19607499,0.10918223,0.04507588,0.00109151,0.01699164,0.02230056,450751,-0.45393241000000006,White
365,4,568431,-0.00049742,0.4549708,0.52594202,0.61590952,0.38409048,0.2318787,0.10085424,0.00145929,0.03501619,0.01915668,435827,-0.07097122,White
366,5,568543,-0.00030048,0.32177839,0.66467642,0.74473525,0.25526475,0.16024881,0.04964764,0.00094637,0.02232467,0.02275651,435348,-0.34289803,White
367,6,569550,0.00147018,0.54980584,0.43566842,0.4861768,0.5138232,0.40977095,0.06305564,0.00209384,0.02310709,0.02087261,440817,0.11413741999999999,Minority
368,7,568955,0.00042396,0.36024388,0.62812538,0.74816237,0.25183763,0.15556824,0.05354303,0.00159254,0.01865085,0.02048086,459014,-0.26788149999999994,White
369,8,569036,0.00056639,0.55499271,0.43428804,0.46757971,0.53242029,0.46010523,0.03970734,0.00147006,0.01858685,0.0190859,442840,0.12070466999999996,Minority
370,9,568713,-1.56e-06,0.55992228,0.42532829,0.54743721,0.45256279,0.37010029,0.04458171,0.00167747,0.02503438,0.01686651,446506,0.13459399,White
371,1,443458,0.00028083,0.38682682,0.58737486,0.86570901,0.13429099,0.0326854,0.03808716,0.00132654,0.02129331,0.03897749,334706,-0.20054804000000004,White
372,2,443209,-0.00028083,0.32580769,0.6474913,0.79606575,0.20393425,0.01200422,0.03319992,0.00176058,0.01577945,0.14219741,334549,-0.32168361,White
373,1,575764,-0.00024194,0.22153616,0.76312344,0.91201712,0.08798288,0.02664473,0.02341279,0.00079562,0.00991517,0.02352891,465045,-0.54158728,White
374,2,575841,-0.00010824,0.39974303,0.58040414,0.81650983,0.18349017,0.08157193,0.04554149,0.00128688,0.02788532,0.02578371,455365,-0.18066110999999996,White
375,3,575528,-0.00065173,0.21433188,0.76826507,0.88485693,0.11514307,0.02429604,0.04938861,0.00119478,0.01045323,0.02789132,456988,-0.55393319,White
376,4,576458,0.00096312,0.3608696,0.61972366,0.76960007,0.23039993,0.12741307,0.05385322,0.00119308,0.02130179,0.02710019,455126,-0.25885406,White
377,5,575004,-0.0015616,0.24416326,0.74161685,0.86487326,0.13512674,0.05117365,0.04452931,0.00110329,0.01238191,0.02446901,447750,-0.49745359,White
378,6,576358,0.00078948,0.33752236,0.64325507,0.81336131,0.18663869,0.07038467,0.05076117,0.0011849,0.0416051,0.01984128,427039,-0.30573271,White
379,7,576106,0.00035191,0.57913557,0.39256051,0.5919879,0.4080121,0.19991546,0.14044426,0.00164384,0.05107755,0.02207889,447124,0.18657506000000007,White
380,8,576248,0.00059848,0.23471103,0.74939864,0.85597418,0.14402582,0.0593281,0.04649052,0.00097241,0.00909738,0.02620375,448371,-0.51468761,White
381,9,576016,0.00019563,0.56967968,0.40132846,0.61016438,0.38983562,0.2533063,0.07894731,0.00343886,0.03642084,0.02322006,450731,0.16835122000000002,White
382,10,576035,0.00022863,0.2186342,0.76594616,0.85143841,0.14856159,0.09034354,0.02570084,0.00098483,0.00738515,0.02154019,451853,-0.54731196,White
383,11,575905,2.89e-06,0.57038524,0.41397961,0.44649828,0.55350172,0.45944781,0.06150069,0.00123426,0.01793394,0.01786625,443182,0.15640563000000002,Black
384,12,575577,-0.00056665,0.61042513,0.37488752,0.38318051,0.61681949,0.50134779,0.06263378,0.00111723,0.04285396,0.01406518,435899,0.23553761,Black
385,1,571908,0.00074852,0.24768074,0.74133406,0.63907499,0.36092501,0.14970225,0.1750044,0.00108043,0.01156722,0.02741732,437789,-0.49365332,White
386,2,571186,-0.00051487,0.37683477,0.60901145,0.50528477,0.49471523,0.11160716,0.31760238,0.00207666,0.04662949,0.02822944,424238,-0.23217668000000002,White
387,3,572181,0.00122623,0.3506794,0.63122814,0.64964385,0.35035615,0.09448415,0.15144215,0.0018237,0.07240866,0.03499861,413445,-0.2805487400000001,White
388,4,571902,0.00073802,0.22361945,0.76541374,0.70115569,0.29884431,0.13987732,0.11361598,0.00160557,0.01080294,0.03517031,440343,-0.5417942899999999,White
389,5,571892,0.00072052,0.28229151,0.70444364,0.6505925,0.3494075,0.12752281,0.17263942,0.00147889,0.02230086,0.03077683,425320,-0.42215213,White
390,6,572276,0.00139246,0.26295548,0.72390626,0.61898052,0.38101948,0.15030886,0.19452836,0.00249797,0.01100189,0.02694337,443560,-0.46095078,White
391,7,570969,-0.00089458,0.58458783,0.40209198,0.26471083,0.73528917,0.22528721,0.21840969,0.00160779,0.2880542,0.01631395,427916,0.18249585000000002,Asian
392,8,572022,0.000948,0.26272797,0.72356407,0.63953969,0.36046031,0.06171532,0.2350567,0.00227212,0.0377785,0.03052765,421192,-0.4608361,White
393,9,570680,-0.00140029,0.81396161,0.1751401,0.12744206,0.87255794,0.48054621,0.29144247,0.00181837,0.10349588,0.02011152,429505,0.63882151,Black
394,10,571615,0.00023582,0.66975529,0.30935687,0.6794679,0.3205321,0.03531053,0.15340303,0.00208467,0.11093915,0.02159103,458107,0.36039842,White
395,11,571350,-0.00022789,0.22576516,0.7611375,0.45540138,0.54459862,0.05450309,0.45344661,0.00214953,0.0195548,0.02663519,421022,-0.53537234,Minority
396,12,570740,-0.00129529,0.40025002,0.58269393,0.61822444,0.38177556,0.08606168,0.17900318,0.00589002,0.08873136,0.0292224,430389,-0.18244391000000004,White
397,13,570628,-0.00149128,0.20947193,0.77427182,0.63555164,0.36444836,0.06921943,0.24209247,0.00165611,0.02632454,0.032621,432942,-0.5647998900000001,White
398,14,571265,-0.00037663,0.33143508,0.6566581,0.58427889,0.41572111,0.21103242,0.15675964,0.00107857,0.02850569,0.02272064,438544,-0.32522302000000003,White
399,15,571810,0.00057704,0.57266854,0.41774909,0.07615366,0.92384634,0.00945018,0.89547352,0.0004309,0.01778099,0.01554722,403802,0.15491945000000001,Hispanic
400,16,571955,0.00083076,0.64425673,0.34022061,0.14951423,0.85048577,0.05189436,0.77289619,0.0040672,0.02544923,0.02429809,418716,0.3040361200000001,Hispanic
401,17,571847,0.00064178,0.4891148,0.48798002,0.60222918,0.39777082,0.07234702,0.20705404,0.002843,0.09775975,0.02725468,424551,0.001134780000000002,White
402,18,570521,-0.00167851,0.78619504,0.20249331,0.10720134,0.89279866,0.42321398,0.42874227,0.00321412,0.04109469,0.02585368,412243,0.5837017299999999,Hispanic
403,19,571778,0.00052104,0.26992297,0.71588244,0.49308192,0.50691808,0.06776765,0.39770522,0.00150689,0.02537332,0.02638807,426708,-0.44595947,Minority
404,20,572324,0.00147645,0.7034907,0.28176242,0.18684264,0.81315736,0.07564527,0.71903547,0.00237504,0.01750961,0.0287899,435361,0.42172828,Hispanic
405,21,570780,-0.0012253,0.34515112,0.63964145,0.59195045,0.40804955,0.05554499,0.29066861,0.00344808,0.04266395,0.02729018,431254,-0.29449032999999997,White
406,22,571981,0.00087626,0.29755424,0.68568878,0.63642502,0.36357498,0.10305534,0.2016626,0.00151186,0.03789291,0.02523951,445809,-0.38813454,White
407,23,571195,-0.00049912,0.57010807,0.41464018,0.18453319,0.81546681,0.03692288,0.75849616,0.00219091,0.01658965,0.0256318,430871,0.15546788999999994,Hispanic
408,24,572267,0.00137671,0.5993627,0.38554912,0.54745816,0.45254184,0.15924409,0.2092142,0.00163449,0.06942694,0.02289786,464978,0.21381358,White
409,25,571483,4.84e-06,0.33756062,0.64615237,0.6480707,0.3519293,0.08413201,0.19596903,0.00236045,0.04451742,0.03112441,428731,-0.30859175000000005,White
410,26,571848,0.00064353,0.27790614,0.70739514,0.72318718,0.27681282,0.05695267,0.14400751,0.00200387,0.04295107,0.03427458,431165,-0.429489,White
411,27,570816,-0.00116231,0.26323684,0.72536403,0.51148464,0.48851536,0.07023972,0.3875256,0.0010916,0.01461182,0.02321643,436975,-0.46212719,White
412,28,572198,0.00125597,0.55953709,0.43083366,0.06525303,0.93474697,0.0080255,0.91662017,0.00067458,0.0058728,0.013437,403215,0.12870342999999995,Hispanic
413,29,572066,0.001025,0.64855915,0.33988782,0.11120166,0.88879834,0.13993165,0.71372854,0.001237,0.03596039,0.02836859,412287,0.30867132999999997,Hispanic
414,30,571413,-0.00011765,0.79136044,0.19721211,0.15427585,0.84572415,0.52889318,0.26280638,0.00151867,0.05027726,0.02292682,415496,0.5941483300000001,Black
415,31,571639,0.00027781,0.45531319,0.52351232,0.47035525,0.52964475,0.22829165,0.24102911,0.01054566,0.0429526,0.03140551,423397,-0.06819913000000005,Minority
416,32,571667,0.00032681,0.64634496,0.33944027,0.22675004,0.77324996,0.20850227,0.51298422,0.00155342,0.04310977,0.03505691,409420,0.30690469,Hispanic
417,33,571504,4.158e-05,0.68604568,0.29945599,0.19866339,0.80133661,0.15044696,0.59486444,0.00186592,0.04819025,0.03465281,420168,0.38658969,Hispanic
418,34,571876,0.00069253,0.59607306,0.39321276,0.07312967,0.92687033,0.00508832,0.91449623,0.0006086,0.00643523,0.01376092,400918,0.20286030000000005,Hispanic
419,35,570854,-0.00109581,0.54917587,0.43458364,0.32062125,0.67937875,0.11415149,0.52536765,0.00404769,0.03417506,0.03052021,427651,0.11459223000000002,Hispanic
420,36,571751,0.0004738,0.37121185,0.6127617,0.53430652,0.46569348,0.12865617,0.25200638,0.00174996,0.06536545,0.02607188,428009,-0.24154984999999995,White
421,37,570820,-0.00115531,0.75727468,0.22013938,0.40945195,0.59054805,0.13336809,0.35719366,0.00276322,0.08930007,0.03099185,452732,0.5371353,Minority
422,38,571261,-0.00038363,0.38196543,0.60365049,0.53457481,0.46542519,0.1262555,0.23145292,0.00250504,0.08967141,0.02639708,419554,-0.22168506000000004,White
423,39,571973,0.00086226,0.46423316,0.52143326,0.30632537,0.69367463,0.03685466,0.62174834,0.00175993,0.02469218,0.02209617,432971,-0.05720010000000003,Hispanic
424,40,571462,-3.191e-05,0.58481507,0.39857243,0.32204622,0.67795378,0.08910773,0.51317452,0.00398812,0.07115317,0.02956926,437549,0.18624264000000001,Hispanic
425,41,571368,-0.00019639,0.5566776,0.42741077,0.41885948,0.58114052,0.14155574,0.2202443,0.00197991,0.20396653,0.02491555,446990,0.12926683,Minority
426,42,570911,-0.00099607,0.53622113,0.44598136,0.48553387,0.51446613,0.11891894,0.16913757,0.00183826,0.20812167,0.02359095,443899,0.09023977000000005,Minority
427,43,571234,-0.00043087,0.5108426,0.47207552,0.51770754,0.48229246,0.1317039,0.15738188,0.00228725,0.17214901,0.02540804,414908,0.03876708000000001,White
428,44,571347,-0.00023314,0.57597496,0.40345401,0.42691323,0.57308677,0.08022468,0.44698574,0.00750793,0.03137643,0.03235694,428347,0.17252095000000006,Hispanic
429,45,570611,-0.00152102,0.67853393,0.30613276,0.27232965,0.72767035,0.28448832,0.38764493,0.00219881,0.04743449,0.02442172,421592,0.37240116999999995,Hispanic
430,46,572277,0.00139421,0.39550207,0.58988744,0.54276959,0.45723041,0.13686781,0.24386291,0.00326037,0.05251571,0.0324241,428786,-0.19438537000000006,White
431,47,570949,-0.00092958,0.59896695,0.38527664,0.2977641,0.7022359,0.08883774,0.54599317,0.00140093,0.06113805,0.03173957,429716,0.21369031,Hispanic
432,48,570588,-0.00156127,0.59775689,0.38881134,0.39070223,0.60929777,0.1277078,0.3301947,0.00181471,0.14384553,0.02225539,446903,0.20894554999999998,Minority
433,49,570997,-0.00084559,0.53131374,0.45480351,0.30205504,0.69794496,0.19774992,0.36616402,0.00205097,0.12758854,0.02770126,417851,0.07651022999999996,Hispanic
434,50,571984,0.00088151,0.39213932,0.59306521,0.47024297,0.52975703,0.13652286,0.26284427,0.00142627,0.11550112,0.02142786,413667,-0.20092589,Minority
435,51,571523,7.483e-05,0.17972007,0.80773772,0.75768254,0.24231746,0.03071698,0.1708393,0.00238583,0.01099106,0.03032593,455188,-0.62801765,White
436,1,545471,0.00036985,0.23582817,0.71058824,0.84948477,0.15051523,0.00793282,0.09633434,0.0066187,0.01709162,0.02453565,374394,-0.47476007,White
437,2,545664,0.0007238,0.22061706,0.73451596,0.83275669,0.16724331,0.00953779,0.09473271,0.01072471,0.01630612,0.03802107,376607,-0.5138988999999999,White
438,3,545743,0.00086868,0.29300944,0.63744127,0.79569295,0.20430705,0.0130593,0.12171325,0.01837602,0.03677862,0.01858061,376360,-0.34443182999999994,White
439,4,544948,-0.00058931,0.56190958,0.39309359,0.80088303,0.19911697,0.01926837,0.09431412,0.01003732,0.05721128,0.01676749,414254,0.16881599000000003,White
440,5,544824,-0.00081672,0.56307354,0.38676743,0.58826132,0.41173868,0.03112869,0.2706692,0.03163818,0.05936197,0.03140704,402362,0.17630610999999996,White
441,6,544966,-0.0005563,0.35737115,0.58020639,0.78512605,0.21487395,0.02077227,0.13439751,0.01098733,0.03239895,0.02287186,380074,-0.22283523999999993,White
442,1,575424,-3.82e-06,0.4229445,0.55870347,0.72555625,0.27444375,0.16223607,0.04116866,0.00216026,0.0494585,0.02140603,452723,-0.13575896999999998,White
443,2,575554,0.0002221,0.52025778,0.45809221,0.60321768,0.39678232,0.22129459,0.07812149,0.00438553,0.08336501,0.0223544,449889,0.06216557,White
444,3,575804,0.00065656,0.7060057,0.27358713,0.40002118,0.59997882,0.4795277,0.07137893,0.00415425,0.04154248,0.02312083,453271,0.43241856999999995,Black
445,4,574531,-0.00155572,0.7034208,0.2791792,0.44892019,0.55107981,0.41271748,0.0911635,0.00156207,0.03764378,0.0191299,454524,0.42424159999999994,Minority
446,5,575619,0.00033506,0.36635887,0.6169479,0.69394058,0.30605942,0.24767128,0.02809535,0.00093192,0.01236462,0.01768496,464632,-0.25058903,White
447,6,575591,0.0002864,0.41685199,0.56277349,0.80383233,0.19616767,0.10067922,0.03882351,0.00118714,0.03644709,0.01851764,465826,-0.14592149999999998,White
448,7,576246,0.00142468,0.56262006,0.41791909,0.48266615,0.51733385,0.24511825,0.18107553,0.0033132,0.07950981,0.02628724,425872,0.14470096999999998,Minority
449,8,575865,0.00076257,0.77066452,0.20609028,0.59196107,0.40803893,0.11953588,0.13086447,0.00213951,0.14681354,0.01593394,462723,0.56457424,White
450,9,575371,-9.593e-05,0.23745878,0.75056651,0.88824532,0.11175468,0.06465521,0.02123055,0.00089947,0.00612966,0.017419,468052,-0.51310773,White
451,10,574993,-0.00075283,0.63718222,0.34275054,0.53330516,0.46669484,0.08701082,0.13510825,0.00202533,0.23309811,0.0152149,421166,0.29443168000000003,White
452,11,574450,-0.00169648,0.72132521,0.25909987,0.44898485,0.55101515,0.13779314,0.20240442,0.00260288,0.20253901,0.01968245,438360,0.46222534000000004,Minority
453,12,574889,-0.00093357,0.53627366,0.44742181,0.51736461,0.48263539,0.38710627,0.0490192,0.00275046,0.03135255,0.02188637,451925,0.08885185000000001,White
454,13,575335,-0.00015849,0.5526555,0.42770429,0.72201847,0.27798153,0.13026859,0.05631036,0.00130512,0.07420598,0.01553534,452066,0.12495120999999998,White
455,14,575892,0.00080949,0.37189554,0.60832472,0.79881307,0.20118693,0.07138712,0.08706983,0.00142307,0.02319164,0.02060343,449731,-0.23642918000000002,White
456,15,575829,7e-04,0.63475651,0.34557608,0.50377164,0.49622836,0.11127485,0.17407332,0.00216673,0.19977711,0.0185128,434294,0.28918043,White
457,1,643077,0,0.66086417,0.30673765,0.90402721,0.09597279,0.01723224,0.02118853,0.00098764,0.02224099,0.0243669,524482,0.35412652,White
458,1,591969,-0.0012568,0.55564184,0.41021366,0.7710278,0.2289722,0.02124574,0.09600345,0.00789273,0.05726484,0.04571917,470306,0.14542818000000007,White
459,2,592767,8.955e-05,0.68665217,0.28100788,0.6178603,0.3821397,0.05751594,0.10011133,0.01113066,0.18934609,0.02794831,464393,0.40564429,White
460,3,592791,0.00013004,0.49620174,0.47183085,0.76825121,0.23174879,0.02935548,0.09401452,0.01343599,0.0600286,0.03614386,454600,0.02437088999999998,White
461,4,592365,-0.00058869,0.37323653,0.59679227,0.64693161,0.35306839,0.01499709,0.26773759,0.00480924,0.02081903,0.04870452,444353,-0.22355574,White
462,5,592300,-0.00069835,0.46392412,0.49824464,0.81825802,0.18174198,0.02954752,0.05770587,0.00963837,0.04287102,0.03968109,466469,-0.03432052000000002,White
463,6,592446,-0.00045203,0.53751869,0.42588459,0.7875483,0.2124517,0.02802763,0.06773118,0.01175687,0.05326598,0.05218057,481846,0.11163409999999996,White
464,7,592480,-0.00039466,0.88289064,0.09207161,0.66053118,0.33946882,0.05406235,0.07346647,0.00621223,0.18497966,0.02246793,508191,0.79081903,White
465,8,592236,-0.00080633,0.69011605,0.28026563,0.52691631,0.47308369,0.05966707,0.08439007,0.01019085,0.3035915,0.01978617,463455,0.40985042,White
466,9,593613,0.00151688,0.7330569,0.24094379,0.44982418,0.55017582,0.14889269,0.14513781,0.025801,0.21573774,0.03310004,469788,0.49211311,Minority
467,10,593136,0.00071211,0.61508248,0.34762356,0.66561186,0.33438814,0.09029868,0.09822582,0.02158753,0.09890498,0.03798814,466751,0.26745892,White
468,11,593088,0.00063113,0.57667654,0.38771343,0.71104331,0.28895669,0.02465285,0.0699091,0.0067063,0.15673942,0.02779192,443762,0.18896311,White
469,12,592635,-0.00013316,0.39708451,0.57231804,0.65416908,0.34583092,0.01353377,0.25348207,0.00402453,0.02609711,0.05355916,441045,-0.17523352999999997,White
470,13,593455,0.00125031,0.4756384,0.48840637,0.67850933,0.32149067,0.07417784,0.098886,0.02570209,0.09235541,0.04118693,449730,-0.012767969999999962,White
471,1,589071,-0.00051037,0.4840792,0.49814588,0.77463286,0.22536714,0.07827796,0.10857855,0.00113453,0.01814806,0.01966876,458341,-0.014066679999999998,White
472,2,589732,0.00061116,0.73368132,0.24972828,0.79629316,0.20370684,0.05599046,0.06052123,0.00125878,0.0692649,0.01526011,471884,0.48395303999999995,White
473,3,589730,0.00060777,0.51756311,0.46398602,0.91125804,0.08874196,0.01443289,0.03011826,0.00097247,0.02145071,0.01659923,460684,0.053577089999999994,White
474,4,589694,0.00054668,0.73436621,0.24933993,0.47523978,0.52476022,0.36837353,0.09750755,0.00140369,0.05057545,0.01648446,447391,0.48502628000000003,Minority
475,5,589503,0.00022261,0.34620735,0.63846207,0.90810226,0.09189774,0.01732231,0.03581644,0.00081509,0.0194757,0.01271499,462525,-0.29225471999999997,White
476,6,589242,-0.00022023,0.35160006,0.63251772,0.9123075,0.0876925,0.00743393,0.02344598,0.00078676,0.01884745,0.03239241,458842,-0.28091765999999996,White
477,7,589020,-0.00059691,0.40982276,0.57227399,0.91703747,0.08296253,0.01125373,0.01722732,0.00105303,0.01118524,0.0350368,467223,-0.16245123,White
478,8,589097,-0.00046626,0.48510133,0.49488209,0.84385334,0.15614666,0.03098928,0.05856943,0.0011981,0.03524361,0.02917035,459062,-0.00978076,White
479,9,589802,0.00072993,0.53302528,0.44933857,0.73842538,0.26157462,0.04995794,0.14383612,0.0011295,0.05074057,0.02148642,461268,0.08368671000000005,White
480,10,588827,-0.00092437,0.37956227,0.60320488,0.89430421,0.10569579,0.01850649,0.04222499,0.00108583,0.02292509,0.01740991,465080,-0.22364261000000007,White
481,1,598217,0.00052126,0.30620049,0.67567669,0.90999244,0.09000756,0.03298158,0.01596885,0.00094032,0.01359734,0.01964521,482815,-0.3694762,White
482,2,598336,0.00072029,0.27643639,0.7079598,0.8868186,0.1131814,0.05423579,0.02263164,0.00085211,0.01041098,0.02124168,474115,-0.43152341000000005,White
483,3,597163,-0.00124156,0.30879225,0.67476996,0.91013903,0.08986097,0.04479393,0.01059449,0.00063865,0.00996634,0.01993899,476002,-0.36597771,White
484,1,576851,2.774e-05,0.26553574,0.69936227,0.83845451,0.16154549,0.01343191,0.08644868,0.00228623,0.01477329,0.04176627,441337,-0.43382652999999993,White
485,1,572430,-0.00065194,0.34969503,0.62646288,0.69505797,0.30494203,0.02565799,0.17358016,0.00636438,0.04239427,0.064018,448905,-0.27676785000000004,White
486,2,573015,0.00036935,0.69432413,0.27770375,0.64974124,0.35025876,0.02357572,0.21338828,0.00708011,0.05077846,0.06597373,459880,0.41662038,White
487,3,573482,0.00118464,0.48948941,0.48612386,0.72767334,0.27232666,0.02026751,0.12978397,0.00641265,0.0829073,0.03698699,450672,0.003365549999999995,White
488,4,573110,0.0005352,0.61546336,0.35946102,0.47212548,0.52787452,0.08848431,0.26598129,0.01311172,0.14681783,0.04060539,454250,0.25600234,Minority
489,5,572426,-0.00065893,0.40616854,0.57139092,0.63821967,0.36178033,0.02865512,0.22392488,0.0084535,0.07074552,0.03918326,451647,-0.16522238,White
490,6,572493,-0.00054196,0.57902233,0.39326506,0.60988353,0.39011647,0.07659798,0.15889106,0.01099,0.12376615,0.0347533,454777,0.18575727000000003,White
491,7,573103,0.00052298,0.69075557,0.28703284,0.28087588,0.71912412,0.14419418,0.23972428,0.02746998,0.31209282,0.03340943,431016,0.40372273,Asian
492,8,573352,0.00095768,0.78480769,0.1952495,0.27148879,0.72851121,0.16725318,0.31272022,0.01363893,0.23387685,0.03460834,448129,0.58955819,Hispanic
493,9,572624,-0.00031326,0.59234986,0.38572511,0.27982171,0.72017829,0.10579956,0.39866473,0.01343535,0.20580806,0.03948922,423584,0.20662475000000002,Hispanic
494,10,572952,0.00025937,0.7028487,0.27612133,0.5545425,0.4454575,0.03690637,0.13855056,0.00766019,0.25273714,0.01932957,446725,0.42672737,White
495,11,573216,0.00072026,0.88094781,0.09944653,0.48941892,0.51058108,0.05939232,0.13184302,0.00603314,0.30471964,0.0198793,509022,0.78150128,Minority
496,12,572695,-0.00018931,0.91573631,0.063416,0.37370366,0.62629634,0.19331955,0.19861371,0.00821167,0.22405995,0.0307066,473351,0.85232031,Minority
497,13,573417,0.00107116,0.55365013,0.42233716,0.30323479,0.69676521,0.04126013,0.55384338,0.00958898,0.08145643,0.04920834,410784,0.13131296999999997,Hispanic
498,14,572295,-0.00088763,0.64025058,0.33767895,0.40051197,0.59948803,0.09161507,0.23465823,0.01275046,0.25491361,0.0298124,429318,0.30257163000000004,Minority
499,15,572333,-0.00082128,0.7798362,0.20115013,0.22601829,0.77398171,0.05498176,0.20269782,0.01460119,0.50405201,0.0198002,472975,0.5786860699999999,Asian
500,16,573207,0.00070454,0.79564342,0.18434775,0.48125656,0.51874344,0.0312971,0.208355,0.01489383,0.25467154,0.02025288,453812,0.61129567,Minority
501,17,572327,-0.00083176,0.70320522,0.27947156,0.16680137,0.83319863,0.03045025,0.15940751,0.00948101,0.63597366,0.01726121,450374,0.42373365999999996,Asian
502,18,572760,-7.583e-05,0.6953435,0.28343538,0.30339686,0.69660314,0.03037068,0.57290198,0.00889006,0.08273464,0.04783854,429131,0.41190812,Hispanic
503,19,573207,0.00070454,0.55135131,0.42407072,0.53705122,0.46294878,0.02558989,0.35363451,0.00508433,0.06150781,0.04158219,451780,0.12728059000000003,White
504,20,573236,0.00075517,0.35467951,0.62235471,0.49138324,0.50861676,0.0447939,0.36560057,0.00478407,0.06728894,0.04658556,423071,-0.2676752,Minority
505,21,573695,0.00155649,0.6143273,0.36387075,0.25135121,0.74864879,0.07995877,0.51382154,0.00464211,0.14397598,0.0446154,410374,0.25045655,Hispanic
506,22,572587,-0.00037785,0.5948942,0.38083886,0.15584124,0.84415876,0.06718027,0.72018795,0.00334876,0.04836855,0.0392668,419260,0.21405534000000004,Hispanic
507,23,573209,0.00070804,0.39078507,0.58625555,0.53026628,0.46973372,0.06602716,0.32103938,0.00703594,0.05469339,0.0440786,435336,-0.19547047999999995,White
508,24,572601,-0.00035341,0.70364272,0.27431181,0.41933099,0.58066901,0.02734637,0.45579947,0.00517394,0.08330928,0.04064095,450334,0.42933091000000007,Hispanic
509,25,572974,0.00029777,0.59636003,0.385247,0.25439638,0.74560362,0.04316112,0.65377628,0.00325666,0.03950943,0.03863211,435415,0.21111303000000003,Hispanic
510,26,572761,-7.408e-05,0.57525239,0.40459247,0.61572199,0.38427801,0.02382193,0.23074392,0.00432845,0.11131404,0.02456837,452818,0.17065991999999996,White
511,27,572362,-0.00077066,0.58252822,0.39232209,0.24250385,0.75749615,0.17875435,0.51334458,0.00614697,0.05712004,0.04362469,414513,0.19020613000000003,Hispanic
512,28,572921,0.00020525,0.6746068,0.30659083,0.13740079,0.86259921,0.02124846,0.30919931,0.00302098,0.53327297,0.02215389,462763,0.36801596999999997,Asian
513,29,572884,0.00014065,0.74718156,0.23196199,0.34586725,0.65413275,0.06127034,0.4801207,0.00349478,0.1074251,0.03194571,456681,0.51521957,Hispanic
514,30,573005,0.00035189,0.6622259,0.31766378,0.55690535,0.44309465,0.05631258,0.21410105,0.00339335,0.16578192,0.02135263,471511,0.34456212,White
515,31,572253,-0.00096095,0.62644137,0.35247462,0.24127587,0.75872413,0.04084322,0.53152034,0.00449644,0.18328128,0.03707963,453025,0.27396675,Hispanic
516,32,573040,0.000413,0.65119913,0.32982405,0.46327816,0.53672184,0.05803881,0.2914628,0.00404478,0.17993311,0.02256836,461088,0.32137508,Minority
517,33,572781,-3.917e-05,0.64219733,0.33319476,0.18469589,0.81530411,0.11856608,0.6196558,0.00607028,0.0723561,0.04027651,416620,0.30900257000000003,Hispanic
518,34,572174,-0.00109887,0.82836513,0.15024597,0.26386464,0.73613536,0.05762537,0.50506533,0.00389139,0.16995757,0.03799366,474895,0.67811916,Hispanic
519,35,572618,-0.00032373,0.60339533,0.37612794,0.1724944,0.8275056,0.06924325,0.56159808,0.00527071,0.19418636,0.03622376,435046,0.22726739,Hispanic
520,36,572306,-0.00086842,0.68209016,0.29573743,0.56540568,0.43459432,0.04718645,0.14891042,0.00664915,0.22133855,0.01893286,470135,0.38635273,White
521,37,572653,-0.00026263,0.88460829,0.09617394,0.07250161,0.92749839,0.37238214,0.51727445,0.00316581,0.04057317,0.03673723,432749,0.78843435,Hispanic
522,38,572682,-0.000212,0.65030014,0.327413,0.16233831,0.83766169,0.02811034,0.68129158,0.00500275,0.1246343,0.04280802,444356,0.32288714,Hispanic
523,39,573228,0.00074121,0.65188574,0.32578429,0.18923661,0.81076339,0.11602891,0.61881131,0.00675999,0.06922772,0.04035913,418344,0.32610145,Hispanic
524,40,572837,5.86e-05,0.48020621,0.50047221,0.63733638,0.36266362,0.01987117,0.18038948,0.00494969,0.14408077,0.02084092,455786,-0.02026599999999995,White
525,41,572930,0.00022096,0.489879,0.49178569,0.51584413,0.48415587,0.06772934,0.31847342,0.00736301,0.07790622,0.03629381,443161,-0.0019066899999999887,White
526,42,573344,0.00094372,0.68251678,0.29401165,0.27768924,0.72231076,0.08634421,0.51212126,0.00829157,0.11577035,0.03759834,452387,0.38850513000000003,Hispanic
527,43,572974,0.00029777,0.7216671,0.25422285,0.17041529,0.82958471,0.12915363,0.52014606,0.01485782,0.17307017,0.03677192,441451,0.46744425,Hispanic
528,44,573257,0.00079183,0.81432274,0.16506407,0.07092953,0.92907047,0.29858856,0.51602501,0.01016792,0.11302679,0.03488748,439126,0.64925867,Hispanic
529,45,573335,0.00092801,0.52765184,0.45442795,0.21159685,0.78840315,0.03147321,0.29136905,0.0091763,0.45679042,0.02300986,455848,0.07322388999999996,Asian
530,46,572437,-0.00063972,0.66900865,0.30975021,0.13670165,0.86329835,0.02303241,0.67614584,0.00568935,0.15974562,0.04719946,432738,0.35925843999999996,Hispanic
531,47,572362,-0.00077066,0.49848837,0.48002628,0.62071634,0.37928366,0.02000607,0.1840208,0.00734646,0.15461356,0.02248198,467708,0.018462089999999987,White
532,48,572576,-0.00039706,0.41049922,0.56722785,0.62655946,0.37344054,0.03924412,0.21869083,0.0088395,0.08416884,0.03968767,444143,-0.15672862999999998,White
533,49,572298,-0.00088239,0.57541401,0.40033468,0.54031336,0.45968664,0.04093667,0.30405196,0.01162765,0.09420725,0.03179778,446006,0.17507933000000003,White
534,50,572615,-0.00032897,0.6680635,0.30728078,0.59444652,0.40555348,0.05394259,0.17103195,0.00895429,0.16000223,0.02114047,484237,0.36078272000000006,White
535,51,572669,-0.0002347,0.71761514,0.25927467,0.35156736,0.64843264,0.11696351,0.37421028,0.01022491,0.14919847,0.03133399,455065,0.45834047000000006,Hispanic
536,52,573000,0.00034316,0.64286575,0.33602904,0.18588328,0.81411672,0.0723247,0.57964275,0.01108545,0.16461144,0.03245998,438232,0.30683671,Hispanic
537,53,572501,-0.00052799,0.77114796,0.20819314,0.64378386,0.35621614,0.02798863,0.21876352,0.00600452,0.08296621,0.03206521,462152,0.56295482,White
538,54,573023,0.00038332,0.56500144,0.40921496,0.47106809,0.52893191,0.09606199,0.24513235,0.01427148,0.15653583,0.04415893,430649,0.15578647999999995,Minority
539,55,573304,0.00087389,0.409444,0.56958969,0.53567237,0.46432763,0.03304783,0.30962301,0.00631573,0.08867263,0.04905435,439696,-0.16014569000000006,White
540,56,571967,-0.00146025,0.4639674,0.51501812,0.29357378,0.70642622,0.0271974,0.60899849,0.00352619,0.05561828,0.03958382,402134,-0.05105072000000005,Hispanic
541,57,572292,-0.00089286,0.77685246,0.2030821,0.21521378,0.78478622,0.10837503,0.29213174,0.02303083,0.3684179,0.03027327,451091,0.5737703599999999,Asian
542,58,573315,0.00089309,0.76250497,0.21555264,0.33648101,0.66351899,0.02115722,0.12305998,0.00569898,0.50777998,0.01428173,452186,0.54695233,Asian
543,59,572491,-0.00054545,0.72705254,0.25241541,0.23841268,0.76158732,0.0420784,0.38588763,0.00848444,0.3265186,0.03407658,453772,0.47463712999999996,Hispanic
544,60,572144,-0.00115124,0.72968074,0.24511998,0.56376666,0.43623334,0.02679796,0.20772659,0.00661517,0.18018358,0.02997879,453654,0.48456076000000003,White
545,61,572390,-0.00072177,0.60066166,0.37818334,0.31023201,0.68976799,0.04870681,0.52053333,0.00393293,0.11311798,0.03550355,438604,0.22247832,Hispanic
546,62,572468,-0.0005856,0.77736769,0.20629467,0.60223735,0.39776265,0.05913421,0.14713611,0.00402245,0.17662527,0.01645215,493978,0.5710730199999999,White
547,63,572646,-0.00027485,0.79922241,0.17935405,0.15132408,0.84867592,0.09970335,0.53067362,0.00285819,0.21756057,0.04101076,461830,0.6198683600000001,Hispanic
548,64,573202,0.00069581,0.80547739,0.16996758,0.02520738,0.97479262,0.03316437,0.92146376,0.00223997,0.0219243,0.04884181,422773,0.63550981,Hispanic
549,65,573067,0.00046013,0.55278769,0.42813634,0.26557782,0.73442218,0.02947876,0.30171202,0.00484624,0.39868887,0.02153908,460976,0.12465135000000005,Asian
550,66,572711,-0.00016137,0.59324131,0.38471445,0.40004612,0.59995388,0.02911579,0.21260295,0.00513352,0.34813442,0.01830769,450958,0.20852686000000004,Minority
551,67,573073,0.00047061,0.5750676,0.40414637,0.25661203,0.74338797,0.09127165,0.52773561,0.00525703,0.11876513,0.03492503,429520,0.17092123000000004,Hispanic
552,68,573067,0.00046013,0.4771158,0.50329774,0.40391003,0.59608997,0.07170294,0.40109177,0.00771663,0.10926315,0.03440019,438922,-0.02618194000000007,Minority
553,69,572728,-0.00013169,0.5957473,0.38138281,0.4845745,0.5154255,0.03160807,0.20911617,0.00696819,0.26094222,0.02029755,439856,0.21436448999999996,Minority
554,1,582006,-0.00036691,0.29644377,0.68444607,0.68747808,0.31252192,0.1384922,0.11962809,0.0012141,0.03350661,0.02196929,450538,-0.3880023,White
555,2,582543,0.00055542,0.76684242,0.21605701,0.33838757,0.66161243,0.51860113,0.0973965,0.00124517,0.04372521,0.01701735,457768,0.55078541,Black
556,3,582144,-0.00012989,0.32290431,0.66086821,0.63808936,0.36191064,0.26163199,0.05438765,0.00086655,0.01630009,0.03135776,444292,-0.33796389999999993,White
557,4,581526,-0.00119135,0.23219114,0.75090567,0.72687262,0.27312738,0.18455273,0.04677045,0.00185832,0.02092392,0.01994538,435339,-0.51871453,White
558,5,582107,-0.00019344,0.21092236,0.77518155,0.73311214,0.26688786,0.17650061,0.0416037,0.00122015,0.01703954,0.02956341,446667,-0.56425919,White
559,6,581994,-0.00038753,0.54179565,0.44210522,0.4236861,0.5763139,0.51523041,0.0348965,0.00108138,0.01264161,0.01692442,444801,0.09969042999999994,Black
560,7,582965,0.00128023,0.24873083,0.73270612,0.72752001,0.27247999,0.17279015,0.05584726,0.00089843,0.021831,0.0194269,442994,-0.48397529,White
561,8,582472,0.00043347,0.60068618,0.38228127,0.40017494,0.59982506,0.52400652,0.04866685,0.00094835,0.01914319,0.01174386,448149,0.21840490999999995,Black
562,1,559666,0.00022957,0.81659469,0.16790689,0.38002433,0.61997567,0.53583255,0.03455382,0.00107896,0.03508653,0.0174304,443019,0.6486877999999999,Black
563,2,559515,-4.029e-05,0.59169428,0.39141416,0.76409356,0.23590644,0.11567952,0.03698251,0.00103104,0.06117152,0.0169672,444210,0.20028012,White
564,3,559460,-0.00013859,0.42957738,0.55321149,0.83968194,0.16031806,0.04950992,0.03236289,0.00109395,0.05235465,0.01916379,432378,-0.12363411000000002,White
565,4,559658,0.00021528,0.28839636,0.69342305,0.90800192,0.09199808,0.02295494,0.01867245,0.00107004,0.00995926,0.02928022,431759,-0.40502669,White
566,5,559761,0.00039936,0.36444734,0.61376183,0.8322394,0.1677606,0.06878385,0.03874997,0.00271946,0.02523795,0.02772695,433910,-0.24931448999999994,White
567,6,559596,0.00010447,0.55189413,0.42806273,0.61646669,0.38353331,0.25248835,0.07807345,0.0045056,0.02016185,0.03284743,423473,0.12383139999999998,White
568,7,559233,-0.00054428,0.54688771,0.433276,0.7466513,0.2533487,0.09889331,0.08359154,0.0042188,0.03767934,0.02930155,434721,0.11361171000000003,White
569,8,559601,0.00011341,0.24858934,0.73476185,0.89832113,0.10167887,0.03526269,0.02475935,0.00175943,0.00985512,0.02534506,431958,-0.48617251000000006,White
570,9,559286,-0.00044956,0.20222624,0.78183277,0.88370941,0.11629059,0.01371079,0.03601623,0.00444333,0.01016453,0.045543,428057,-0.57960653,White
571,10,559523,-2.6e-05,0.30205031,0.67963696,0.86173265,0.13826735,0.02764159,0.0432935,0.00251765,0.02006808,0.03953988,437710,-0.37758664999999997,White
572,11,559614,0.00013664,0.20812592,0.77842708,0.85287869,0.14712131,0.06712444,0.02786493,0.00177019,0.01516976,0.03023593,434417,-0.5703011600000001,White
